
     _ _       _ _   _       _           _
 ___|_| |_ _ _|_| |_| |_ _ _| |_ ___ ___| |
|  _| | . | | | | | . | | | |   | -_| -_| |
|___|_|___|___|_|_|___|_____|_|_|___|___|_|

cibuildwheel version 2.21.3

Build options:
  platform: linux
  allow_empty: False
  architectures: x86_64
  build_selector: 
    build_config: *
    skip_config: pp*
    requires_python: >=3.10
    prerelease_pythons: False
    free_threaded_support: False
  output_dir: /home/balazs/Development/geodepot-api/wheelhouse
  package_dir: /home/balazs/Development/geodepot-api
  test_selector: 
    skip_config:
  before_all: 
  before_build: 
    *: yum install -y cmake libcurl openssl-devel
    cp310-musllinux_x86_64, cp311-musllinux_x86_64, cp312-musllinux_x86_64, cp313-musllinux_x86_64: apk add cmake libcurl openssl
  before_test: 
  build_frontend: build[uv]
  build_verbosity: 0
  config_settings: 
  container_engine: docker
  dependency_constraints: pinned
  environment: 
  manylinux_images: 
    x86_64: quay.io/pypa/manylinux2014_x86_64:2024.10.07-1
    i686: quay.io/pypa/manylinux2014_i686:2024.10.07-1
    pypy_x86_64: quay.io/pypa/manylinux2014_x86_64:2024.10.07-1
    aarch64: quay.io/pypa/manylinux2014_aarch64:2024.10.07-1
    ppc64le: quay.io/pypa/manylinux2014_ppc64le:2024.10.07-1
    s390x: quay.io/pypa/manylinux2014_s390x:2024.10.07-1
    pypy_aarch64: quay.io/pypa/manylinux2014_aarch64:2024.10.07-1
    pypy_i686: quay.io/pypa/manylinux2014_i686:2024.10.07-1
  musllinux_images: 
    x86_64: quay.io/pypa/musllinux_1_2_x86_64:2024.10.07-1
    i686: quay.io/pypa/musllinux_1_2_i686:2024.10.07-1
    aarch64: quay.io/pypa/musllinux_1_2_aarch64:2024.10.07-1
    ppc64le: quay.io/pypa/musllinux_1_2_ppc64le:2024.10.07-1
    s390x: quay.io/pypa/musllinux_1_2_s390x:2024.10.07-1
    armv7l: quay.io/pypa/musllinux_1_2_armv7l:2024.10.07-1
  repair_command: auditwheel repair --exclude nanobind -w {dest_dir} {wheel}
  test_command: pytest geodepot-py/tests
  test_extras: [dev]
  test_requires: 

Cache folder: /home/balazs/.cache/cibuildwheel

Here we go!

Starting container image quay.io/pypa/manylinux2014_x86_64:2024.10.07-1...

info: This container will host the build for cp310-manylinux_x86_64, cp311-manylinux_x86_64, cp312-manylinux_x86_64, cp313-manylinux_x86_64...
+ docker version -f '{{json .}}'
+ docker image inspect quay.io/pypa/manylinux2014_x86_64:2024.10.07-1 --format '{{.Os}}/{{.Architecture}}'
ad7806f82208b9c8db966f6726834422268228ec8dfddc54a4ec61ca951b5e4e
    + /bin/true
    + mkdir -p /project
    + manylinux-interpreters --help
    + manylinux-interpreters ensure cp310-cp310
'cp310-cp310' already installed at '/opt/python/cp310-cp310'
    + test -x /opt/python/cp310-cp310/bin/python
    + manylinux-interpreters ensure cp311-cp311
'cp311-cp311' already installed at '/opt/python/cp311-cp311'
    + test -x /opt/python/cp311-cp311/bin/python
    + manylinux-interpreters ensure cp312-cp312
'cp312-cp312' already installed at '/opt/python/cp312-cp312'
    + test -x /opt/python/cp312-cp312/bin/python
    + manylinux-interpreters ensure cp313-cp313
'cp313-cp313' already installed at '/opt/python/cp313-cp313'
    + test -x /opt/python/cp313-cp313/bin/python

                                                                       ✓ 0.74s
Copying project into container...

    + mkdir -p /project

                                                                       ✓ 0.29s

Building cp310-manylinux_x86_64 wheel
CPython 3.10 manylinux x86_64

Setting up build environment...

    + /opt/python/cp38-cp38/bin/python -c 'import sys, json, os; json.dump(os.environ.copy(), sys.stdout)'
    + which python
    + which uv

                                                                       ✓ 0.15s
Running before_build...

    + sh -c 'yum install -y cmake libcurl openssl-devel'
Loaded plugins: ovl
Package libcurl-7.29.0-59.el7_9.2.x86_64 already installed and latest version
Resolving Dependencies
--> Running transaction check
---> Package cmake.x86_64 0:2.8.12.2-2.el7 will be installed
--> Processing Dependency: libarchive.so.13()(64bit) for package: cmake-2.8.12.2-2.el7.x86_64
---> Package openssl-devel.x86_64 1:1.0.2k-26.el7_9 will be installed
--> Processing Dependency: krb5-devel(x86-64) for package: 1:openssl-devel-1.0.2k-26.el7_9.x86_64
--> Running transaction check
---> Package krb5-devel.x86_64 0:1.15.1-55.el7_9 will be installed
--> Processing Dependency: libverto-devel for package: krb5-devel-1.15.1-55.el7_9.x86_64
--> Processing Dependency: libselinux-devel for package: krb5-devel-1.15.1-55.el7_9.x86_64
--> Processing Dependency: libcom_err-devel for package: krb5-devel-1.15.1-55.el7_9.x86_64
--> Processing Dependency: keyutils-libs-devel for package: krb5-devel-1.15.1-55.el7_9.x86_64
---> Package libarchive.x86_64 0:3.1.2-14.el7_7 will be installed
--> Processing Dependency: liblzo2.so.2()(64bit) for package: libarchive-3.1.2-14.el7_7.x86_64
--> Running transaction check
---> Package keyutils-libs-devel.x86_64 0:1.5.8-3.el7 will be installed
---> Package libcom_err-devel.x86_64 0:1.42.9-19.el7 will be installed
---> Package libselinux-devel.x86_64 0:2.5-15.el7 will be installed
--> Processing Dependency: libsepol-devel(x86-64) >= 2.5-10 for package: libselinux-devel-2.5-15.el7.x86_64
--> Processing Dependency: pkgconfig(libsepol) for package: libselinux-devel-2.5-15.el7.x86_64
---> Package libverto-devel.x86_64 0:0.2.5-4.el7 will be installed
---> Package lzo.x86_64 0:2.06-8.el7 will be installed
--> Running transaction check
---> Package libsepol-devel.x86_64 0:2.5-10.el7 will be installed
--> Finished Dependency Resolution

Dependencies Resolved

================================================================================
 Package                  Arch        Version                Repository    Size
================================================================================
Installing:
 cmake                    x86_64      2.8.12.2-2.el7         base         7.1 M
 openssl-devel            x86_64      1:1.0.2k-26.el7_9      updates      1.5 M
Installing for dependencies:
 keyutils-libs-devel      x86_64      1.5.8-3.el7            base          37 k
 krb5-devel               x86_64      1.15.1-55.el7_9        updates      273 k
 libarchive               x86_64      3.1.2-14.el7_7         base         319 k
 libcom_err-devel         x86_64      1.42.9-19.el7          base          32 k
 libselinux-devel         x86_64      2.5-15.el7             base         187 k
 libsepol-devel           x86_64      2.5-10.el7             base          77 k
 libverto-devel           x86_64      0.2.5-4.el7            base          12 k
 lzo                      x86_64      2.06-8.el7             base          59 k

Transaction Summary
================================================================================
Install  2 Packages (+8 Dependent packages)

Total download size: 9.5 M
Installed size: 32 M
Downloading packages:
--------------------------------------------------------------------------------
Total                                              4.9 MB/s | 9.5 MB  00:01     
Running transaction check
Running transaction test
Transaction test succeeded
Running transaction
  Installing : keyutils-libs-devel-1.5.8-3.el7.x86_64                      1/10 
  Installing : libsepol-devel-2.5-10.el7.x86_64                            2/10 
  Installing : libselinux-devel-2.5-15.el7.x86_64                          3/10 
  Installing : lzo-2.06-8.el7.x86_64                                       4/10 
  Installing : libarchive-3.1.2-14.el7_7.x86_64                            5/10 
  Installing : libcom_err-devel-1.42.9-19.el7.x86_64                       6/10 
  Installing : libverto-devel-0.2.5-4.el7.x86_64                           7/10 
  Installing : krb5-devel-1.15.1-55.el7_9.x86_64                           8/10 
  Installing : 1:openssl-devel-1.0.2k-26.el7_9.x86_64                      9/10 
  Installing : cmake-2.8.12.2-2.el7.x86_64                                10/10 
  Verifying  : 1:openssl-devel-1.0.2k-26.el7_9.x86_64                      1/10 
  Verifying  : libselinux-devel-2.5-15.el7.x86_64                          2/10 
  Verifying  : libarchive-3.1.2-14.el7_7.x86_64                            3/10 
  Verifying  : libverto-devel-0.2.5-4.el7.x86_64                           4/10 
  Verifying  : cmake-2.8.12.2-2.el7.x86_64                                 5/10 
  Verifying  : krb5-devel-1.15.1-55.el7_9.x86_64                           6/10 
  Verifying  : libcom_err-devel-1.42.9-19.el7.x86_64                       7/10 
  Verifying  : lzo-2.06-8.el7.x86_64                                       8/10 
  Verifying  : libsepol-devel-2.5-10.el7.x86_64                            9/10 
  Verifying  : keyutils-libs-devel-1.5.8-3.el7.x86_64                     10/10 

Installed:
  cmake.x86_64 0:2.8.12.2-2.el7      openssl-devel.x86_64 1:1.0.2k-26.el7_9     

Dependency Installed:
  keyutils-libs-devel.x86_64 0:1.5.8-3.el7                                      
  krb5-devel.x86_64 0:1.15.1-55.el7_9                                           
  libarchive.x86_64 0:3.1.2-14.el7_7                                            
  libcom_err-devel.x86_64 0:1.42.9-19.el7                                       
  libselinux-devel.x86_64 0:2.5-15.el7                                          
  libsepol-devel.x86_64 0:2.5-10.el7                                            
  libverto-devel.x86_64 0:0.2.5-4.el7                                           
  lzo.x86_64 0:2.06-8.el7                                                       

Complete!

                                                                      ✓ 20.17s
Building wheel...

    + rm -rf /tmp/cibuildwheel/built_wheel
    + mkdir -p /tmp/cibuildwheel/built_wheel
    + python -m build /project --wheel --outdir=/tmp/cibuildwheel/built_wheel --installer=uv
* Creating isolated environment: venv+uv...
* Using external uv from /usr/local/bin/uv
* Installing packages in isolated environment:
  - nanobind
  - scikit-build-core
* Getting build dependencies for wheel...
* Installing packages in isolated environment:
  - ninja>=1.5
* Building wheel...
2024-10-15 13:22:02,639 - scikit_build_core - INFO - RUN: /usr/local/bin/cmake -E capabilities
2024-10-15 13:22:02,808 - scikit_build_core - INFO - CMake version: 3.30.4
*** scikit-build-core 0.10.7 using CMake 3.30.4 (wheel)
2024-10-15 13:22:02,812 - scikit_build_core - INFO - Build directory: /project/build/cp310-cp310-linux_x86_64
*** Configuring CMake...
2024-10-15 13:22:02,991 - scikit_build_core - INFO - RUN: /tmp/build-env-wz1cm6ml/lib/python3.10/site-packages/ninja/data/bin/ninja --version
2024-10-15 13:22:02,992 - scikit_build_core - INFO - Ninja version: 1.11.1
2024-10-15 13:22:02,993 - scikit_build_core - INFO - RUN: /usr/local/bin/cmake -S. -Bbuild/cp310-cp310-linux_x86_64 -DCMAKE_BUILD_TYPE:STRING=Release -Cbuild/cp310-cp310-linux_x86_64/CMakeInit.txt -DCMAKE_INSTALL_PREFIX=/tmp/tmph8lfsnqs/wheel/platlib -DCMAKE_MAKE_PROGRAM=/tmp/build-env-wz1cm6ml/lib/python3.10/site-packages/ninja/data/bin/ninja -DGD_BUILD_TESTING=OFF -DGD_BUILD_APPS=OFF -DGD_BUILD_BINDINGS=ON
loading initial cache file build/cp310-cp310-linux_x86_64/CMakeInit.txt
-- The C compiler identification is GNU 10.2.1
-- The CXX compiler identification is GNU 10.2.1
-- Detecting C compiler ABI info
-- Detecting C compiler ABI info - done
-- Check for working C compiler: /opt/rh/devtoolset-10/root/usr/bin/gcc - skipped
-- Detecting C compile features
-- Detecting C compile features - done
-- Detecting CXX compiler ABI info
-- Detecting CXX compiler ABI info - done
-- Check for working CXX compiler: /opt/rh/devtoolset-10/root/usr/bin/g++ - skipped
-- Detecting CXX compile features
-- Detecting CXX compile features - done
-- CPM: Adding package CURL@8.0.0 (8.0.0)
-- Using CMake version 3.30.4
-- CMake platform flags: UNIX GCC
-- curl version=[8.10.1]
-- Performing Test OPT_Wdouble_promotion
-- Performing Test OPT_Wdouble_promotion - Success
-- Performing Test OPT_Wenum_conversion
-- Performing Test OPT_Wenum_conversion - Success
-- Performing Test OPT_Wpragmas
-- Performing Test OPT_Wpragmas - Success
-- Performing Test OPT_Wunused_const_variable
-- Performing Test OPT_Wunused_const_variable - Success
-- Picky compiler options: -Werror-implicit-function-declaration -W -Wall -pedantic -Wbad-function-cast -Wconversion -Winline -Wmissing-declarations -Wmissing-prototypes -Wnested-externs -Wno-long-long -Wno-multichar -Wpointer-arith -Wshadow -Wsign-compare -Wundef -Wunused -Wwrite-strings -Waddress -Wattributes -Wcast-align -Wdeclaration-after-statement -Wdiv-by-zero -Wempty-body -Wendif-labels -Wfloat-equal -Wformat-security -Wignored-qualifiers -Wmissing-field-initializers -Wmissing-noreturn -Wno-format-nonliteral -Wno-system-headers -Wold-style-definition -Wredundant-decls -Wsign-conversion -Wno-error=sign-conversion -Wstrict-prototypes -Wtype-limits -Wunreachable-code -Wunused-parameter -Wvla -Wclobbered -Wmissing-parameter-type -Wold-style-declaration -Wstrict-aliasing=3 -Wtrampolines -Wformat=2 -Warray-bounds=2 -ftree-vrp -Wduplicated-cond -Wnull-dereference -fdelete-null-pointer-checks -Wshift-negative-value -Wshift-overflow=2 -Walloc-zero -Wduplicated-branches -Wno-format-overflow -Wformat-truncation=2 -Wimplicit-fallthrough -Wrestrict -Warith-conversion -Wdouble-promotion -Wenum-conversion -Wpragmas -Wunused-const-variable
-- Performing Test HAVE_SOCKADDR_IN6_SIN6_ADDR
-- Performing Test HAVE_SOCKADDR_IN6_SIN6_ADDR - Success
-- Performing Test HAVE_SOCKADDR_IN6_SIN6_SCOPE_ID
-- Performing Test HAVE_SOCKADDR_IN6_SIN6_SCOPE_ID - Success
-- Found Perl: /usr/bin/perl (found version "5.16.3")
-- Performing Test CMAKE_HAVE_LIBC_PTHREAD
-- Performing Test CMAKE_HAVE_LIBC_PTHREAD - Success
-- Found Threads: TRUE
-- Looking for connect in socket
-- Looking for connect in socket - not found
-- Looking for gethostname
-- Looking for gethostname - found
-- Found OpenSSL: /usr/lib64/libcrypto.so (found version "1.0.2k")
-- Looking for OPENSSL_IS_BORINGSSL
-- Looking for OPENSSL_IS_BORINGSSL - not found
-- Looking for OPENSSL_IS_AWSLC
-- Looking for OPENSSL_IS_AWSLC - not found
-- Found ZLIB: /usr/lib64/libz.so (found version "1.2.7")
-- Looking for SSL_set0_wbio
-- Looking for SSL_set0_wbio - not found
-- Looking for SSL_CTX_set_srp_username
-- Looking for SSL_CTX_set_srp_username - not found
-- Checking for module 'libnghttp2'
--   No package 'libnghttp2' found
-- Could NOT find NGHTTP2 (missing: NGHTTP2_INCLUDE_DIR NGHTTP2_LIBRARY) 
-- Looking for ldap_init in ldap
-- Looking for ldap_init in ldap - not found
-- Looking for ber_init in lber
-- Looking for ber_init in lber - not found
-- Looking for include file ldap.h
-- Looking for include file ldap.h - not found
-- Looking for include file lber.h
-- Looking for include file lber.h - not found
-- LDAP_H not found CURL_DISABLE_LDAP set ON
-- LDAP needs to be enabled to support LDAPS
-- Checking for module 'libidn2'
--   No package 'libidn2' found
-- Could NOT find Libidn2 (missing: LIBIDN2_INCLUDE_DIR LIBIDN2_LIBRARY) (found version "")
-- Checking for module 'libpsl'
--   No package 'libpsl' found
-- Could NOT find Libpsl (missing: LIBPSL_INCLUDE_DIR LIBPSL_LIBRARY) 
CMake Warning at build/cp310-cp310-linux_x86_64/_deps/curl-src/CMakeLists.txt:1098 (message):
  libpsl is enabled, but not found.


-- Checking for module 'libssh2'
--   No package 'libssh2' found
-- Could NOT find Libssh2 (missing: LIBSSH2_INCLUDE_DIR LIBSSH2_LIBRARY) 
-- Performing Test USE_UNIX_SOCKETS
-- Performing Test USE_UNIX_SOCKETS - Success
-- Found CA bundle: /etc/pki/tls/certs/ca-bundle.crt
-- Looking for include file sys/eventfd.h
-- Looking for include file sys/eventfd.h - found
-- Looking for include files sys/eventfd.h, sys/filio.h
-- Looking for include files sys/eventfd.h, sys/filio.h - not found
-- Looking for include files sys/eventfd.h, sys/wait.h
-- Looking for include files sys/eventfd.h, sys/wait.h - found
-- Looking for 3 include files sys/eventfd.h, ..., sys/ioctl.h
-- Looking for 3 include files sys/eventfd.h, ..., sys/ioctl.h - found
-- Looking for 4 include files sys/eventfd.h, ..., sys/param.h
-- Looking for 4 include files sys/eventfd.h, ..., sys/param.h - found
-- Looking for 5 include files sys/eventfd.h, ..., sys/poll.h
-- Looking for 5 include files sys/eventfd.h, ..., sys/poll.h - found
-- Looking for 6 include files sys/eventfd.h, ..., sys/resource.h
-- Looking for 6 include files sys/eventfd.h, ..., sys/resource.h - found
-- Looking for 7 include files sys/eventfd.h, ..., sys/select.h
-- Looking for 7 include files sys/eventfd.h, ..., sys/select.h - found
-- Looking for 8 include files sys/eventfd.h, ..., sys/socket.h
-- Looking for 8 include files sys/eventfd.h, ..., sys/socket.h - found
-- Looking for 9 include files sys/eventfd.h, ..., sys/sockio.h
-- Looking for 9 include files sys/eventfd.h, ..., sys/sockio.h - not found
-- Looking for 9 include files sys/eventfd.h, ..., sys/stat.h
-- Looking for 9 include files sys/eventfd.h, ..., sys/stat.h - found
-- Looking for 10 include files sys/eventfd.h, ..., sys/time.h
-- Looking for 10 include files sys/eventfd.h, ..., sys/time.h - found
-- Looking for 11 include files sys/eventfd.h, ..., sys/types.h
-- Looking for 11 include files sys/eventfd.h, ..., sys/types.h - found
-- Looking for 12 include files sys/eventfd.h, ..., sys/un.h
-- Looking for 12 include files sys/eventfd.h, ..., sys/un.h - found
-- Looking for 13 include files sys/eventfd.h, ..., sys/utime.h
-- Looking for 13 include files sys/eventfd.h, ..., sys/utime.h - not found
-- Looking for 13 include files sys/eventfd.h, ..., sys/xattr.h
-- Looking for 13 include files sys/eventfd.h, ..., sys/xattr.h - found
-- Looking for 14 include files sys/eventfd.h, ..., arpa/inet.h
-- Looking for 14 include files sys/eventfd.h, ..., arpa/inet.h - found
-- Looking for 15 include files sys/eventfd.h, ..., dirent.h
-- Looking for 15 include files sys/eventfd.h, ..., dirent.h - found
-- Looking for 16 include files sys/eventfd.h, ..., fcntl.h
-- Looking for 16 include files sys/eventfd.h, ..., fcntl.h - found
-- Looking for 17 include files sys/eventfd.h, ..., ifaddrs.h
-- Looking for 17 include files sys/eventfd.h, ..., ifaddrs.h - found
-- Looking for 18 include files sys/eventfd.h, ..., io.h
-- Looking for 18 include files sys/eventfd.h, ..., io.h - not found
-- Looking for 18 include files sys/eventfd.h, ..., libgen.h
-- Looking for 18 include files sys/eventfd.h, ..., libgen.h - found
-- Looking for 19 include files sys/eventfd.h, ..., locale.h
-- Looking for 19 include files sys/eventfd.h, ..., locale.h - found
-- Looking for 20 include files sys/eventfd.h, ..., net/if.h
-- Looking for 20 include files sys/eventfd.h, ..., net/if.h - found
-- Looking for 21 include files sys/eventfd.h, ..., netdb.h
-- Looking for 21 include files sys/eventfd.h, ..., netdb.h - found
-- Looking for 22 include files sys/eventfd.h, ..., netinet/in.h
-- Looking for 22 include files sys/eventfd.h, ..., netinet/in.h - found
-- Looking for 23 include files sys/eventfd.h, ..., netinet/tcp.h
-- Looking for 23 include files sys/eventfd.h, ..., netinet/tcp.h - found
-- Looking for 24 include files sys/eventfd.h, ..., netinet/udp.h
-- Looking for 24 include files sys/eventfd.h, ..., netinet/udp.h - found
-- Looking for linux/tcp.h
-- Looking for linux/tcp.h - found
-- Looking for 25 include files sys/eventfd.h, ..., poll.h
-- Looking for 25 include files sys/eventfd.h, ..., poll.h - found
-- Looking for 26 include files sys/eventfd.h, ..., pwd.h
-- Looking for 26 include files sys/eventfd.h, ..., pwd.h - found
-- Looking for 27 include files sys/eventfd.h, ..., stdatomic.h
-- Looking for 27 include files sys/eventfd.h, ..., stdatomic.h - found
-- Looking for 28 include files sys/eventfd.h, ..., stdbool.h
-- Looking for 28 include files sys/eventfd.h, ..., stdbool.h - found
-- Looking for 29 include files sys/eventfd.h, ..., strings.h
-- Looking for 29 include files sys/eventfd.h, ..., strings.h - found
-- Looking for 30 include files sys/eventfd.h, ..., stropts.h
-- Looking for 30 include files sys/eventfd.h, ..., stropts.h - not found
-- Looking for 30 include files sys/eventfd.h, ..., termio.h
-- Looking for 30 include files sys/eventfd.h, ..., termio.h - found
-- Looking for 31 include files sys/eventfd.h, ..., termios.h
-- Looking for 31 include files sys/eventfd.h, ..., termios.h - found
-- Looking for 32 include files sys/eventfd.h, ..., unistd.h
-- Looking for 32 include files sys/eventfd.h, ..., unistd.h - found
-- Looking for 33 include files sys/eventfd.h, ..., utime.h
-- Looking for 33 include files sys/eventfd.h, ..., utime.h - found
-- Looking for stdint.h
-- Looking for stdint.h - found
-- Looking for stddef.h
-- Looking for stddef.h - found
-- Check size of size_t
-- Check size of size_t - done
-- Check size of ssize_t
-- Check size of ssize_t - done
-- Check size of long long
-- Check size of long long - done
-- Check size of long
-- Check size of long - done
-- Check size of int
-- Check size of int - done
-- Check size of __int64
-- Check size of __int64 - failed
-- Check size of time_t
-- Check size of time_t - done
-- Check size of suseconds_t
-- Check size of suseconds_t - done
-- Looking for fnmatch
-- Looking for fnmatch - found
-- Looking for basename
-- Looking for basename - found
-- Looking for opendir
-- Looking for opendir - found
-- Looking for socket
-- Looking for socket - found
-- Looking for sched_yield
-- Looking for sched_yield - found
-- Looking for socketpair
-- Looking for socketpair - found
-- Looking for recv
-- Looking for recv - found
-- Looking for send
-- Looking for send - found
-- Looking for sendmsg
-- Looking for sendmsg - found
-- Looking for select
-- Looking for select - found
-- Looking for strdup
-- Looking for strdup - found
-- Looking for strtok_r
-- Looking for strtok_r - found
-- Looking for strcasecmp
-- Looking for strcasecmp - found
-- Looking for stricmp
-- Looking for stricmp - not found
-- Looking for strcmpi
-- Looking for strcmpi - not found
-- Looking for memrchr
-- Looking for memrchr - not found
-- Looking for alarm
-- Looking for alarm - found
-- Looking for arc4random
-- Looking for arc4random - not found
-- Looking for fcntl
-- Looking for fcntl - found
-- Looking for getppid
-- Looking for getppid - found
-- Looking for utimes
-- Looking for utimes - found
-- Looking for gettimeofday
-- Looking for gettimeofday - found
-- Looking for closesocket
-- Looking for closesocket - not found
-- Looking for sigsetjmp
-- Looking for sigsetjmp - found
-- Looking for getpass_r
-- Looking for getpass_r - not found
-- Looking for getpwuid
-- Looking for getpwuid - found
-- Looking for getpwuid_r
-- Looking for getpwuid_r - found
-- Looking for geteuid
-- Looking for geteuid - found
-- Looking for utime
-- Looking for utime - found
-- Looking for gmtime_r
-- Looking for gmtime_r - found
-- Looking for gethostbyname_r
-- Looking for gethostbyname_r - found
-- Looking for signal
-- Looking for signal - found
-- Looking for strtoll
-- Looking for strtoll - found
-- Looking for strerror_r
-- Looking for strerror_r - found
-- Looking for sigaction
-- Looking for sigaction - found
-- Looking for siginterrupt
-- Looking for siginterrupt - found
-- Looking for getaddrinfo
-- Looking for getaddrinfo - found
-- Looking for getifaddrs
-- Looking for getifaddrs - found
-- Looking for freeaddrinfo
-- Looking for freeaddrinfo - found
-- Looking for pipe
-- Looking for pipe - found
-- Looking for eventfd
-- Looking for eventfd - found
-- Looking for ftruncate
-- Looking for ftruncate - found
-- Looking for _fseeki64
-- Looking for _fseeki64 - not found
-- Looking for getpeername
-- Looking for getpeername - found
-- Looking for getsockname
-- Looking for getsockname - found
-- Looking for if_nametoindex
-- Looking for if_nametoindex - found
-- Looking for getrlimit
-- Looking for getrlimit - found
-- Looking for setlocale
-- Looking for setlocale - found
-- Looking for setmode
-- Looking for setmode - not found
-- Looking for setrlimit
-- Looking for setrlimit - found
-- Looking for snprintf
-- Looking for snprintf - found
-- Looking for mach_absolute_time
-- Looking for mach_absolute_time - not found
-- Looking for inet_ntop
-- Looking for inet_ntop - found
-- Looking for inet_pton
-- Looking for inet_pton - found
-- Looking for fsetxattr
-- Looking for fsetxattr - found
-- Performing Test HAVE_FSETXATTR_5
-- Performing Test HAVE_FSETXATTR_5 - Success
-- Performing Test HAVE_FSETXATTR_6
-- Performing Test HAVE_FSETXATTR_6 - Failed
-- Check size of sa_family_t
-- Check size of sa_family_t - done
-- Performing Test HAVE_FCNTL_O_NONBLOCK
-- Performing Test HAVE_FCNTL_O_NONBLOCK - Success
-- Performing Test HAVE_IOCTLSOCKET
-- Performing Test HAVE_IOCTLSOCKET - Failed
-- Performing Test HAVE_IOCTLSOCKET_CAMEL
-- Performing Test HAVE_IOCTLSOCKET_CAMEL - Failed
-- Performing Test HAVE_IOCTLSOCKET_CAMEL_FIONBIO
-- Performing Test HAVE_IOCTLSOCKET_CAMEL_FIONBIO - Failed
-- Performing Test HAVE_IOCTLSOCKET_FIONBIO
-- Performing Test HAVE_IOCTLSOCKET_FIONBIO - Failed
-- Performing Test HAVE_IOCTL_FIONBIO
-- Performing Test HAVE_IOCTL_FIONBIO - Success
-- Performing Test HAVE_IOCTL_SIOCGIFADDR
-- Performing Test HAVE_IOCTL_SIOCGIFADDR - Success
-- Performing Test HAVE_SETSOCKOPT_SO_NONBLOCK
-- Performing Test HAVE_SETSOCKOPT_SO_NONBLOCK - Failed
-- Performing Test HAVE_O_NONBLOCK
-- Performing Test HAVE_O_NONBLOCK - Failed
-- Performing Test HAVE_GETHOSTBYNAME_R_3
-- Performing Test HAVE_GETHOSTBYNAME_R_3 - Failed
-- Performing Test HAVE_GETHOSTBYNAME_R_5
-- Performing Test HAVE_GETHOSTBYNAME_R_5 - Failed
-- Performing Test HAVE_GETHOSTBYNAME_R_6
-- Performing Test HAVE_GETHOSTBYNAME_R_6 - Success
-- Performing Test HAVE_GETHOSTBYNAME_R_3_REENTRANT
-- Performing Test HAVE_GETHOSTBYNAME_R_3_REENTRANT - Failed
-- Performing Test HAVE_GETHOSTBYNAME_R_5_REENTRANT
-- Performing Test HAVE_GETHOSTBYNAME_R_5_REENTRANT - Failed
-- Performing Test HAVE_GETHOSTBYNAME_R_6_REENTRANT
-- Performing Test HAVE_GETHOSTBYNAME_R_6_REENTRANT - Success
-- Performing Test HAVE_IN_ADDR_T
-- Performing Test HAVE_IN_ADDR_T - Success
-- Performing Test HAVE_BOOL_T
-- Performing Test HAVE_BOOL_T - Success
-- Performing Test STDC_HEADERS
-- Performing Test STDC_HEADERS - Success
-- Performing Test HAVE_FILE_OFFSET_BITS
-- Performing Test HAVE_FILE_OFFSET_BITS - Success
-- Performing Test HAVE_ATOMIC
-- Performing Test HAVE_ATOMIC - Success
-- Check size of off_t
-- Check size of off_t - done
-- Looking for fseeko
-- Looking for fseeko - found
-- Check size of curl_off_t
-- Check size of curl_off_t - done
-- Check size of curl_socket_t
-- Check size of curl_socket_t - done
-- Performing Test HAVE_WRITABLE_ARGV
-- Performing Test HAVE_WRITABLE_ARGV - Success
-- Performing Test HAVE_GLIBC_STRERROR_R
-- Performing Test HAVE_GLIBC_STRERROR_R - Failed
-- Performing Test HAVE_POSIX_STRERROR_R
-- Performing Test HAVE_POSIX_STRERROR_R - Success
-- Performing Test HAVE_CLOCK_GETTIME_MONOTONIC
-- Performing Test HAVE_CLOCK_GETTIME_MONOTONIC - Success
-- Check size of struct sockaddr_storage
-- Check size of struct sockaddr_storage - done
-- Performing Test HAVE_MSG_NOSIGNAL
-- Performing Test HAVE_MSG_NOSIGNAL - Success
-- Performing Test HAVE_STRUCT_TIMEVAL
-- Performing Test HAVE_STRUCT_TIMEVAL - Success
-- Performing Test HAVE_POLL_FINE
-- Performing Test HAVE_POLL_FINE - Success
-- Performing Test HAVE_H_ERRNO
-- Performing Test HAVE_H_ERRNO - Success
-- Performing Test HAVE_CLOCK_GETTIME_MONOTONIC_RAW
-- Performing Test HAVE_CLOCK_GETTIME_MONOTONIC_RAW - Success
-- Protocols: dict file ftp ftps gopher gophers http https imap imaps ipfs ipns mqtt pop3 pop3s rtsp smb smbs smtp smtps telnet tftp
-- Features: alt-svc AsynchDNS HSTS HTTPS-proxy IPv6 Largefile libz NTLM SSL threadsafe UnixSockets
-- Enabled SSL backends: OpenSSL
-- CPM: Adding package json@3.11.3 (v3.11.3)
-- Using the multi-header code from /project/build/cp310-cp310-linux_x86_64/_deps/json-src/include/
-- CPM: Adding package libarchive@3.7.6 (v3.7.6)
CMake Deprecation Warning at build/cp310-cp310-linux_x86_64/_deps/libarchive-src/CMakeLists.txt:2 (CMAKE_MINIMUM_REQUIRED):
  Compatibility with CMake < 3.5 will be removed from a future version of
  CMake.

  Update the VERSION argument <min> value or use a ...<max> suffix to tell
  CMake that the project does not need compatibility with older versions.


CMake Warning (dev) at build/cp310-cp310-linux_x86_64/_deps/libarchive-src/CMakeLists.txt:17 (PROJECT):
  Policy CMP0048 is not set: project() command manages VERSION variables.
  Run "cmake --help-policy CMP0048" for policy details.  Use the cmake_policy
  command to set the policy and suppress this warning.

  The following variable(s) would be set to empty:

    PROJECT_VERSION
    PROJECT_VERSION_MAJOR
    PROJECT_VERSION_MINOR
    PROJECT_VERSION_PATCH
This warning is for project developers.  Use -Wno-dev to suppress it.

-- Found ZLIB: /usr/lib64/libz.so (found suitable version "1.2.7", minimum required is "1.2.1")
-- Could NOT find BZip2 (missing: BZIP2_LIBRARIES BZIP2_INCLUDE_DIR) 
-- Could NOT find LibLZMA (missing: LIBLZMA_LIBRARY LIBLZMA_INCLUDE_DIR LIBLZMA_HAS_AUTO_DECODER LIBLZMA_HAS_EASY_ENCODER LIBLZMA_HAS_LZMA_PRESET) 
-- Could NOT find LIBB2 (missing: LIBB2_LIBRARY LIBB2_INCLUDE_DIR) 
-- Could NOT find LZ4 (missing: LZ4_LIBRARY LZ4_INCLUDE_DIR) 
-- Checking for one of the modules 'libzstd'
-- Could NOT find ZSTD (missing: ZSTD_LIBRARY ZSTD_INCLUDE_DIR) 
-- Looking for include files sys/types.h, acl/libacl.h
-- Looking for include files sys/types.h, acl/libacl.h - not found
-- Looking for include files sys/types.h, attr/xattr.h
-- Looking for include files sys/types.h, attr/xattr.h - not found
-- Looking for include files sys/types.h, ctype.h
-- Looking for include files sys/types.h, ctype.h - found
-- Looking for 3 include files sys/types.h, ..., copyfile.h
-- Looking for 3 include files sys/types.h, ..., copyfile.h - not found
-- Looking for 3 include files sys/types.h, ..., direct.h
-- Looking for 3 include files sys/types.h, ..., direct.h - not found
-- Looking for 3 include files sys/types.h, ..., dlfcn.h
-- Looking for 3 include files sys/types.h, ..., dlfcn.h - found
-- Looking for 4 include files sys/types.h, ..., errno.h
-- Looking for 4 include files sys/types.h, ..., errno.h - found
-- Looking for 5 include files sys/types.h, ..., ext2fs/ext2_fs.h
-- Looking for 5 include files sys/types.h, ..., ext2fs/ext2_fs.h - not found
-- Performing Test HAVE_WORKING_EXT2_IOC_GETFLAGS
-- Performing Test HAVE_WORKING_EXT2_IOC_GETFLAGS - Failed
-- Looking for 6 include files sys/types.h, ..., fnmatch.h
-- Looking for 6 include files sys/types.h, ..., fnmatch.h - found
-- Looking for 7 include files sys/types.h, ..., grp.h
-- Looking for 7 include files sys/types.h, ..., grp.h - found
-- Looking for 8 include files sys/types.h, ..., inttypes.h
-- Looking for 8 include files sys/types.h, ..., inttypes.h - found
-- Looking for 9 include files sys/types.h, ..., langinfo.h
-- Looking for 9 include files sys/types.h, ..., langinfo.h - found
-- Looking for 10 include files sys/types.h, ..., limits.h
-- Looking for 10 include files sys/types.h, ..., limits.h - found
-- Looking for 11 include files sys/types.h, ..., linux/types.h
-- Looking for 11 include files sys/types.h, ..., linux/types.h - found
-- Looking for 12 include files sys/types.h, ..., linux/fiemap.h
-- Looking for 12 include files sys/types.h, ..., linux/fiemap.h - found
-- Looking for 13 include files sys/types.h, ..., linux/fs.h
-- Looking for 13 include files sys/types.h, ..., linux/fs.h - found
-- Performing Test HAVE_WORKING_FS_IOC_GETFLAGS
-- Performing Test HAVE_WORKING_FS_IOC_GETFLAGS - Success
-- Looking for 14 include files sys/types.h, ..., linux/magic.h
-- Looking for 14 include files sys/types.h, ..., linux/magic.h - found
-- Looking for 16 include files sys/types.h, ..., membership.h
-- Looking for 16 include files sys/types.h, ..., membership.h - not found
-- Looking for 16 include files sys/types.h, ..., memory.h
-- Looking for 16 include files sys/types.h, ..., memory.h - found
-- Looking for 17 include files sys/types.h, ..., paths.h
-- Looking for 17 include files sys/types.h, ..., paths.h - found
-- Looking for 19 include files sys/types.h, ..., process.h
-- Looking for 19 include files sys/types.h, ..., process.h - not found
-- Looking for 19 include files sys/types.h, ..., pthread.h
-- Looking for 19 include files sys/types.h, ..., pthread.h - found
-- Looking for 21 include files sys/types.h, ..., readpassphrase.h
-- Looking for 21 include files sys/types.h, ..., readpassphrase.h - not found
-- Looking for 21 include files sys/types.h, ..., regex.h
-- Looking for 21 include files sys/types.h, ..., regex.h - found
-- Looking for 22 include files sys/types.h, ..., signal.h
-- Looking for 22 include files sys/types.h, ..., signal.h - found
-- Looking for 23 include files sys/types.h, ..., spawn.h
-- Looking for 23 include files sys/types.h, ..., spawn.h - found
-- Looking for 24 include files sys/types.h, ..., stdarg.h
-- Looking for 24 include files sys/types.h, ..., stdarg.h - found
-- Looking for 26 include files sys/types.h, ..., stdlib.h
-- Looking for 26 include files sys/types.h, ..., stdlib.h - found
-- Looking for 27 include files sys/types.h, ..., string.h
-- Looking for 27 include files sys/types.h, ..., string.h - found
-- Looking for 29 include files sys/types.h, ..., sys/acl.h
-- Looking for 29 include files sys/types.h, ..., sys/acl.h - not found
-- Looking for 29 include files sys/types.h, ..., sys/cdefs.h
-- Looking for 29 include files sys/types.h, ..., sys/cdefs.h - found
-- Looking for 30 include files sys/types.h, ..., sys/extattr.h
-- Looking for 30 include files sys/types.h, ..., sys/extattr.h - not found
-- Looking for 31 include files sys/types.h, ..., sys/mkdev.h
-- Looking for 31 include files sys/types.h, ..., sys/mkdev.h - not found
-- Looking for 31 include files sys/types.h, ..., sys/mount.h
-- Looking for 31 include files sys/types.h, ..., sys/mount.h - not found
-- Looking for 33 include files sys/types.h, ..., sys/richacl.h
-- Looking for 33 include files sys/types.h, ..., sys/richacl.h - not found
-- Looking for 35 include files sys/types.h, ..., sys/statfs.h
-- Looking for 35 include files sys/types.h, ..., sys/statfs.h - found
-- Looking for 36 include files sys/types.h, ..., sys/statvfs.h
-- Looking for 36 include files sys/types.h, ..., sys/statvfs.h - found
-- Looking for 37 include files sys/types.h, ..., sys/sysmacros.h
-- Looking for 37 include files sys/types.h, ..., sys/sysmacros.h - found
-- Looking for 39 include files sys/types.h, ..., sys/utsname.h
-- Looking for 39 include files sys/types.h, ..., sys/utsname.h - found
-- Looking for 40 include files sys/types.h, ..., sys/vfs.h
-- Looking for 40 include files sys/types.h, ..., sys/vfs.h - found
-- Looking for 43 include files sys/types.h, ..., time.h
-- Looking for 43 include files sys/types.h, ..., time.h - found
-- Looking for 46 include files sys/types.h, ..., wchar.h
-- Looking for 46 include files sys/types.h, ..., wchar.h - found
-- Looking for 47 include files sys/types.h, ..., wctype.h
-- Looking for 47 include files sys/types.h, ..., wctype.h - found
-- Looking for 48 include files sys/types.h, ..., windows.h
-- Looking for 48 include files sys/types.h, ..., windows.h - not found
-- Looking for 48 include files sys/types.h, ..., bcrypt.h
-- Looking for 48 include files sys/types.h, ..., bcrypt.h - not found
-- Looking for 48 include files sys/types.h, ..., wincrypt.h
-- Looking for 48 include files sys/types.h, ..., wincrypt.h - not found
-- Looking for 48 include files sys/types.h, ..., winioctl.h
-- Looking for 48 include files sys/types.h, ..., winioctl.h - not found
-- Performing Test SAFE_TO_DEFINE_EXTENSIONS
-- Performing Test SAFE_TO_DEFINE_EXTENSIONS - Success
-- Looking for 48 include files sys/types.h, ..., openssl/evp.h
-- Looking for 48 include files sys/types.h, ..., openssl/evp.h - found
-- Looking for PKCS5_PBKDF2_HMAC_SHA1
-- Looking for PKCS5_PBKDF2_HMAC_SHA1 - found
-- Performing Test HAVE_ICONV_libc_const
-- Performing Test HAVE_ICONV_libc_const - Failed
-- Performing Test HAVE_ICONV_libc_
-- Performing Test HAVE_ICONV_libc_ - Success
-- Could NOT find LibXml2 (missing: LIBXML2_LIBRARY LIBXML2_INCLUDE_DIR) 
-- Found EXPAT: /usr/lib64/libexpat.so (found version "2.1.0")
-- Looking for 49 include files sys/types.h, ..., expat.h
-- Looking for 49 include files sys/types.h, ..., expat.h - found
-- Looking for regcomp
-- Looking for regcomp - found
-- Looking for _CrtSetReportMode
-- Looking for _CrtSetReportMode - not found
-- Looking for arc4random_buf
-- Looking for arc4random_buf - not found
-- Looking for chown
-- Looking for chown - found
-- Looking for chroot
-- Looking for chroot - found
-- Looking for ctime_r
-- Looking for ctime_r - found
-- Looking for fchdir
-- Looking for fchdir - found
-- Looking for fchmod
-- Looking for fchmod - found
-- Looking for fchown
-- Looking for fchown - found
-- Looking for fdopendir
-- Looking for fdopendir - found
-- Looking for fork
-- Looking for fork - found
-- Looking for fstat
-- Looking for fstat - found
-- Looking for fstatat
-- Looking for fstatat - found
-- Looking for fstatfs
-- Looking for fstatfs - found
-- Looking for fstatvfs
-- Looking for fstatvfs - found
-- Looking for futimens
-- Looking for futimens - found
-- Looking for futimes
-- Looking for futimes - found
-- Looking for futimesat
-- Looking for futimesat - found
-- Looking for getgrgid_r
-- Looking for getgrgid_r - found
-- Looking for getgrnam_r
-- Looking for getgrnam_r - found
-- Looking for getline
-- Looking for getline - found
-- Looking for getpwnam_r
-- Looking for getpwnam_r - found
-- Looking for getpid
-- Looking for getpid - found
-- Looking for getvfsbyname
-- Looking for getvfsbyname - not found
-- Looking for lchflags
-- Looking for lchflags - not found
-- Looking for lchown
-- Looking for lchown - found
-- Looking for link
-- Looking for link - found
-- Looking for linkat
-- Looking for linkat - found
-- Looking for localtime_r
-- Looking for localtime_r - found
-- Looking for lstat
-- Looking for lstat - found
-- Looking for lutimes
-- Looking for lutimes - found
-- Looking for mbrtowc
-- Looking for mbrtowc - found
-- Looking for memmove
-- Looking for memmove - found
-- Looking for mkdir
-- Looking for mkdir - found
-- Looking for mkfifo
-- Looking for mkfifo - found
-- Looking for mknod
-- Looking for mknod - found
-- Looking for mkstemp
-- Looking for mkstemp - found
-- Looking for nl_langinfo
-- Looking for nl_langinfo - found
-- Looking for openat
-- Looking for openat - found
-- Looking for poll
-- Looking for poll - found
-- Looking for posix_spawnp
-- Looking for posix_spawnp - found
-- Looking for readlink
-- Looking for readlink - found
-- Looking for readpassphrase
-- Looking for readpassphrase - not found
-- Looking for setenv
-- Looking for setenv - found
-- Looking for statfs
-- Looking for statfs - found
-- Looking for statvfs
-- Looking for statvfs - found
-- Looking for strchr
-- Looking for strchr - found
-- Looking for strerror
-- Looking for strerror - found
-- Looking for strncpy_s
-- Looking for strncpy_s - not found
-- Looking for strnlen
-- Looking for strnlen - found
-- Looking for strrchr
-- Looking for strrchr - found
-- Looking for symlink
-- Looking for symlink - found
-- Looking for sysconf
-- Looking for sysconf - found
-- Looking for timegm
-- Looking for timegm - found
-- Looking for tzset
-- Looking for tzset - found
-- Looking for unlinkat
-- Looking for unlinkat - found
-- Looking for unsetenv
-- Looking for unsetenv - found
-- Looking for utimensat
-- Looking for utimensat - found
-- Looking for vfork
-- Looking for vfork - found
-- Looking for wcrtomb
-- Looking for wcrtomb - found
-- Looking for wcscmp
-- Looking for wcscmp - found
-- Looking for wcscpy
-- Looking for wcscpy - found
-- Looking for wcslen
-- Looking for wcslen - found
-- Looking for wctomb
-- Looking for wctomb - found
-- Looking for _get_timezone
-- Looking for _get_timezone - not found
-- Looking for ctime_s
-- Looking for ctime_s - not found
-- Looking for gmtime_s
-- Looking for gmtime_s - not found
-- Looking for localtime_s
-- Looking for localtime_s - not found
-- Looking for _mkgmtime
-- Looking for _mkgmtime - not found
-- Looking for cygwin_conv_path
-- Looking for cygwin_conv_path - not found
-- Looking for strftime
-- Looking for strftime - found
-- Looking for vprintf
-- Looking for vprintf - found
-- Looking for wmemcmp
-- Looking for wmemcmp - found
-- Looking for wmemcpy
-- Looking for wmemcpy - found
-- Looking for wmemmove
-- Looking for wmemmove - found
-- Performing Test HAVE_STRUCT_VFSCONF
-- Performing Test HAVE_STRUCT_VFSCONF - Failed
-- Performing Test HAVE_STRUCT_XVFSCONF
-- Performing Test HAVE_STRUCT_XVFSCONF - Failed
-- Performing Test HAVE_STRUCT_STATFS
-- Performing Test HAVE_STRUCT_STATFS - Failed
-- Performing Test HAVE_READDIR_R
-- Performing Test HAVE_READDIR_R - Success
-- Performing Test HAVE_DIRFD
-- Performing Test HAVE_DIRFD - Success
-- Performing Test HAVE_READLINKAT
-- Performing Test HAVE_READLINKAT - Success
-- Performing Test MAJOR_IN_MKDEV
-- Performing Test MAJOR_IN_MKDEV - Failed
-- Performing Test MAJOR_IN_SYSMACROS
-- Performing Test MAJOR_IN_SYSMACROS - Success
-- Looking for EFTYPE
-- Looking for EFTYPE - not found
-- Looking for EILSEQ
-- Looking for EILSEQ - found
-- Looking for D_MD_ORDER
-- Looking for D_MD_ORDER - not found
-- Looking for INT32_MAX
-- Looking for INT32_MAX - found
-- Looking for INT32_MIN
-- Looking for INT32_MIN - found
-- Looking for INT64_MAX
-- Looking for INT64_MAX - found
-- Looking for INT64_MIN
-- Looking for INT64_MIN - found
-- Looking for INTMAX_MAX
-- Looking for INTMAX_MAX - found
-- Looking for INTMAX_MIN
-- Looking for INTMAX_MIN - found
-- Looking for UINT32_MAX
-- Looking for UINT32_MAX - found
-- Looking for UINT64_MAX
-- Looking for UINT64_MAX - found
-- Looking for UINTMAX_MAX
-- Looking for UINTMAX_MAX - found
-- Looking for SIZE_MAX
-- Looking for SIZE_MAX - found
-- Looking for SSIZE_MAX
-- Looking for SSIZE_MAX - found
-- Performing Test HAVE_STRUCT_TM_TM_GMTOFF
-- Performing Test HAVE_STRUCT_TM_TM_GMTOFF - Success
-- Performing Test HAVE_STRUCT_TM___TM_GMTOFF
-- Performing Test HAVE_STRUCT_TM___TM_GMTOFF - Failed
-- Performing Test HAVE_STRUCT_STAT_ST_BIRTHTIME
-- Performing Test HAVE_STRUCT_STAT_ST_BIRTHTIME - Failed
-- Performing Test HAVE_STRUCT_STAT_ST_BIRTHTIMESPEC_TV_NSEC
-- Performing Test HAVE_STRUCT_STAT_ST_BIRTHTIMESPEC_TV_NSEC - Failed
-- Performing Test HAVE_STRUCT_STAT_ST_MTIMESPEC_TV_NSEC
-- Performing Test HAVE_STRUCT_STAT_ST_MTIMESPEC_TV_NSEC - Failed
-- Performing Test HAVE_STRUCT_STAT_ST_MTIM_TV_NSEC
-- Performing Test HAVE_STRUCT_STAT_ST_MTIM_TV_NSEC - Success
-- Performing Test HAVE_STRUCT_STAT_ST_MTIME_N
-- Performing Test HAVE_STRUCT_STAT_ST_MTIME_N - Failed
-- Performing Test HAVE_STRUCT_STAT_ST_UMTIME
-- Performing Test HAVE_STRUCT_STAT_ST_UMTIME - Failed
-- Performing Test HAVE_STRUCT_STAT_ST_MTIME_USEC
-- Performing Test HAVE_STRUCT_STAT_ST_MTIME_USEC - Failed
-- Performing Test HAVE_STRUCT_STAT_ST_BLKSIZE
-- Performing Test HAVE_STRUCT_STAT_ST_BLKSIZE - Success
-- Performing Test HAVE_STRUCT_STAT_ST_FLAGS
-- Performing Test HAVE_STRUCT_STAT_ST_FLAGS - Failed
-- Performing Test HAVE_STRUCT_STATVFS_F_IOSIZE
-- Performing Test HAVE_STRUCT_STATVFS_F_IOSIZE - Failed
-- Check size of short
-- Check size of short - done
-- Check size of unsigned short
-- Check size of unsigned short - done
-- Check size of unsigned
-- Check size of unsigned - done
-- Check size of unsigned long
-- Check size of unsigned long - done
-- Check size of unsigned long long
-- Check size of unsigned long long - done
-- Check size of __int64
-- Check size of __int64 - failed
-- Check size of unsigned __int64
-- Check size of unsigned __int64 - failed
-- Check size of int16_t
-- Check size of int16_t - done
-- Check size of int32_t
-- Check size of int32_t - done
-- Check size of int64_t
-- Check size of int64_t - done
-- Check size of intmax_t
-- Check size of intmax_t - done
-- Check size of uint8_t
-- Check size of uint8_t - done
-- Check size of uint16_t
-- Check size of uint16_t - done
-- Check size of uint32_t
-- Check size of uint32_t - done
-- Check size of uint64_t
-- Check size of uint64_t - done
-- Check size of uintmax_t
-- Check size of uintmax_t - done
-- Check size of dev_t
-- Check size of dev_t - done
-- Check size of gid_t
-- Check size of gid_t - done
-- Check size of id_t
-- Check size of id_t - done
-- Check size of mode_t
-- Check size of mode_t - done
-- Check size of off_t
-- Check size of off_t - done
-- Check size of size_t
-- Check size of size_t - done
-- Check size of ssize_t
-- Check size of ssize_t - done
-- Check size of uid_t
-- Check size of uid_t - done
-- Check size of pid_t
-- Check size of pid_t - done
-- Check size of intptr_t
-- Check size of intptr_t - done
-- Check size of uintptr_t
-- Check size of uintptr_t - done
-- Check size of wchar_t
-- Check size of wchar_t - done
-- Checking _FILE_OFFSET_BITS for large files
-- Checking _FILE_OFFSET_BITS for large files - not needed
-- Checking support for ARCHIVE_CRYPTO_MD5_LIBC
-- Checking support for ARCHIVE_CRYPTO_MD5_LIBC -- not found
-- Checking support for ARCHIVE_CRYPTO_RMD160_LIBC
-- Checking support for ARCHIVE_CRYPTO_RMD160_LIBC -- not found
-- Checking support for ARCHIVE_CRYPTO_SHA1_LIBC
-- Checking support for ARCHIVE_CRYPTO_SHA1_LIBC -- not found
-- Checking support for ARCHIVE_CRYPTO_SHA256_LIBC
-- Checking support for ARCHIVE_CRYPTO_SHA256_LIBC -- not found
-- Checking support for ARCHIVE_CRYPTO_SHA384_LIBC
-- Checking support for ARCHIVE_CRYPTO_SHA384_LIBC -- not found
-- Checking support for ARCHIVE_CRYPTO_SHA512_LIBC
-- Checking support for ARCHIVE_CRYPTO_SHA512_LIBC -- not found
-- Checking support for ARCHIVE_CRYPTO_SHA256_LIBC2
-- Checking support for ARCHIVE_CRYPTO_SHA256_LIBC2 -- not found
-- Checking support for ARCHIVE_CRYPTO_SHA384_LIBC2
-- Checking support for ARCHIVE_CRYPTO_SHA384_LIBC2 -- not found
-- Checking support for ARCHIVE_CRYPTO_SHA512_LIBC2
-- Checking support for ARCHIVE_CRYPTO_SHA512_LIBC2 -- not found
-- Checking support for ARCHIVE_CRYPTO_SHA256_LIBC3
-- Checking support for ARCHIVE_CRYPTO_SHA256_LIBC3 -- not found
-- Checking support for ARCHIVE_CRYPTO_SHA384_LIBC3
-- Checking support for ARCHIVE_CRYPTO_SHA384_LIBC3 -- not found
-- Checking support for ARCHIVE_CRYPTO_SHA512_LIBC3
-- Checking support for ARCHIVE_CRYPTO_SHA512_LIBC3 -- not found
-- Checking support for ARCHIVE_CRYPTO_MD5_LIBSYSTEM
-- Checking support for ARCHIVE_CRYPTO_MD5_LIBSYSTEM -- not found
-- Checking support for ARCHIVE_CRYPTO_SHA1_LIBSYSTEM
-- Checking support for ARCHIVE_CRYPTO_SHA1_LIBSYSTEM -- not found
-- Checking support for ARCHIVE_CRYPTO_SHA256_LIBSYSTEM
-- Checking support for ARCHIVE_CRYPTO_SHA256_LIBSYSTEM -- not found
-- Checking support for ARCHIVE_CRYPTO_SHA384_LIBSYSTEM
-- Checking support for ARCHIVE_CRYPTO_SHA384_LIBSYSTEM -- not found
-- Checking support for ARCHIVE_CRYPTO_SHA512_LIBSYSTEM
-- Checking support for ARCHIVE_CRYPTO_SHA512_LIBSYSTEM -- not found
-- Checking support for ARCHIVE_CRYPTO_MD5_OPENSSL
-- Checking support for ARCHIVE_CRYPTO_MD5_OPENSSL -- found
-- Checking support for ARCHIVE_CRYPTO_RMD160_OPENSSL
-- Checking support for ARCHIVE_CRYPTO_RMD160_OPENSSL -- found
-- Checking support for ARCHIVE_CRYPTO_SHA1_OPENSSL
-- Checking support for ARCHIVE_CRYPTO_SHA1_OPENSSL -- found
-- Checking support for ARCHIVE_CRYPTO_SHA256_OPENSSL
-- Checking support for ARCHIVE_CRYPTO_SHA256_OPENSSL -- found
-- Checking support for ARCHIVE_CRYPTO_SHA384_OPENSSL
-- Checking support for ARCHIVE_CRYPTO_SHA384_OPENSSL -- found
-- Checking support for ARCHIVE_CRYPTO_SHA512_OPENSSL
-- Checking support for ARCHIVE_CRYPTO_SHA512_OPENSSL -- found
-- Performing Test HAVE_VISIBILITY_ATTR
-- Performing Test HAVE_VISIBILITY_ATTR - Success
-- Found Python: /tmp/build-env-wz1cm6ml/bin/python (found suitable version "3.10.15", minimum required is "3.10") found components: Interpreter Development.Module Development.SABIModule
-- Configuring done (75.5s)
-- Generating done (1.0s)
-- Build files have been written to: /project/build/cp310-cp310-linux_x86_64
*** Building project with Ninja...
2024-10-15 13:23:19,709 - scikit_build_core - INFO - RUN: /usr/local/bin/cmake --build build/cp310-cp310-linux_x86_64 -v
Change Dir: '/project/build/cp310-cp310-linux_x86_64'

Run Build Command(s): /tmp/build-env-wz1cm6ml/lib/python3.10/site-packages/ninja/data/bin/ninja -v
[1/514] cd /project/build/cp310-cp310-linux_x86_64/_deps/curl-src/docs && /usr/bin/perl /project/build/cp310-cp310-linux_x86_64/_deps/curl-src/scripts/cd2nroff mk-ca-bundle.md > /project/build/cp310-cp310-linux_x86_64/_deps/curl-build/docs/mk-ca-bundle.1
[2/514] cd /project/build/cp310-cp310-linux_x86_64/_deps/curl-src/docs && /usr/bin/perl /project/build/cp310-cp310-linux_x86_64/_deps/curl-src/scripts/cd2nroff curl-config.md > /project/build/cp310-cp310-linux_x86_64/_deps/curl-build/docs/curl-config.1
[3/514] /opt/rh/devtoolset-10/root/usr/bin/gcc  -pthread -DBUILDING_LIBCURL -DCURL_HIDDEN_SYMBOLS -DHAVE_CONFIG_H -Dlibcurl_shared_EXPORTS -I/project/build/cp310-cp310-linux_x86_64/_deps/curl-src/include -I/project/build/cp310-cp310-linux_x86_64/_deps/curl-build/lib -I/project/build/cp310-cp310-linux_x86_64/_deps/curl-src/lib -Werror-implicit-function-declaration -W -Wall -pedantic -Wbad-function-cast -Wconversion -Winline -Wmissing-declarations -Wmissing-prototypes -Wnested-externs -Wno-long-long -Wno-multichar -Wpointer-arith -Wshadow -Wsign-compare -Wundef -Wunused -Wwrite-strings -Waddress -Wattributes -Wcast-align -Wdeclaration-after-statement -Wdiv-by-zero -Wempty-body -Wendif-labels -Wfloat-equal -Wformat-security -Wignored-qualifiers -Wmissing-field-initializers -Wmissing-noreturn -Wno-format-nonliteral -Wno-system-headers -Wold-style-definition -Wredundant-decls -Wsign-conversion -Wno-error=sign-conversion -Wstrict-prototypes -Wtype-limits -Wunreachable-code -Wunused-parameter -Wvla -Wclobbered -Wmissing-parameter-type -Wold-style-declaration -Wstrict-aliasing=3 -Wtrampolines -Wformat=2 -Warray-bounds=2 -ftree-vrp -Wduplicated-cond -Wnull-dereference -fdelete-null-pointer-checks -Wshift-negative-value -Wshift-overflow=2 -Walloc-zero -Wduplicated-branches -Wno-format-overflow -Wformat-truncation=2 -Wimplicit-fallthrough -Wrestrict -Warith-conversion -Wdouble-promotion -Wenum-conversion -Wpragmas -Wunused-const-variable -O3 -DNDEBUG -fPIC -fvisibility=hidden -Wno-dev -MD -MT _deps/curl-build/lib/CMakeFiles/libcurl_shared.dir/amigaos.c.o -MF _deps/curl-build/lib/CMakeFiles/libcurl_shared.dir/amigaos.c.o.d -o _deps/curl-build/lib/CMakeFiles/libcurl_shared.dir/amigaos.c.o -c /project/build/cp310-cp310-linux_x86_64/_deps/curl-src/lib/amigaos.c
[4/514] /opt/rh/devtoolset-10/root/usr/bin/gcc  -pthread -DBUILDING_LIBCURL -DCURL_HIDDEN_SYMBOLS -DHAVE_CONFIG_H -Dlibcurl_shared_EXPORTS -I/project/build/cp310-cp310-linux_x86_64/_deps/curl-src/include -I/project/build/cp310-cp310-linux_x86_64/_deps/curl-build/lib -I/project/build/cp310-cp310-linux_x86_64/_deps/curl-src/lib -Werror-implicit-function-declaration -W -Wall -pedantic -Wbad-function-cast -Wconversion -Winline -Wmissing-declarations -Wmissing-prototypes -Wnested-externs -Wno-long-long -Wno-multichar -Wpointer-arith -Wshadow -Wsign-compare -Wundef -Wunused -Wwrite-strings -Waddress -Wattributes -Wcast-align -Wdeclaration-after-statement -Wdiv-by-zero -Wempty-body -Wendif-labels -Wfloat-equal -Wformat-security -Wignored-qualifiers -Wmissing-field-initializers -Wmissing-noreturn -Wno-format-nonliteral -Wno-system-headers -Wold-style-definition -Wredundant-decls -Wsign-conversion -Wno-error=sign-conversion -Wstrict-prototypes -Wtype-limits -Wunreachable-code -Wunused-parameter -Wvla -Wclobbered -Wmissing-parameter-type -Wold-style-declaration -Wstrict-aliasing=3 -Wtrampolines -Wformat=2 -Warray-bounds=2 -ftree-vrp -Wduplicated-cond -Wnull-dereference -fdelete-null-pointer-checks -Wshift-negative-value -Wshift-overflow=2 -Walloc-zero -Wduplicated-branches -Wno-format-overflow -Wformat-truncation=2 -Wimplicit-fallthrough -Wrestrict -Warith-conversion -Wdouble-promotion -Wenum-conversion -Wpragmas -Wunused-const-variable -O3 -DNDEBUG -fPIC -fvisibility=hidden -Wno-dev -MD -MT _deps/curl-build/lib/CMakeFiles/libcurl_shared.dir/asyn-ares.c.o -MF _deps/curl-build/lib/CMakeFiles/libcurl_shared.dir/asyn-ares.c.o.d -o _deps/curl-build/lib/CMakeFiles/libcurl_shared.dir/asyn-ares.c.o -c /project/build/cp310-cp310-linux_x86_64/_deps/curl-src/lib/asyn-ares.c
[5/514] /opt/rh/devtoolset-10/root/usr/bin/gcc  -pthread -DBUILDING_LIBCURL -DCURL_HIDDEN_SYMBOLS -DHAVE_CONFIG_H -Dlibcurl_shared_EXPORTS -I/project/build/cp310-cp310-linux_x86_64/_deps/curl-src/include -I/project/build/cp310-cp310-linux_x86_64/_deps/curl-build/lib -I/project/build/cp310-cp310-linux_x86_64/_deps/curl-src/lib -Werror-implicit-function-declaration -W -Wall -pedantic -Wbad-function-cast -Wconversion -Winline -Wmissing-declarations -Wmissing-prototypes -Wnested-externs -Wno-long-long -Wno-multichar -Wpointer-arith -Wshadow -Wsign-compare -Wundef -Wunused -Wwrite-strings -Waddress -Wattributes -Wcast-align -Wdeclaration-after-statement -Wdiv-by-zero -Wempty-body -Wendif-labels -Wfloat-equal -Wformat-security -Wignored-qualifiers -Wmissing-field-initializers -Wmissing-noreturn -Wno-format-nonliteral -Wno-system-headers -Wold-style-definition -Wredundant-decls -Wsign-conversion -Wno-error=sign-conversion -Wstrict-prototypes -Wtype-limits -Wunreachable-code -Wunused-parameter -Wvla -Wclobbered -Wmissing-parameter-type -Wold-style-declaration -Wstrict-aliasing=3 -Wtrampolines -Wformat=2 -Warray-bounds=2 -ftree-vrp -Wduplicated-cond -Wnull-dereference -fdelete-null-pointer-checks -Wshift-negative-value -Wshift-overflow=2 -Walloc-zero -Wduplicated-branches -Wno-format-overflow -Wformat-truncation=2 -Wimplicit-fallthrough -Wrestrict -Warith-conversion -Wdouble-promotion -Wenum-conversion -Wpragmas -Wunused-const-variable -O3 -DNDEBUG -fPIC -fvisibility=hidden -Wno-dev -MD -MT _deps/curl-build/lib/CMakeFiles/libcurl_shared.dir/bufref.c.o -MF _deps/curl-build/lib/CMakeFiles/libcurl_shared.dir/bufref.c.o.d -o _deps/curl-build/lib/CMakeFiles/libcurl_shared.dir/bufref.c.o -c /project/build/cp310-cp310-linux_x86_64/_deps/curl-src/lib/bufref.c
[6/514] /opt/rh/devtoolset-10/root/usr/bin/gcc  -pthread -DBUILDING_LIBCURL -DCURL_HIDDEN_SYMBOLS -DHAVE_CONFIG_H -Dlibcurl_shared_EXPORTS -I/project/build/cp310-cp310-linux_x86_64/_deps/curl-src/include -I/project/build/cp310-cp310-linux_x86_64/_deps/curl-build/lib -I/project/build/cp310-cp310-linux_x86_64/_deps/curl-src/lib -Werror-implicit-function-declaration -W -Wall -pedantic -Wbad-function-cast -Wconversion -Winline -Wmissing-declarations -Wmissing-prototypes -Wnested-externs -Wno-long-long -Wno-multichar -Wpointer-arith -Wshadow -Wsign-compare -Wundef -Wunused -Wwrite-strings -Waddress -Wattributes -Wcast-align -Wdeclaration-after-statement -Wdiv-by-zero -Wempty-body -Wendif-labels -Wfloat-equal -Wformat-security -Wignored-qualifiers -Wmissing-field-initializers -Wmissing-noreturn -Wno-format-nonliteral -Wno-system-headers -Wold-style-definition -Wredundant-decls -Wsign-conversion -Wno-error=sign-conversion -Wstrict-prototypes -Wtype-limits -Wunreachable-code -Wunused-parameter -Wvla -Wclobbered -Wmissing-parameter-type -Wold-style-declaration -Wstrict-aliasing=3 -Wtrampolines -Wformat=2 -Warray-bounds=2 -ftree-vrp -Wduplicated-cond -Wnull-dereference -fdelete-null-pointer-checks -Wshift-negative-value -Wshift-overflow=2 -Walloc-zero -Wduplicated-branches -Wno-format-overflow -Wformat-truncation=2 -Wimplicit-fallthrough -Wrestrict -Warith-conversion -Wdouble-promotion -Wenum-conversion -Wpragmas -Wunused-const-variable -O3 -DNDEBUG -fPIC -fvisibility=hidden -Wno-dev -MD -MT _deps/curl-build/lib/CMakeFiles/libcurl_shared.dir/c-hyper.c.o -MF _deps/curl-build/lib/CMakeFiles/libcurl_shared.dir/c-hyper.c.o.d -o _deps/curl-build/lib/CMakeFiles/libcurl_shared.dir/c-hyper.c.o -c /project/build/cp310-cp310-linux_x86_64/_deps/curl-src/lib/c-hyper.c
[7/514] /opt/rh/devtoolset-10/root/usr/bin/gcc  -pthread -DBUILDING_LIBCURL -DCURL_HIDDEN_SYMBOLS -DHAVE_CONFIG_H -Dlibcurl_shared_EXPORTS -I/project/build/cp310-cp310-linux_x86_64/_deps/curl-src/include -I/project/build/cp310-cp310-linux_x86_64/_deps/curl-build/lib -I/project/build/cp310-cp310-linux_x86_64/_deps/curl-src/lib -Werror-implicit-function-declaration -W -Wall -pedantic -Wbad-function-cast -Wconversion -Winline -Wmissing-declarations -Wmissing-prototypes -Wnested-externs -Wno-long-long -Wno-multichar -Wpointer-arith -Wshadow -Wsign-compare -Wundef -Wunused -Wwrite-strings -Waddress -Wattributes -Wcast-align -Wdeclaration-after-statement -Wdiv-by-zero -Wempty-body -Wendif-labels -Wfloat-equal -Wformat-security -Wignored-qualifiers -Wmissing-field-initializers -Wmissing-noreturn -Wno-format-nonliteral -Wno-system-headers -Wold-style-definition -Wredundant-decls -Wsign-conversion -Wno-error=sign-conversion -Wstrict-prototypes -Wtype-limits -Wunreachable-code -Wunused-parameter -Wvla -Wclobbered -Wmissing-parameter-type -Wold-style-declaration -Wstrict-aliasing=3 -Wtrampolines -Wformat=2 -Warray-bounds=2 -ftree-vrp -Wduplicated-cond -Wnull-dereference -fdelete-null-pointer-checks -Wshift-negative-value -Wshift-overflow=2 -Walloc-zero -Wduplicated-branches -Wno-format-overflow -Wformat-truncation=2 -Wimplicit-fallthrough -Wrestrict -Warith-conversion -Wdouble-promotion -Wenum-conversion -Wpragmas -Wunused-const-variable -O3 -DNDEBUG -fPIC -fvisibility=hidden -Wno-dev -MD -MT _deps/curl-build/lib/CMakeFiles/libcurl_shared.dir/cf-h2-proxy.c.o -MF _deps/curl-build/lib/CMakeFiles/libcurl_shared.dir/cf-h2-proxy.c.o.d -o _deps/curl-build/lib/CMakeFiles/libcurl_shared.dir/cf-h2-proxy.c.o -c /project/build/cp310-cp310-linux_x86_64/_deps/curl-src/lib/cf-h2-proxy.c
[8/514] /opt/rh/devtoolset-10/root/usr/bin/gcc  -pthread -DBUILDING_LIBCURL -DCURL_HIDDEN_SYMBOLS -DHAVE_CONFIG_H -Dlibcurl_shared_EXPORTS -I/project/build/cp310-cp310-linux_x86_64/_deps/curl-src/include -I/project/build/cp310-cp310-linux_x86_64/_deps/curl-build/lib -I/project/build/cp310-cp310-linux_x86_64/_deps/curl-src/lib -Werror-implicit-function-declaration -W -Wall -pedantic -Wbad-function-cast -Wconversion -Winline -Wmissing-declarations -Wmissing-prototypes -Wnested-externs -Wno-long-long -Wno-multichar -Wpointer-arith -Wshadow -Wsign-compare -Wundef -Wunused -Wwrite-strings -Waddress -Wattributes -Wcast-align -Wdeclaration-after-statement -Wdiv-by-zero -Wempty-body -Wendif-labels -Wfloat-equal -Wformat-security -Wignored-qualifiers -Wmissing-field-initializers -Wmissing-noreturn -Wno-format-nonliteral -Wno-system-headers -Wold-style-definition -Wredundant-decls -Wsign-conversion -Wno-error=sign-conversion -Wstrict-prototypes -Wtype-limits -Wunreachable-code -Wunused-parameter -Wvla -Wclobbered -Wmissing-parameter-type -Wold-style-declaration -Wstrict-aliasing=3 -Wtrampolines -Wformat=2 -Warray-bounds=2 -ftree-vrp -Wduplicated-cond -Wnull-dereference -fdelete-null-pointer-checks -Wshift-negative-value -Wshift-overflow=2 -Walloc-zero -Wduplicated-branches -Wno-format-overflow -Wformat-truncation=2 -Wimplicit-fallthrough -Wrestrict -Warith-conversion -Wdouble-promotion -Wenum-conversion -Wpragmas -Wunused-const-variable -O3 -DNDEBUG -fPIC -fvisibility=hidden -Wno-dev -MD -MT _deps/curl-build/lib/CMakeFiles/libcurl_shared.dir/base64.c.o -MF _deps/curl-build/lib/CMakeFiles/libcurl_shared.dir/base64.c.o.d -o _deps/curl-build/lib/CMakeFiles/libcurl_shared.dir/base64.c.o -c /project/build/cp310-cp310-linux_x86_64/_deps/curl-src/lib/base64.c
[9/514] /opt/rh/devtoolset-10/root/usr/bin/gcc  -pthread -DBUILDING_LIBCURL -DCURL_HIDDEN_SYMBOLS -DHAVE_CONFIG_H -Dlibcurl_shared_EXPORTS -I/project/build/cp310-cp310-linux_x86_64/_deps/curl-src/include -I/project/build/cp310-cp310-linux_x86_64/_deps/curl-build/lib -I/project/build/cp310-cp310-linux_x86_64/_deps/curl-src/lib -Werror-implicit-function-declaration -W -Wall -pedantic -Wbad-function-cast -Wconversion -Winline -Wmissing-declarations -Wmissing-prototypes -Wnested-externs -Wno-long-long -Wno-multichar -Wpointer-arith -Wshadow -Wsign-compare -Wundef -Wunused -Wwrite-strings -Waddress -Wattributes -Wcast-align -Wdeclaration-after-statement -Wdiv-by-zero -Wempty-body -Wendif-labels -Wfloat-equal -Wformat-security -Wignored-qualifiers -Wmissing-field-initializers -Wmissing-noreturn -Wno-format-nonliteral -Wno-system-headers -Wold-style-definition -Wredundant-decls -Wsign-conversion -Wno-error=sign-conversion -Wstrict-prototypes -Wtype-limits -Wunreachable-code -Wunused-parameter -Wvla -Wclobbered -Wmissing-parameter-type -Wold-style-declaration -Wstrict-aliasing=3 -Wtrampolines -Wformat=2 -Warray-bounds=2 -ftree-vrp -Wduplicated-cond -Wnull-dereference -fdelete-null-pointer-checks -Wshift-negative-value -Wshift-overflow=2 -Walloc-zero -Wduplicated-branches -Wno-format-overflow -Wformat-truncation=2 -Wimplicit-fallthrough -Wrestrict -Warith-conversion -Wdouble-promotion -Wenum-conversion -Wpragmas -Wunused-const-variable -O3 -DNDEBUG -fPIC -fvisibility=hidden -Wno-dev -MD -MT _deps/curl-build/lib/CMakeFiles/libcurl_shared.dir/asyn-thread.c.o -MF _deps/curl-build/lib/CMakeFiles/libcurl_shared.dir/asyn-thread.c.o.d -o _deps/curl-build/lib/CMakeFiles/libcurl_shared.dir/asyn-thread.c.o -c /project/build/cp310-cp310-linux_x86_64/_deps/curl-src/lib/asyn-thread.c
[10/514] /opt/rh/devtoolset-10/root/usr/bin/gcc  -pthread -DBUILDING_LIBCURL -DCURL_HIDDEN_SYMBOLS -DHAVE_CONFIG_H -Dlibcurl_shared_EXPORTS -I/project/build/cp310-cp310-linux_x86_64/_deps/curl-src/include -I/project/build/cp310-cp310-linux_x86_64/_deps/curl-build/lib -I/project/build/cp310-cp310-linux_x86_64/_deps/curl-src/lib -Werror-implicit-function-declaration -W -Wall -pedantic -Wbad-function-cast -Wconversion -Winline -Wmissing-declarations -Wmissing-prototypes -Wnested-externs -Wno-long-long -Wno-multichar -Wpointer-arith -Wshadow -Wsign-compare -Wundef -Wunused -Wwrite-strings -Waddress -Wattributes -Wcast-align -Wdeclaration-after-statement -Wdiv-by-zero -Wempty-body -Wendif-labels -Wfloat-equal -Wformat-security -Wignored-qualifiers -Wmissing-field-initializers -Wmissing-noreturn -Wno-format-nonliteral -Wno-system-headers -Wold-style-definition -Wredundant-decls -Wsign-conversion -Wno-error=sign-conversion -Wstrict-prototypes -Wtype-limits -Wunreachable-code -Wunused-parameter -Wvla -Wclobbered -Wmissing-parameter-type -Wold-style-declaration -Wstrict-aliasing=3 -Wtrampolines -Wformat=2 -Warray-bounds=2 -ftree-vrp -Wduplicated-cond -Wnull-dereference -fdelete-null-pointer-checks -Wshift-negative-value -Wshift-overflow=2 -Walloc-zero -Wduplicated-branches -Wno-format-overflow -Wformat-truncation=2 -Wimplicit-fallthrough -Wrestrict -Warith-conversion -Wdouble-promotion -Wenum-conversion -Wpragmas -Wunused-const-variable -O3 -DNDEBUG -fPIC -fvisibility=hidden -Wno-dev -MD -MT _deps/curl-build/lib/CMakeFiles/libcurl_shared.dir/cf-haproxy.c.o -MF _deps/curl-build/lib/CMakeFiles/libcurl_shared.dir/cf-haproxy.c.o.d -o _deps/curl-build/lib/CMakeFiles/libcurl_shared.dir/cf-haproxy.c.o -c /project/build/cp310-cp310-linux_x86_64/_deps/curl-src/lib/cf-haproxy.c
[11/514] /opt/rh/devtoolset-10/root/usr/bin/gcc  -pthread -DBUILDING_LIBCURL -DCURL_HIDDEN_SYMBOLS -DHAVE_CONFIG_H -Dlibcurl_shared_EXPORTS -I/project/build/cp310-cp310-linux_x86_64/_deps/curl-src/include -I/project/build/cp310-cp310-linux_x86_64/_deps/curl-build/lib -I/project/build/cp310-cp310-linux_x86_64/_deps/curl-src/lib -Werror-implicit-function-declaration -W -Wall -pedantic -Wbad-function-cast -Wconversion -Winline -Wmissing-declarations -Wmissing-prototypes -Wnested-externs -Wno-long-long -Wno-multichar -Wpointer-arith -Wshadow -Wsign-compare -Wundef -Wunused -Wwrite-strings -Waddress -Wattributes -Wcast-align -Wdeclaration-after-statement -Wdiv-by-zero -Wempty-body -Wendif-labels -Wfloat-equal -Wformat-security -Wignored-qualifiers -Wmissing-field-initializers -Wmissing-noreturn -Wno-format-nonliteral -Wno-system-headers -Wold-style-definition -Wredundant-decls -Wsign-conversion -Wno-error=sign-conversion -Wstrict-prototypes -Wtype-limits -Wunreachable-code -Wunused-parameter -Wvla -Wclobbered -Wmissing-parameter-type -Wold-style-declaration -Wstrict-aliasing=3 -Wtrampolines -Wformat=2 -Warray-bounds=2 -ftree-vrp -Wduplicated-cond -Wnull-dereference -fdelete-null-pointer-checks -Wshift-negative-value -Wshift-overflow=2 -Walloc-zero -Wduplicated-branches -Wno-format-overflow -Wformat-truncation=2 -Wimplicit-fallthrough -Wrestrict -Warith-conversion -Wdouble-promotion -Wenum-conversion -Wpragmas -Wunused-const-variable -O3 -DNDEBUG -fPIC -fvisibility=hidden -Wno-dev -MD -MT _deps/curl-build/lib/CMakeFiles/libcurl_shared.dir/bufq.c.o -MF _deps/curl-build/lib/CMakeFiles/libcurl_shared.dir/bufq.c.o.d -o _deps/curl-build/lib/CMakeFiles/libcurl_shared.dir/bufq.c.o -c /project/build/cp310-cp310-linux_x86_64/_deps/curl-src/lib/bufq.c
[12/514] /opt/rh/devtoolset-10/root/usr/bin/gcc  -pthread -DBUILDING_LIBCURL -DCURL_HIDDEN_SYMBOLS -DHAVE_CONFIG_H -Dlibcurl_shared_EXPORTS -I/project/build/cp310-cp310-linux_x86_64/_deps/curl-src/include -I/project/build/cp310-cp310-linux_x86_64/_deps/curl-build/lib -I/project/build/cp310-cp310-linux_x86_64/_deps/curl-src/lib -Werror-implicit-function-declaration -W -Wall -pedantic -Wbad-function-cast -Wconversion -Winline -Wmissing-declarations -Wmissing-prototypes -Wnested-externs -Wno-long-long -Wno-multichar -Wpointer-arith -Wshadow -Wsign-compare -Wundef -Wunused -Wwrite-strings -Waddress -Wattributes -Wcast-align -Wdeclaration-after-statement -Wdiv-by-zero -Wempty-body -Wendif-labels -Wfloat-equal -Wformat-security -Wignored-qualifiers -Wmissing-field-initializers -Wmissing-noreturn -Wno-format-nonliteral -Wno-system-headers -Wold-style-definition -Wredundant-decls -Wsign-conversion -Wno-error=sign-conversion -Wstrict-prototypes -Wtype-limits -Wunreachable-code -Wunused-parameter -Wvla -Wclobbered -Wmissing-parameter-type -Wold-style-declaration -Wstrict-aliasing=3 -Wtrampolines -Wformat=2 -Warray-bounds=2 -ftree-vrp -Wduplicated-cond -Wnull-dereference -fdelete-null-pointer-checks -Wshift-negative-value -Wshift-overflow=2 -Walloc-zero -Wduplicated-branches -Wno-format-overflow -Wformat-truncation=2 -Wimplicit-fallthrough -Wrestrict -Warith-conversion -Wdouble-promotion -Wenum-conversion -Wpragmas -Wunused-const-variable -O3 -DNDEBUG -fPIC -fvisibility=hidden -Wno-dev -MD -MT _deps/curl-build/lib/CMakeFiles/libcurl_shared.dir/altsvc.c.o -MF _deps/curl-build/lib/CMakeFiles/libcurl_shared.dir/altsvc.c.o.d -o _deps/curl-build/lib/CMakeFiles/libcurl_shared.dir/altsvc.c.o -c /project/build/cp310-cp310-linux_x86_64/_deps/curl-src/lib/altsvc.c
[13/514] /opt/rh/devtoolset-10/root/usr/bin/gcc  -pthread -DBUILDING_LIBCURL -DCURL_HIDDEN_SYMBOLS -DHAVE_CONFIG_H -Dlibcurl_shared_EXPORTS -I/project/build/cp310-cp310-linux_x86_64/_deps/curl-src/include -I/project/build/cp310-cp310-linux_x86_64/_deps/curl-build/lib -I/project/build/cp310-cp310-linux_x86_64/_deps/curl-src/lib -Werror-implicit-function-declaration -W -Wall -pedantic -Wbad-function-cast -Wconversion -Winline -Wmissing-declarations -Wmissing-prototypes -Wnested-externs -Wno-long-long -Wno-multichar -Wpointer-arith -Wshadow -Wsign-compare -Wundef -Wunused -Wwrite-strings -Waddress -Wattributes -Wcast-align -Wdeclaration-after-statement -Wdiv-by-zero -Wempty-body -Wendif-labels -Wfloat-equal -Wformat-security -Wignored-qualifiers -Wmissing-field-initializers -Wmissing-noreturn -Wno-format-nonliteral -Wno-system-headers -Wold-style-definition -Wredundant-decls -Wsign-conversion -Wno-error=sign-conversion -Wstrict-prototypes -Wtype-limits -Wunreachable-code -Wunused-parameter -Wvla -Wclobbered -Wmissing-parameter-type -Wold-style-declaration -Wstrict-aliasing=3 -Wtrampolines -Wformat=2 -Warray-bounds=2 -ftree-vrp -Wduplicated-cond -Wnull-dereference -fdelete-null-pointer-checks -Wshift-negative-value -Wshift-overflow=2 -Walloc-zero -Wduplicated-branches -Wno-format-overflow -Wformat-truncation=2 -Wimplicit-fallthrough -Wrestrict -Warith-conversion -Wdouble-promotion -Wenum-conversion -Wpragmas -Wunused-const-variable -O3 -DNDEBUG -fPIC -fvisibility=hidden -Wno-dev -MD -MT _deps/curl-build/lib/CMakeFiles/libcurl_shared.dir/cf-https-connect.c.o -MF _deps/curl-build/lib/CMakeFiles/libcurl_shared.dir/cf-https-connect.c.o.d -o _deps/curl-build/lib/CMakeFiles/libcurl_shared.dir/cf-https-connect.c.o -c /project/build/cp310-cp310-linux_x86_64/_deps/curl-src/lib/cf-https-connect.c
[14/514] cd /project/build/cp310-cp310-linux_x86_64/_deps/curl-src/docs/cmdline-opts && /usr/bin/perl /project/build/cp310-cp310-linux_x86_64/_deps/curl-src/scripts/managen mainpage abstract-unix-socket.md alt-svc.md anyauth.md append.md aws-sigv4.md basic.md ca-native.md cacert.md capath.md cert-status.md cert-type.md cert.md ciphers.md compressed-ssh.md compressed.md config.md connect-timeout.md connect-to.md continue-at.md cookie-jar.md cookie.md create-dirs.md create-file-mode.md crlf.md crlfile.md curves.md data-ascii.md data-binary.md data-raw.md data-urlencode.md data.md delegation.md digest.md disable-eprt.md disable-epsv.md disable.md disallow-username-in-url.md dns-interface.md dns-ipv4-addr.md dns-ipv6-addr.md dns-servers.md doh-cert-status.md doh-insecure.md doh-url.md dump-ca-embed.md dump-header.md ech.md egd-file.md engine.md etag-compare.md etag-save.md expect100-timeout.md fail-early.md fail-with-body.md fail.md false-start.md form-escape.md form-string.md form.md ftp-account.md ftp-alternative-to-user.md ftp-create-dirs.md ftp-method.md ftp-pasv.md ftp-port.md ftp-pret.md ftp-skip-pasv-ip.md ftp-ssl-ccc-mode.md ftp-ssl-ccc.md ftp-ssl-control.md get.md globoff.md happy-eyeballs-timeout-ms.md haproxy-protocol.md haproxy-clientip.md head.md header.md help.md hostpubmd5.md hostpubsha256.md hsts.md http0.9.md http1.0.md http1.1.md http2-prior-knowledge.md http2.md http3.md http3-only.md ignore-content-length.md insecure.md interface.md ip-tos.md ipfs-gateway.md ipv4.md ipv6.md json.md junk-session-cookies.md keepalive-cnt.md keepalive-time.md key-type.md key.md krb.md libcurl.md limit-rate.md list-only.md local-port.md location-trusted.md location.md login-options.md mail-auth.md mail-from.md mail-rcpt-allowfails.md mail-rcpt.md manual.md max-filesize.md max-redirs.md max-time.md metalink.md mptcp.md negotiate.md netrc-file.md netrc-optional.md netrc.md next.md no-alpn.md no-buffer.md no-clobber.md no-keepalive.md no-npn.md no-progress-meter.md no-sessionid.md noproxy.md ntlm-wb.md ntlm.md oauth2-bearer.md output-dir.md output.md parallel-immediate.md parallel-max.md parallel.md pass.md path-as-is.md pinnedpubkey.md post301.md post302.md post303.md preproxy.md progress-bar.md proto-default.md proto-redir.md proto.md proxy-anyauth.md proxy-basic.md proxy-ca-native.md proxy-cacert.md proxy-capath.md proxy-cert-type.md proxy-cert.md proxy-ciphers.md proxy-crlfile.md proxy-digest.md proxy-header.md proxy-http2.md proxy-insecure.md proxy-key-type.md proxy-key.md proxy-negotiate.md proxy-ntlm.md proxy-pass.md proxy-pinnedpubkey.md proxy-service-name.md proxy-ssl-allow-beast.md proxy-ssl-auto-client-cert.md proxy-tls13-ciphers.md proxy-tlsauthtype.md proxy-tlspassword.md proxy-tlsuser.md proxy-tlsv1.md proxy-user.md proxy.md proxy1.0.md proxytunnel.md pubkey.md quote.md random-file.md range.md rate.md raw.md referer.md remote-header-name.md remote-name-all.md remote-name.md remote-time.md remove-on-error.md request-target.md request.md resolve.md retry-all-errors.md retry-connrefused.md retry-delay.md retry-max-time.md retry.md sasl-authzid.md sasl-ir.md service-name.md show-error.md show-headers.md silent.md skip-existing.md socks4.md socks4a.md socks5-basic.md socks5-gssapi-nec.md socks5-gssapi-service.md socks5-gssapi.md socks5-hostname.md socks5.md speed-limit.md speed-time.md ssl-allow-beast.md ssl-auto-client-cert.md ssl-no-revoke.md ssl-reqd.md ssl-revoke-best-effort.md ssl.md sslv2.md sslv3.md stderr.md styled-output.md suppress-connect-headers.md tcp-fastopen.md tcp-nodelay.md telnet-option.md tftp-blksize.md tftp-no-options.md time-cond.md tls-max.md tls13-ciphers.md tlsauthtype.md tlspassword.md tlsuser.md tlsv1.0.md tlsv1.1.md tlsv1.2.md tlsv1.3.md tlsv1.md tr-encoding.md trace-ascii.md trace-config.md trace-ids.md trace-time.md trace.md unix-socket.md upload-file.md url.md url-query.md use-ascii.md user-agent.md user.md variable.md verbose.md version.md vlan-priority.md write-out.md xattr.md > /project/build/cp310-cp310-linux_x86_64/_deps/curl-build/docs/cmdline-opts/curl.1 && /usr/bin/perl /project/build/cp310-cp310-linux_x86_64/_deps/curl-src/scripts/managen ascii abstract-unix-socket.md alt-svc.md anyauth.md append.md aws-sigv4.md basic.md ca-native.md cacert.md capath.md cert-status.md cert-type.md cert.md ciphers.md compressed-ssh.md compressed.md config.md connect-timeout.md connect-to.md continue-at.md cookie-jar.md cookie.md create-dirs.md create-file-mode.md crlf.md crlfile.md curves.md data-ascii.md data-binary.md data-raw.md data-urlencode.md data.md delegation.md digest.md disable-eprt.md disable-epsv.md disable.md disallow-username-in-url.md dns-interface.md dns-ipv4-addr.md dns-ipv6-addr.md dns-servers.md doh-cert-status.md doh-insecure.md doh-url.md dump-ca-embed.md dump-header.md ech.md egd-file.md engine.md etag-compare.md etag-save.md expect100-timeout.md fail-early.md fail-with-body.md fail.md false-start.md form-escape.md form-string.md form.md ftp-account.md ftp-alternative-to-user.md ftp-create-dirs.md ftp-method.md ftp-pasv.md ftp-port.md ftp-pret.md ftp-skip-pasv-ip.md ftp-ssl-ccc-mode.md ftp-ssl-ccc.md ftp-ssl-control.md get.md globoff.md happy-eyeballs-timeout-ms.md haproxy-protocol.md haproxy-clientip.md head.md header.md help.md hostpubmd5.md hostpubsha256.md hsts.md http0.9.md http1.0.md http1.1.md http2-prior-knowledge.md http2.md http3.md http3-only.md ignore-content-length.md insecure.md interface.md ip-tos.md ipfs-gateway.md ipv4.md ipv6.md json.md junk-session-cookies.md keepalive-cnt.md keepalive-time.md key-type.md key.md krb.md libcurl.md limit-rate.md list-only.md local-port.md location-trusted.md location.md login-options.md mail-auth.md mail-from.md mail-rcpt-allowfails.md mail-rcpt.md manual.md max-filesize.md max-redirs.md max-time.md metalink.md mptcp.md negotiate.md netrc-file.md netrc-optional.md netrc.md next.md no-alpn.md no-buffer.md no-clobber.md no-keepalive.md no-npn.md no-progress-meter.md no-sessionid.md noproxy.md ntlm-wb.md ntlm.md oauth2-bearer.md output-dir.md output.md parallel-immediate.md parallel-max.md parallel.md pass.md path-as-is.md pinnedpubkey.md post301.md post302.md post303.md preproxy.md progress-bar.md proto-default.md proto-redir.md proto.md proxy-anyauth.md proxy-basic.md proxy-ca-native.md proxy-cacert.md proxy-capath.md proxy-cert-type.md proxy-cert.md proxy-ciphers.md proxy-crlfile.md proxy-digest.md proxy-header.md proxy-http2.md proxy-insecure.md proxy-key-type.md proxy-key.md proxy-negotiate.md proxy-ntlm.md proxy-pass.md proxy-pinnedpubkey.md proxy-service-name.md proxy-ssl-allow-beast.md proxy-ssl-auto-client-cert.md proxy-tls13-ciphers.md proxy-tlsauthtype.md proxy-tlspassword.md proxy-tlsuser.md proxy-tlsv1.md proxy-user.md proxy.md proxy1.0.md proxytunnel.md pubkey.md quote.md random-file.md range.md rate.md raw.md referer.md remote-header-name.md remote-name-all.md remote-name.md remote-time.md remove-on-error.md request-target.md request.md resolve.md retry-all-errors.md retry-connrefused.md retry-delay.md retry-max-time.md retry.md sasl-authzid.md sasl-ir.md service-name.md show-error.md show-headers.md silent.md skip-existing.md socks4.md socks4a.md socks5-basic.md socks5-gssapi-nec.md socks5-gssapi-service.md socks5-gssapi.md socks5-hostname.md socks5.md speed-limit.md speed-time.md ssl-allow-beast.md ssl-auto-client-cert.md ssl-no-revoke.md ssl-reqd.md ssl-revoke-best-effort.md ssl.md sslv2.md sslv3.md stderr.md styled-output.md suppress-connect-headers.md tcp-fastopen.md tcp-nodelay.md telnet-option.md tftp-blksize.md tftp-no-options.md time-cond.md tls-max.md tls13-ciphers.md tlsauthtype.md tlspassword.md tlsuser.md tlsv1.0.md tlsv1.1.md tlsv1.2.md tlsv1.3.md tlsv1.md tr-encoding.md trace-ascii.md trace-config.md trace-ids.md trace-time.md trace.md unix-socket.md upload-file.md url.md url-query.md use-ascii.md user-agent.md user.md variable.md verbose.md version.md vlan-priority.md write-out.md xattr.md > /project/build/cp310-cp310-linux_x86_64/_deps/curl-build/docs/cmdline-opts/curl.txt
[15/514] /opt/rh/devtoolset-10/root/usr/bin/gcc  -pthread -DBUILDING_LIBCURL -DCURL_HIDDEN_SYMBOLS -DHAVE_CONFIG_H -Dlibcurl_shared_EXPORTS -I/project/build/cp310-cp310-linux_x86_64/_deps/curl-src/include -I/project/build/cp310-cp310-linux_x86_64/_deps/curl-build/lib -I/project/build/cp310-cp310-linux_x86_64/_deps/curl-src/lib -Werror-implicit-function-declaration -W -Wall -pedantic -Wbad-function-cast -Wconversion -Winline -Wmissing-declarations -Wmissing-prototypes -Wnested-externs -Wno-long-long -Wno-multichar -Wpointer-arith -Wshadow -Wsign-compare -Wundef -Wunused -Wwrite-strings -Waddress -Wattributes -Wcast-align -Wdeclaration-after-statement -Wdiv-by-zero -Wempty-body -Wendif-labels -Wfloat-equal -Wformat-security -Wignored-qualifiers -Wmissing-field-initializers -Wmissing-noreturn -Wno-format-nonliteral -Wno-system-headers -Wold-style-definition -Wredundant-decls -Wsign-conversion -Wno-error=sign-conversion -Wstrict-prototypes -Wtype-limits -Wunreachable-code -Wunused-parameter -Wvla -Wclobbered -Wmissing-parameter-type -Wold-style-declaration -Wstrict-aliasing=3 -Wtrampolines -Wformat=2 -Warray-bounds=2 -ftree-vrp -Wduplicated-cond -Wnull-dereference -fdelete-null-pointer-checks -Wshift-negative-value -Wshift-overflow=2 -Walloc-zero -Wduplicated-branches -Wno-format-overflow -Wformat-truncation=2 -Wimplicit-fallthrough -Wrestrict -Warith-conversion -Wdouble-promotion -Wenum-conversion -Wpragmas -Wunused-const-variable -O3 -DNDEBUG -fPIC -fvisibility=hidden -Wno-dev -MD -MT _deps/curl-build/lib/CMakeFiles/libcurl_shared.dir/curl_des.c.o -MF _deps/curl-build/lib/CMakeFiles/libcurl_shared.dir/curl_des.c.o.d -o _deps/curl-build/lib/CMakeFiles/libcurl_shared.dir/curl_des.c.o -c /project/build/cp310-cp310-linux_x86_64/_deps/curl-src/lib/curl_des.c
[16/514] cd /project/build/cp310-cp310-linux_x86_64/_deps/curl-src/docs/libcurl/opts && /usr/bin/perl /project/build/cp310-cp310-linux_x86_64/_deps/curl-src/scripts/cd2nroff -k -d /project/build/cp310-cp310-linux_x86_64/_deps/curl-build/docs/libcurl/opts CURLINFO_ACTIVESOCKET.md CURLINFO_APPCONNECT_TIME.md CURLINFO_APPCONNECT_TIME_T.md CURLINFO_CAINFO.md CURLINFO_CAPATH.md CURLINFO_CERTINFO.md CURLINFO_CONDITION_UNMET.md CURLINFO_CONNECT_TIME.md CURLINFO_CONNECT_TIME_T.md CURLINFO_CONN_ID.md CURLINFO_CONTENT_LENGTH_DOWNLOAD.md CURLINFO_CONTENT_LENGTH_DOWNLOAD_T.md CURLINFO_CONTENT_LENGTH_UPLOAD.md CURLINFO_CONTENT_LENGTH_UPLOAD_T.md CURLINFO_CONTENT_TYPE.md CURLINFO_COOKIELIST.md CURLINFO_EFFECTIVE_METHOD.md CURLINFO_EFFECTIVE_URL.md CURLINFO_FILETIME.md CURLINFO_FILETIME_T.md CURLINFO_FTP_ENTRY_PATH.md CURLINFO_HEADER_SIZE.md CURLINFO_HTTP_CONNECTCODE.md CURLINFO_HTTP_VERSION.md CURLINFO_HTTPAUTH_AVAIL.md CURLINFO_LASTSOCKET.md CURLINFO_LOCAL_IP.md CURLINFO_LOCAL_PORT.md CURLINFO_NAMELOOKUP_TIME.md CURLINFO_NAMELOOKUP_TIME_T.md CURLINFO_NUM_CONNECTS.md CURLINFO_OS_ERRNO.md CURLINFO_PRETRANSFER_TIME.md CURLINFO_PRETRANSFER_TIME_T.md CURLINFO_POSTTRANSFER_TIME_T.md CURLINFO_PRIMARY_IP.md CURLINFO_PRIMARY_PORT.md CURLINFO_PRIVATE.md CURLINFO_PROTOCOL.md CURLINFO_PROXY_ERROR.md CURLINFO_PROXY_SSL_VERIFYRESULT.md CURLINFO_PROXYAUTH_AVAIL.md CURLINFO_QUEUE_TIME_T.md CURLINFO_REDIRECT_COUNT.md CURLINFO_REDIRECT_TIME.md CURLINFO_REDIRECT_TIME_T.md CURLINFO_REDIRECT_URL.md CURLINFO_REFERER.md CURLINFO_REQUEST_SIZE.md CURLINFO_RESPONSE_CODE.md CURLINFO_RETRY_AFTER.md CURLINFO_RTSP_CLIENT_CSEQ.md CURLINFO_RTSP_CSEQ_RECV.md CURLINFO_RTSP_SERVER_CSEQ.md CURLINFO_RTSP_SESSION_ID.md CURLINFO_SCHEME.md CURLINFO_SIZE_DOWNLOAD.md CURLINFO_SIZE_DOWNLOAD_T.md CURLINFO_SIZE_UPLOAD.md CURLINFO_SIZE_UPLOAD_T.md CURLINFO_SPEED_DOWNLOAD.md CURLINFO_SPEED_DOWNLOAD_T.md CURLINFO_SPEED_UPLOAD.md CURLINFO_SPEED_UPLOAD_T.md CURLINFO_SSL_ENGINES.md CURLINFO_SSL_VERIFYRESULT.md CURLINFO_STARTTRANSFER_TIME.md CURLINFO_STARTTRANSFER_TIME_T.md CURLINFO_TLS_SESSION.md CURLINFO_TLS_SSL_PTR.md CURLINFO_TOTAL_TIME.md CURLINFO_TOTAL_TIME_T.md CURLINFO_USED_PROXY.md CURLINFO_XFER_ID.md CURLMOPT_CHUNK_LENGTH_PENALTY_SIZE.md CURLMOPT_CONTENT_LENGTH_PENALTY_SIZE.md CURLMOPT_MAX_CONCURRENT_STREAMS.md CURLMOPT_MAX_HOST_CONNECTIONS.md CURLMOPT_MAX_PIPELINE_LENGTH.md CURLMOPT_MAX_TOTAL_CONNECTIONS.md CURLMOPT_MAXCONNECTS.md CURLMOPT_PIPELINING.md CURLMOPT_PIPELINING_SERVER_BL.md CURLMOPT_PIPELINING_SITE_BL.md CURLMOPT_PUSHDATA.md CURLMOPT_PUSHFUNCTION.md CURLMOPT_SOCKETDATA.md CURLMOPT_SOCKETFUNCTION.md CURLMOPT_TIMERDATA.md CURLMOPT_TIMERFUNCTION.md CURLOPT_ABSTRACT_UNIX_SOCKET.md CURLOPT_ACCEPT_ENCODING.md CURLOPT_ACCEPTTIMEOUT_MS.md CURLOPT_ADDRESS_SCOPE.md CURLOPT_ALTSVC.md CURLOPT_ALTSVC_CTRL.md CURLOPT_APPEND.md CURLOPT_AUTOREFERER.md CURLOPT_AWS_SIGV4.md CURLOPT_BUFFERSIZE.md CURLOPT_CAINFO.md CURLOPT_CAINFO_BLOB.md CURLOPT_CAPATH.md CURLOPT_CA_CACHE_TIMEOUT.md CURLOPT_CERTINFO.md CURLOPT_CHUNK_BGN_FUNCTION.md CURLOPT_CHUNK_DATA.md CURLOPT_CHUNK_END_FUNCTION.md CURLOPT_CLOSESOCKETDATA.md CURLOPT_CLOSESOCKETFUNCTION.md CURLOPT_CONNECT_ONLY.md CURLOPT_CONNECT_TO.md CURLOPT_CONNECTTIMEOUT.md CURLOPT_CONNECTTIMEOUT_MS.md CURLOPT_CONV_FROM_NETWORK_FUNCTION.md CURLOPT_CONV_FROM_UTF8_FUNCTION.md CURLOPT_CONV_TO_NETWORK_FUNCTION.md CURLOPT_COOKIE.md CURLOPT_COOKIEFILE.md CURLOPT_COOKIEJAR.md CURLOPT_COOKIELIST.md CURLOPT_COOKIESESSION.md CURLOPT_COPYPOSTFIELDS.md CURLOPT_CRLF.md CURLOPT_CRLFILE.md CURLOPT_CURLU.md CURLOPT_CUSTOMREQUEST.md CURLOPT_DEBUGDATA.md CURLOPT_DEBUGFUNCTION.md CURLOPT_DEFAULT_PROTOCOL.md CURLOPT_DIRLISTONLY.md CURLOPT_DISALLOW_USERNAME_IN_URL.md CURLOPT_DNS_CACHE_TIMEOUT.md CURLOPT_DNS_INTERFACE.md CURLOPT_DNS_LOCAL_IP4.md CURLOPT_DNS_LOCAL_IP6.md CURLOPT_DNS_SERVERS.md CURLOPT_DNS_SHUFFLE_ADDRESSES.md CURLOPT_DNS_USE_GLOBAL_CACHE.md CURLOPT_DOH_SSL_VERIFYHOST.md CURLOPT_DOH_SSL_VERIFYPEER.md CURLOPT_DOH_SSL_VERIFYSTATUS.md CURLOPT_DOH_URL.md CURLOPT_ECH.md CURLOPT_EGDSOCKET.md CURLOPT_ERRORBUFFER.md CURLOPT_EXPECT_100_TIMEOUT_MS.md CURLOPT_FAILONERROR.md CURLOPT_FILETIME.md CURLOPT_FNMATCH_DATA.md CURLOPT_FNMATCH_FUNCTION.md CURLOPT_FOLLOWLOCATION.md CURLOPT_FORBID_REUSE.md CURLOPT_FRESH_CONNECT.md CURLOPT_FTP_ACCOUNT.md CURLOPT_FTP_ALTERNATIVE_TO_USER.md CURLOPT_FTP_CREATE_MISSING_DIRS.md CURLOPT_FTP_FILEMETHOD.md CURLOPT_FTP_SKIP_PASV_IP.md CURLOPT_FTP_SSL_CCC.md CURLOPT_FTP_USE_EPRT.md CURLOPT_FTP_USE_EPSV.md CURLOPT_FTP_USE_PRET.md CURLOPT_FTPPORT.md CURLOPT_FTPSSLAUTH.md CURLOPT_GSSAPI_DELEGATION.md CURLOPT_HAPPY_EYEBALLS_TIMEOUT_MS.md CURLOPT_HAPROXYPROTOCOL.md CURLOPT_HAPROXY_CLIENT_IP.md CURLOPT_HEADER.md CURLOPT_HEADERDATA.md CURLOPT_HEADERFUNCTION.md CURLOPT_HEADEROPT.md CURLOPT_HSTS.md CURLOPT_HSTS_CTRL.md CURLOPT_HSTSREADDATA.md CURLOPT_HSTSREADFUNCTION.md CURLOPT_HSTSWRITEDATA.md CURLOPT_HSTSWRITEFUNCTION.md CURLOPT_HTTP09_ALLOWED.md CURLOPT_HTTP200ALIASES.md CURLOPT_HTTP_CONTENT_DECODING.md CURLOPT_HTTP_TRANSFER_DECODING.md CURLOPT_HTTP_VERSION.md CURLOPT_HTTPAUTH.md CURLOPT_HTTPGET.md CURLOPT_HTTPHEADER.md CURLOPT_HTTPPOST.md CURLOPT_HTTPPROXYTUNNEL.md CURLOPT_IGNORE_CONTENT_LENGTH.md CURLOPT_INFILESIZE.md CURLOPT_INFILESIZE_LARGE.md CURLOPT_INTERFACE.md CURLOPT_INTERLEAVEDATA.md CURLOPT_INTERLEAVEFUNCTION.md CURLOPT_IOCTLDATA.md CURLOPT_IOCTLFUNCTION.md CURLOPT_IPRESOLVE.md CURLOPT_ISSUERCERT.md CURLOPT_ISSUERCERT_BLOB.md CURLOPT_KEEP_SENDING_ON_ERROR.md CURLOPT_KEYPASSWD.md CURLOPT_KRBLEVEL.md CURLOPT_LOCALPORT.md CURLOPT_LOCALPORTRANGE.md CURLOPT_LOGIN_OPTIONS.md CURLOPT_LOW_SPEED_LIMIT.md CURLOPT_LOW_SPEED_TIME.md CURLOPT_MAIL_AUTH.md CURLOPT_MAIL_FROM.md CURLOPT_MAIL_RCPT.md CURLOPT_MAIL_RCPT_ALLOWFAILS.md CURLOPT_MAX_RECV_SPEED_LARGE.md CURLOPT_MAX_SEND_SPEED_LARGE.md CURLOPT_MAXAGE_CONN.md CURLOPT_MAXCONNECTS.md CURLOPT_MAXFILESIZE.md CURLOPT_MAXFILESIZE_LARGE.md CURLOPT_MAXLIFETIME_CONN.md CURLOPT_MAXREDIRS.md CURLOPT_MIME_OPTIONS.md CURLOPT_MIMEPOST.md CURLOPT_NETRC.md CURLOPT_NETRC_FILE.md CURLOPT_NEW_DIRECTORY_PERMS.md CURLOPT_NEW_FILE_PERMS.md CURLOPT_NOBODY.md CURLOPT_NOPROGRESS.md CURLOPT_NOPROXY.md CURLOPT_NOSIGNAL.md CURLOPT_OPENSOCKETDATA.md CURLOPT_OPENSOCKETFUNCTION.md CURLOPT_PASSWORD.md CURLOPT_PATH_AS_IS.md CURLOPT_PINNEDPUBLICKEY.md CURLOPT_PIPEWAIT.md CURLOPT_PORT.md CURLOPT_POST.md CURLOPT_POSTFIELDS.md CURLOPT_POSTFIELDSIZE.md CURLOPT_POSTFIELDSIZE_LARGE.md CURLOPT_POSTQUOTE.md CURLOPT_POSTREDIR.md CURLOPT_PRE_PROXY.md CURLOPT_PREQUOTE.md CURLOPT_PREREQDATA.md CURLOPT_PREREQFUNCTION.md CURLOPT_PRIVATE.md CURLOPT_PROGRESSDATA.md CURLOPT_PROGRESSFUNCTION.md CURLOPT_PROTOCOLS.md CURLOPT_PROTOCOLS_STR.md CURLOPT_PROXY.md CURLOPT_PROXY_CAINFO.md CURLOPT_PROXY_CAINFO_BLOB.md CURLOPT_PROXY_CAPATH.md CURLOPT_PROXY_CRLFILE.md CURLOPT_PROXY_ISSUERCERT.md CURLOPT_PROXY_ISSUERCERT_BLOB.md CURLOPT_PROXY_KEYPASSWD.md CURLOPT_PROXY_PINNEDPUBLICKEY.md CURLOPT_PROXY_SERVICE_NAME.md CURLOPT_PROXY_SSL_CIPHER_LIST.md CURLOPT_PROXY_SSL_OPTIONS.md CURLOPT_PROXY_SSL_VERIFYHOST.md CURLOPT_PROXY_SSL_VERIFYPEER.md CURLOPT_PROXY_SSLCERT.md CURLOPT_PROXY_SSLCERT_BLOB.md CURLOPT_PROXY_SSLCERTTYPE.md CURLOPT_PROXY_SSLKEY.md CURLOPT_PROXY_SSLKEY_BLOB.md CURLOPT_PROXY_SSLKEYTYPE.md CURLOPT_PROXY_SSLVERSION.md CURLOPT_PROXY_TLS13_CIPHERS.md CURLOPT_PROXY_TLSAUTH_PASSWORD.md CURLOPT_PROXY_TLSAUTH_TYPE.md CURLOPT_PROXY_TLSAUTH_USERNAME.md CURLOPT_PROXY_TRANSFER_MODE.md CURLOPT_PROXYAUTH.md CURLOPT_PROXYHEADER.md CURLOPT_PROXYPASSWORD.md CURLOPT_PROXYPORT.md CURLOPT_PROXYTYPE.md CURLOPT_PROXYUSERNAME.md CURLOPT_PROXYUSERPWD.md CURLOPT_PUT.md CURLOPT_QUICK_EXIT.md CURLOPT_QUOTE.md CURLOPT_RANDOM_FILE.md CURLOPT_RANGE.md CURLOPT_READDATA.md CURLOPT_READFUNCTION.md CURLOPT_REDIR_PROTOCOLS.md CURLOPT_REDIR_PROTOCOLS_STR.md CURLOPT_REFERER.md CURLOPT_REQUEST_TARGET.md CURLOPT_RESOLVE.md CURLOPT_RESOLVER_START_DATA.md CURLOPT_RESOLVER_START_FUNCTION.md CURLOPT_RESUME_FROM.md CURLOPT_RESUME_FROM_LARGE.md CURLOPT_RTSP_CLIENT_CSEQ.md CURLOPT_RTSP_REQUEST.md CURLOPT_RTSP_SERVER_CSEQ.md CURLOPT_RTSP_SESSION_ID.md CURLOPT_RTSP_STREAM_URI.md CURLOPT_RTSP_TRANSPORT.md CURLOPT_SASL_AUTHZID.md CURLOPT_SASL_IR.md CURLOPT_SEEKDATA.md CURLOPT_SEEKFUNCTION.md CURLOPT_SERVER_RESPONSE_TIMEOUT.md CURLOPT_SERVER_RESPONSE_TIMEOUT_MS.md CURLOPT_SERVICE_NAME.md CURLOPT_SHARE.md CURLOPT_SOCKOPTDATA.md CURLOPT_SOCKOPTFUNCTION.md CURLOPT_SOCKS5_AUTH.md CURLOPT_SOCKS5_GSSAPI_NEC.md CURLOPT_SOCKS5_GSSAPI_SERVICE.md CURLOPT_SSH_AUTH_TYPES.md CURLOPT_SSH_COMPRESSION.md CURLOPT_SSH_HOSTKEYDATA.md CURLOPT_SSH_HOSTKEYFUNCTION.md CURLOPT_SSH_HOST_PUBLIC_KEY_MD5.md CURLOPT_SSH_HOST_PUBLIC_KEY_SHA256.md CURLOPT_SSH_KEYDATA.md CURLOPT_SSH_KEYFUNCTION.md CURLOPT_SSH_KNOWNHOSTS.md CURLOPT_SSH_PRIVATE_KEYFILE.md CURLOPT_SSH_PUBLIC_KEYFILE.md CURLOPT_SSL_CIPHER_LIST.md CURLOPT_SSL_CTX_DATA.md CURLOPT_SSL_CTX_FUNCTION.md CURLOPT_SSL_EC_CURVES.md CURLOPT_SSL_ENABLE_ALPN.md CURLOPT_SSL_ENABLE_NPN.md CURLOPT_SSL_FALSESTART.md CURLOPT_SSL_OPTIONS.md CURLOPT_SSL_SESSIONID_CACHE.md CURLOPT_SSL_VERIFYHOST.md CURLOPT_SSL_VERIFYPEER.md CURLOPT_SSL_VERIFYSTATUS.md CURLOPT_SSLCERT.md CURLOPT_SSLCERT_BLOB.md CURLOPT_SSLCERTTYPE.md CURLOPT_SSLENGINE.md CURLOPT_SSLENGINE_DEFAULT.md CURLOPT_SSLKEY.md CURLOPT_SSLKEY_BLOB.md CURLOPT_SSLKEYTYPE.md CURLOPT_SSLVERSION.md CURLOPT_STDERR.md CURLOPT_STREAM_DEPENDS.md CURLOPT_STREAM_DEPENDS_E.md CURLOPT_STREAM_WEIGHT.md CURLOPT_SUPPRESS_CONNECT_HEADERS.md CURLOPT_TCP_FASTOPEN.md CURLOPT_TCP_KEEPALIVE.md CURLOPT_TCP_KEEPIDLE.md CURLOPT_TCP_KEEPINTVL.md CURLOPT_TCP_KEEPCNT.md CURLOPT_TCP_NODELAY.md CURLOPT_TELNETOPTIONS.md CURLOPT_TFTP_BLKSIZE.md CURLOPT_TFTP_NO_OPTIONS.md CURLOPT_TIMECONDITION.md CURLOPT_TIMEOUT.md CURLOPT_TIMEOUT_MS.md CURLOPT_TIMEVALUE.md CURLOPT_TIMEVALUE_LARGE.md CURLOPT_TLS13_CIPHERS.md CURLOPT_TLSAUTH_PASSWORD.md CURLOPT_TLSAUTH_TYPE.md CURLOPT_TLSAUTH_USERNAME.md CURLOPT_TRAILERDATA.md CURLOPT_TRAILERFUNCTION.md CURLOPT_TRANSFER_ENCODING.md CURLOPT_TRANSFERTEXT.md CURLOPT_UNIX_SOCKET_PATH.md CURLOPT_UNRESTRICTED_AUTH.md CURLOPT_UPKEEP_INTERVAL_MS.md CURLOPT_UPLOAD.md CURLOPT_UPLOAD_BUFFERSIZE.md CURLOPT_URL.md CURLOPT_USE_SSL.md CURLOPT_USERAGENT.md CURLOPT_USERNAME.md CURLOPT_USERPWD.md CURLOPT_VERBOSE.md CURLOPT_WILDCARDMATCH.md CURLOPT_WRITEDATA.md CURLOPT_WRITEFUNCTION.md CURLOPT_WS_OPTIONS.md CURLOPT_XFERINFODATA.md CURLOPT_XFERINFOFUNCTION.md CURLOPT_XOAUTH2_BEARER.md CURLSHOPT_LOCKFUNC.md CURLSHOPT_SHARE.md CURLSHOPT_UNLOCKFUNC.md CURLSHOPT_UNSHARE.md CURLSHOPT_USERDATA.md
[17/514] cd /project/build/cp310-cp310-linux_x86_64/_deps/curl-build/docs/libcurl && /usr/bin/perl /project/build/cp310-cp310-linux_x86_64/_deps/curl-src/docs/libcurl/mksymbolsmanpage.pl < /project/build/cp310-cp310-linux_x86_64/_deps/curl-src/docs/libcurl/symbols-in-versions > libcurl-symbols.md
[18/514] /opt/rh/devtoolset-10/root/usr/bin/gcc  -pthread -DBUILDING_LIBCURL -DCURL_HIDDEN_SYMBOLS -DHAVE_CONFIG_H -Dlibcurl_shared_EXPORTS -I/project/build/cp310-cp310-linux_x86_64/_deps/curl-src/include -I/project/build/cp310-cp310-linux_x86_64/_deps/curl-build/lib -I/project/build/cp310-cp310-linux_x86_64/_deps/curl-src/lib -Werror-implicit-function-declaration -W -Wall -pedantic -Wbad-function-cast -Wconversion -Winline -Wmissing-declarations -Wmissing-prototypes -Wnested-externs -Wno-long-long -Wno-multichar -Wpointer-arith -Wshadow -Wsign-compare -Wundef -Wunused -Wwrite-strings -Waddress -Wattributes -Wcast-align -Wdeclaration-after-statement -Wdiv-by-zero -Wempty-body -Wendif-labels -Wfloat-equal -Wformat-security -Wignored-qualifiers -Wmissing-field-initializers -Wmissing-noreturn -Wno-format-nonliteral -Wno-system-headers -Wold-style-definition -Wredundant-decls -Wsign-conversion -Wno-error=sign-conversion -Wstrict-prototypes -Wtype-limits -Wunreachable-code -Wunused-parameter -Wvla -Wclobbered -Wmissing-parameter-type -Wold-style-declaration -Wstrict-aliasing=3 -Wtrampolines -Wformat=2 -Warray-bounds=2 -ftree-vrp -Wduplicated-cond -Wnull-dereference -fdelete-null-pointer-checks -Wshift-negative-value -Wshift-overflow=2 -Walloc-zero -Wduplicated-branches -Wno-format-overflow -Wformat-truncation=2 -Wimplicit-fallthrough -Wrestrict -Warith-conversion -Wdouble-promotion -Wenum-conversion -Wpragmas -Wunused-const-variable -O3 -DNDEBUG -fPIC -fvisibility=hidden -Wno-dev -MD -MT _deps/curl-build/lib/CMakeFiles/libcurl_shared.dir/curl_endian.c.o -MF _deps/curl-build/lib/CMakeFiles/libcurl_shared.dir/curl_endian.c.o.d -o _deps/curl-build/lib/CMakeFiles/libcurl_shared.dir/curl_endian.c.o -c /project/build/cp310-cp310-linux_x86_64/_deps/curl-src/lib/curl_endian.c
[19/514] /opt/rh/devtoolset-10/root/usr/bin/gcc  -pthread -DBUILDING_LIBCURL -DCURL_HIDDEN_SYMBOLS -DHAVE_CONFIG_H -Dlibcurl_shared_EXPORTS -I/project/build/cp310-cp310-linux_x86_64/_deps/curl-src/include -I/project/build/cp310-cp310-linux_x86_64/_deps/curl-build/lib -I/project/build/cp310-cp310-linux_x86_64/_deps/curl-src/lib -Werror-implicit-function-declaration -W -Wall -pedantic -Wbad-function-cast -Wconversion -Winline -Wmissing-declarations -Wmissing-prototypes -Wnested-externs -Wno-long-long -Wno-multichar -Wpointer-arith -Wshadow -Wsign-compare -Wundef -Wunused -Wwrite-strings -Waddress -Wattributes -Wcast-align -Wdeclaration-after-statement -Wdiv-by-zero -Wempty-body -Wendif-labels -Wfloat-equal -Wformat-security -Wignored-qualifiers -Wmissing-field-initializers -Wmissing-noreturn -Wno-format-nonliteral -Wno-system-headers -Wold-style-definition -Wredundant-decls -Wsign-conversion -Wno-error=sign-conversion -Wstrict-prototypes -Wtype-limits -Wunreachable-code -Wunused-parameter -Wvla -Wclobbered -Wmissing-parameter-type -Wold-style-declaration -Wstrict-aliasing=3 -Wtrampolines -Wformat=2 -Warray-bounds=2 -ftree-vrp -Wduplicated-cond -Wnull-dereference -fdelete-null-pointer-checks -Wshift-negative-value -Wshift-overflow=2 -Walloc-zero -Wduplicated-branches -Wno-format-overflow -Wformat-truncation=2 -Wimplicit-fallthrough -Wrestrict -Warith-conversion -Wdouble-promotion -Wenum-conversion -Wpragmas -Wunused-const-variable -O3 -DNDEBUG -fPIC -fvisibility=hidden -Wno-dev -MD -MT _deps/curl-build/lib/CMakeFiles/libcurl_shared.dir/cf-h1-proxy.c.o -MF _deps/curl-build/lib/CMakeFiles/libcurl_shared.dir/cf-h1-proxy.c.o.d -o _deps/curl-build/lib/CMakeFiles/libcurl_shared.dir/cf-h1-proxy.c.o -c /project/build/cp310-cp310-linux_x86_64/_deps/curl-src/lib/cf-h1-proxy.c
[20/514] /opt/rh/devtoolset-10/root/usr/bin/gcc  -pthread -DBUILDING_LIBCURL -DCURL_HIDDEN_SYMBOLS -DHAVE_CONFIG_H -Dlibcurl_shared_EXPORTS -I/project/build/cp310-cp310-linux_x86_64/_deps/curl-src/include -I/project/build/cp310-cp310-linux_x86_64/_deps/curl-build/lib -I/project/build/cp310-cp310-linux_x86_64/_deps/curl-src/lib -Werror-implicit-function-declaration -W -Wall -pedantic -Wbad-function-cast -Wconversion -Winline -Wmissing-declarations -Wmissing-prototypes -Wnested-externs -Wno-long-long -Wno-multichar -Wpointer-arith -Wshadow -Wsign-compare -Wundef -Wunused -Wwrite-strings -Waddress -Wattributes -Wcast-align -Wdeclaration-after-statement -Wdiv-by-zero -Wempty-body -Wendif-labels -Wfloat-equal -Wformat-security -Wignored-qualifiers -Wmissing-field-initializers -Wmissing-noreturn -Wno-format-nonliteral -Wno-system-headers -Wold-style-definition -Wredundant-decls -Wsign-conversion -Wno-error=sign-conversion -Wstrict-prototypes -Wtype-limits -Wunreachable-code -Wunused-parameter -Wvla -Wclobbered -Wmissing-parameter-type -Wold-style-declaration -Wstrict-aliasing=3 -Wtrampolines -Wformat=2 -Warray-bounds=2 -ftree-vrp -Wduplicated-cond -Wnull-dereference -fdelete-null-pointer-checks -Wshift-negative-value -Wshift-overflow=2 -Walloc-zero -Wduplicated-branches -Wno-format-overflow -Wformat-truncation=2 -Wimplicit-fallthrough -Wrestrict -Warith-conversion -Wdouble-promotion -Wenum-conversion -Wpragmas -Wunused-const-variable -O3 -DNDEBUG -fPIC -fvisibility=hidden -Wno-dev -MD -MT _deps/curl-build/lib/CMakeFiles/libcurl_shared.dir/content_encoding.c.o -MF _deps/curl-build/lib/CMakeFiles/libcurl_shared.dir/content_encoding.c.o.d -o _deps/curl-build/lib/CMakeFiles/libcurl_shared.dir/content_encoding.c.o -c /project/build/cp310-cp310-linux_x86_64/_deps/curl-src/lib/content_encoding.c
[21/514] /opt/rh/devtoolset-10/root/usr/bin/gcc  -pthread -DBUILDING_LIBCURL -DCURL_HIDDEN_SYMBOLS -DHAVE_CONFIG_H -Dlibcurl_shared_EXPORTS -I/project/build/cp310-cp310-linux_x86_64/_deps/curl-src/include -I/project/build/cp310-cp310-linux_x86_64/_deps/curl-build/lib -I/project/build/cp310-cp310-linux_x86_64/_deps/curl-src/lib -Werror-implicit-function-declaration -W -Wall -pedantic -Wbad-function-cast -Wconversion -Winline -Wmissing-declarations -Wmissing-prototypes -Wnested-externs -Wno-long-long -Wno-multichar -Wpointer-arith -Wshadow -Wsign-compare -Wundef -Wunused -Wwrite-strings -Waddress -Wattributes -Wcast-align -Wdeclaration-after-statement -Wdiv-by-zero -Wempty-body -Wendif-labels -Wfloat-equal -Wformat-security -Wignored-qualifiers -Wmissing-field-initializers -Wmissing-noreturn -Wno-format-nonliteral -Wno-system-headers -Wold-style-definition -Wredundant-decls -Wsign-conversion -Wno-error=sign-conversion -Wstrict-prototypes -Wtype-limits -Wunreachable-code -Wunused-parameter -Wvla -Wclobbered -Wmissing-parameter-type -Wold-style-declaration -Wstrict-aliasing=3 -Wtrampolines -Wformat=2 -Warray-bounds=2 -ftree-vrp -Wduplicated-cond -Wnull-dereference -fdelete-null-pointer-checks -Wshift-negative-value -Wshift-overflow=2 -Walloc-zero -Wduplicated-branches -Wno-format-overflow -Wformat-truncation=2 -Wimplicit-fallthrough -Wrestrict -Warith-conversion -Wdouble-promotion -Wenum-conversion -Wpragmas -Wunused-const-variable -O3 -DNDEBUG -fPIC -fvisibility=hidden -Wno-dev -MD -MT _deps/curl-build/lib/CMakeFiles/libcurl_shared.dir/curl_addrinfo.c.o -MF _deps/curl-build/lib/CMakeFiles/libcurl_shared.dir/curl_addrinfo.c.o.d -o _deps/curl-build/lib/CMakeFiles/libcurl_shared.dir/curl_addrinfo.c.o -c /project/build/cp310-cp310-linux_x86_64/_deps/curl-src/lib/curl_addrinfo.c
[22/514] /opt/rh/devtoolset-10/root/usr/bin/gcc  -pthread -DBUILDING_LIBCURL -DCURL_HIDDEN_SYMBOLS -DHAVE_CONFIG_H -Dlibcurl_shared_EXPORTS -I/project/build/cp310-cp310-linux_x86_64/_deps/curl-src/include -I/project/build/cp310-cp310-linux_x86_64/_deps/curl-build/lib -I/project/build/cp310-cp310-linux_x86_64/_deps/curl-src/lib -Werror-implicit-function-declaration -W -Wall -pedantic -Wbad-function-cast -Wconversion -Winline -Wmissing-declarations -Wmissing-prototypes -Wnested-externs -Wno-long-long -Wno-multichar -Wpointer-arith -Wshadow -Wsign-compare -Wundef -Wunused -Wwrite-strings -Waddress -Wattributes -Wcast-align -Wdeclaration-after-statement -Wdiv-by-zero -Wempty-body -Wendif-labels -Wfloat-equal -Wformat-security -Wignored-qualifiers -Wmissing-field-initializers -Wmissing-noreturn -Wno-format-nonliteral -Wno-system-headers -Wold-style-definition -Wredundant-decls -Wsign-conversion -Wno-error=sign-conversion -Wstrict-prototypes -Wtype-limits -Wunreachable-code -Wunused-parameter -Wvla -Wclobbered -Wmissing-parameter-type -Wold-style-declaration -Wstrict-aliasing=3 -Wtrampolines -Wformat=2 -Warray-bounds=2 -ftree-vrp -Wduplicated-cond -Wnull-dereference -fdelete-null-pointer-checks -Wshift-negative-value -Wshift-overflow=2 -Walloc-zero -Wduplicated-branches -Wno-format-overflow -Wformat-truncation=2 -Wimplicit-fallthrough -Wrestrict -Warith-conversion -Wdouble-promotion -Wenum-conversion -Wpragmas -Wunused-const-variable -O3 -DNDEBUG -fPIC -fvisibility=hidden -Wno-dev -MD -MT _deps/curl-build/lib/CMakeFiles/libcurl_shared.dir/curl_fnmatch.c.o -MF _deps/curl-build/lib/CMakeFiles/libcurl_shared.dir/curl_fnmatch.c.o.d -o _deps/curl-build/lib/CMakeFiles/libcurl_shared.dir/curl_fnmatch.c.o -c /project/build/cp310-cp310-linux_x86_64/_deps/curl-src/lib/curl_fnmatch.c
[23/514] /opt/rh/devtoolset-10/root/usr/bin/gcc  -pthread -DBUILDING_LIBCURL -DCURL_HIDDEN_SYMBOLS -DHAVE_CONFIG_H -Dlibcurl_shared_EXPORTS -I/project/build/cp310-cp310-linux_x86_64/_deps/curl-src/include -I/project/build/cp310-cp310-linux_x86_64/_deps/curl-build/lib -I/project/build/cp310-cp310-linux_x86_64/_deps/curl-src/lib -Werror-implicit-function-declaration -W -Wall -pedantic -Wbad-function-cast -Wconversion -Winline -Wmissing-declarations -Wmissing-prototypes -Wnested-externs -Wno-long-long -Wno-multichar -Wpointer-arith -Wshadow -Wsign-compare -Wundef -Wunused -Wwrite-strings -Waddress -Wattributes -Wcast-align -Wdeclaration-after-statement -Wdiv-by-zero -Wempty-body -Wendif-labels -Wfloat-equal -Wformat-security -Wignored-qualifiers -Wmissing-field-initializers -Wmissing-noreturn -Wno-format-nonliteral -Wno-system-headers -Wold-style-definition -Wredundant-decls -Wsign-conversion -Wno-error=sign-conversion -Wstrict-prototypes -Wtype-limits -Wunreachable-code -Wunused-parameter -Wvla -Wclobbered -Wmissing-parameter-type -Wold-style-declaration -Wstrict-aliasing=3 -Wtrampolines -Wformat=2 -Warray-bounds=2 -ftree-vrp -Wduplicated-cond -Wnull-dereference -fdelete-null-pointer-checks -Wshift-negative-value -Wshift-overflow=2 -Walloc-zero -Wduplicated-branches -Wno-format-overflow -Wformat-truncation=2 -Wimplicit-fallthrough -Wrestrict -Warith-conversion -Wdouble-promotion -Wenum-conversion -Wpragmas -Wunused-const-variable -O3 -DNDEBUG -fPIC -fvisibility=hidden -Wno-dev -MD -MT _deps/curl-build/lib/CMakeFiles/libcurl_shared.dir/curl_gssapi.c.o -MF _deps/curl-build/lib/CMakeFiles/libcurl_shared.dir/curl_gssapi.c.o.d -o _deps/curl-build/lib/CMakeFiles/libcurl_shared.dir/curl_gssapi.c.o -c /project/build/cp310-cp310-linux_x86_64/_deps/curl-src/lib/curl_gssapi.c
[24/514] /opt/rh/devtoolset-10/root/usr/bin/gcc  -pthread -DBUILDING_LIBCURL -DCURL_HIDDEN_SYMBOLS -DHAVE_CONFIG_H -Dlibcurl_shared_EXPORTS -I/project/build/cp310-cp310-linux_x86_64/_deps/curl-src/include -I/project/build/cp310-cp310-linux_x86_64/_deps/curl-build/lib -I/project/build/cp310-cp310-linux_x86_64/_deps/curl-src/lib -Werror-implicit-function-declaration -W -Wall -pedantic -Wbad-function-cast -Wconversion -Winline -Wmissing-declarations -Wmissing-prototypes -Wnested-externs -Wno-long-long -Wno-multichar -Wpointer-arith -Wshadow -Wsign-compare -Wundef -Wunused -Wwrite-strings -Waddress -Wattributes -Wcast-align -Wdeclaration-after-statement -Wdiv-by-zero -Wempty-body -Wendif-labels -Wfloat-equal -Wformat-security -Wignored-qualifiers -Wmissing-field-initializers -Wmissing-noreturn -Wno-format-nonliteral -Wno-system-headers -Wold-style-definition -Wredundant-decls -Wsign-conversion -Wno-error=sign-conversion -Wstrict-prototypes -Wtype-limits -Wunreachable-code -Wunused-parameter -Wvla -Wclobbered -Wmissing-parameter-type -Wold-style-declaration -Wstrict-aliasing=3 -Wtrampolines -Wformat=2 -Warray-bounds=2 -ftree-vrp -Wduplicated-cond -Wnull-dereference -fdelete-null-pointer-checks -Wshift-negative-value -Wshift-overflow=2 -Walloc-zero -Wduplicated-branches -Wno-format-overflow -Wformat-truncation=2 -Wimplicit-fallthrough -Wrestrict -Warith-conversion -Wdouble-promotion -Wenum-conversion -Wpragmas -Wunused-const-variable -O3 -DNDEBUG -fPIC -fvisibility=hidden -Wno-dev -MD -MT _deps/curl-build/lib/CMakeFiles/libcurl_shared.dir/curl_get_line.c.o -MF _deps/curl-build/lib/CMakeFiles/libcurl_shared.dir/curl_get_line.c.o.d -o _deps/curl-build/lib/CMakeFiles/libcurl_shared.dir/curl_get_line.c.o -c /project/build/cp310-cp310-linux_x86_64/_deps/curl-src/lib/curl_get_line.c
[25/514] /opt/rh/devtoolset-10/root/usr/bin/gcc  -pthread -DBUILDING_LIBCURL -DCURL_HIDDEN_SYMBOLS -DHAVE_CONFIG_H -Dlibcurl_shared_EXPORTS -I/project/build/cp310-cp310-linux_x86_64/_deps/curl-src/include -I/project/build/cp310-cp310-linux_x86_64/_deps/curl-build/lib -I/project/build/cp310-cp310-linux_x86_64/_deps/curl-src/lib -Werror-implicit-function-declaration -W -Wall -pedantic -Wbad-function-cast -Wconversion -Winline -Wmissing-declarations -Wmissing-prototypes -Wnested-externs -Wno-long-long -Wno-multichar -Wpointer-arith -Wshadow -Wsign-compare -Wundef -Wunused -Wwrite-strings -Waddress -Wattributes -Wcast-align -Wdeclaration-after-statement -Wdiv-by-zero -Wempty-body -Wendif-labels -Wfloat-equal -Wformat-security -Wignored-qualifiers -Wmissing-field-initializers -Wmissing-noreturn -Wno-format-nonliteral -Wno-system-headers -Wold-style-definition -Wredundant-decls -Wsign-conversion -Wno-error=sign-conversion -Wstrict-prototypes -Wtype-limits -Wunreachable-code -Wunused-parameter -Wvla -Wclobbered -Wmissing-parameter-type -Wold-style-declaration -Wstrict-aliasing=3 -Wtrampolines -Wformat=2 -Warray-bounds=2 -ftree-vrp -Wduplicated-cond -Wnull-dereference -fdelete-null-pointer-checks -Wshift-negative-value -Wshift-overflow=2 -Walloc-zero -Wduplicated-branches -Wno-format-overflow -Wformat-truncation=2 -Wimplicit-fallthrough -Wrestrict -Warith-conversion -Wdouble-promotion -Wenum-conversion -Wpragmas -Wunused-const-variable -O3 -DNDEBUG -fPIC -fvisibility=hidden -Wno-dev -MD -MT _deps/curl-build/lib/CMakeFiles/libcurl_shared.dir/curl_gethostname.c.o -MF _deps/curl-build/lib/CMakeFiles/libcurl_shared.dir/curl_gethostname.c.o.d -o _deps/curl-build/lib/CMakeFiles/libcurl_shared.dir/curl_gethostname.c.o -c /project/build/cp310-cp310-linux_x86_64/_deps/curl-src/lib/curl_gethostname.c
[26/514] /opt/rh/devtoolset-10/root/usr/bin/gcc  -pthread -DBUILDING_LIBCURL -DCURL_HIDDEN_SYMBOLS -DHAVE_CONFIG_H -Dlibcurl_shared_EXPORTS -I/project/build/cp310-cp310-linux_x86_64/_deps/curl-src/include -I/project/build/cp310-cp310-linux_x86_64/_deps/curl-build/lib -I/project/build/cp310-cp310-linux_x86_64/_deps/curl-src/lib -Werror-implicit-function-declaration -W -Wall -pedantic -Wbad-function-cast -Wconversion -Winline -Wmissing-declarations -Wmissing-prototypes -Wnested-externs -Wno-long-long -Wno-multichar -Wpointer-arith -Wshadow -Wsign-compare -Wundef -Wunused -Wwrite-strings -Waddress -Wattributes -Wcast-align -Wdeclaration-after-statement -Wdiv-by-zero -Wempty-body -Wendif-labels -Wfloat-equal -Wformat-security -Wignored-qualifiers -Wmissing-field-initializers -Wmissing-noreturn -Wno-format-nonliteral -Wno-system-headers -Wold-style-definition -Wredundant-decls -Wsign-conversion -Wno-error=sign-conversion -Wstrict-prototypes -Wtype-limits -Wunreachable-code -Wunused-parameter -Wvla -Wclobbered -Wmissing-parameter-type -Wold-style-declaration -Wstrict-aliasing=3 -Wtrampolines -Wformat=2 -Warray-bounds=2 -ftree-vrp -Wduplicated-cond -Wnull-dereference -fdelete-null-pointer-checks -Wshift-negative-value -Wshift-overflow=2 -Walloc-zero -Wduplicated-branches -Wno-format-overflow -Wformat-truncation=2 -Wimplicit-fallthrough -Wrestrict -Warith-conversion -Wdouble-promotion -Wenum-conversion -Wpragmas -Wunused-const-variable -O3 -DNDEBUG -fPIC -fvisibility=hidden -Wno-dev -MD -MT _deps/curl-build/lib/CMakeFiles/libcurl_shared.dir/curl_memrchr.c.o -MF _deps/curl-build/lib/CMakeFiles/libcurl_shared.dir/curl_memrchr.c.o.d -o _deps/curl-build/lib/CMakeFiles/libcurl_shared.dir/curl_memrchr.c.o -c /project/build/cp310-cp310-linux_x86_64/_deps/curl-src/lib/curl_memrchr.c
[27/514] /opt/rh/devtoolset-10/root/usr/bin/gcc  -pthread -DBUILDING_LIBCURL -DCURL_HIDDEN_SYMBOLS -DHAVE_CONFIG_H -Dlibcurl_shared_EXPORTS -I/project/build/cp310-cp310-linux_x86_64/_deps/curl-src/include -I/project/build/cp310-cp310-linux_x86_64/_deps/curl-build/lib -I/project/build/cp310-cp310-linux_x86_64/_deps/curl-src/lib -Werror-implicit-function-declaration -W -Wall -pedantic -Wbad-function-cast -Wconversion -Winline -Wmissing-declarations -Wmissing-prototypes -Wnested-externs -Wno-long-long -Wno-multichar -Wpointer-arith -Wshadow -Wsign-compare -Wundef -Wunused -Wwrite-strings -Waddress -Wattributes -Wcast-align -Wdeclaration-after-statement -Wdiv-by-zero -Wempty-body -Wendif-labels -Wfloat-equal -Wformat-security -Wignored-qualifiers -Wmissing-field-initializers -Wmissing-noreturn -Wno-format-nonliteral -Wno-system-headers -Wold-style-definition -Wredundant-decls -Wsign-conversion -Wno-error=sign-conversion -Wstrict-prototypes -Wtype-limits -Wunreachable-code -Wunused-parameter -Wvla -Wclobbered -Wmissing-parameter-type -Wold-style-declaration -Wstrict-aliasing=3 -Wtrampolines -Wformat=2 -Warray-bounds=2 -ftree-vrp -Wduplicated-cond -Wnull-dereference -fdelete-null-pointer-checks -Wshift-negative-value -Wshift-overflow=2 -Walloc-zero -Wduplicated-branches -Wno-format-overflow -Wformat-truncation=2 -Wimplicit-fallthrough -Wrestrict -Warith-conversion -Wdouble-promotion -Wenum-conversion -Wpragmas -Wunused-const-variable -O3 -DNDEBUG -fPIC -fvisibility=hidden -Wno-dev -MD -MT _deps/curl-build/lib/CMakeFiles/libcurl_shared.dir/cfilters.c.o -MF _deps/curl-build/lib/CMakeFiles/libcurl_shared.dir/cfilters.c.o.d -o _deps/curl-build/lib/CMakeFiles/libcurl_shared.dir/cfilters.c.o -c /project/build/cp310-cp310-linux_x86_64/_deps/curl-src/lib/cfilters.c
[28/514] /opt/rh/devtoolset-10/root/usr/bin/gcc  -pthread -DBUILDING_LIBCURL -DCURL_HIDDEN_SYMBOLS -DHAVE_CONFIG_H -Dlibcurl_shared_EXPORTS -I/project/build/cp310-cp310-linux_x86_64/_deps/curl-src/include -I/project/build/cp310-cp310-linux_x86_64/_deps/curl-build/lib -I/project/build/cp310-cp310-linux_x86_64/_deps/curl-src/lib -Werror-implicit-function-declaration -W -Wall -pedantic -Wbad-function-cast -Wconversion -Winline -Wmissing-declarations -Wmissing-prototypes -Wnested-externs -Wno-long-long -Wno-multichar -Wpointer-arith -Wshadow -Wsign-compare -Wundef -Wunused -Wwrite-strings -Waddress -Wattributes -Wcast-align -Wdeclaration-after-statement -Wdiv-by-zero -Wempty-body -Wendif-labels -Wfloat-equal -Wformat-security -Wignored-qualifiers -Wmissing-field-initializers -Wmissing-noreturn -Wno-format-nonliteral -Wno-system-headers -Wold-style-definition -Wredundant-decls -Wsign-conversion -Wno-error=sign-conversion -Wstrict-prototypes -Wtype-limits -Wunreachable-code -Wunused-parameter -Wvla -Wclobbered -Wmissing-parameter-type -Wold-style-declaration -Wstrict-aliasing=3 -Wtrampolines -Wformat=2 -Warray-bounds=2 -ftree-vrp -Wduplicated-cond -Wnull-dereference -fdelete-null-pointer-checks -Wshift-negative-value -Wshift-overflow=2 -Walloc-zero -Wduplicated-branches -Wno-format-overflow -Wformat-truncation=2 -Wimplicit-fallthrough -Wrestrict -Warith-conversion -Wdouble-promotion -Wenum-conversion -Wpragmas -Wunused-const-variable -O3 -DNDEBUG -fPIC -fvisibility=hidden -Wno-dev -MD -MT _deps/curl-build/lib/CMakeFiles/libcurl_shared.dir/curl_multibyte.c.o -MF _deps/curl-build/lib/CMakeFiles/libcurl_shared.dir/curl_multibyte.c.o.d -o _deps/curl-build/lib/CMakeFiles/libcurl_shared.dir/curl_multibyte.c.o -c /project/build/cp310-cp310-linux_x86_64/_deps/curl-src/lib/curl_multibyte.c
[29/514] /opt/rh/devtoolset-10/root/usr/bin/gcc  -pthread -DBUILDING_LIBCURL -DCURL_HIDDEN_SYMBOLS -DHAVE_CONFIG_H -Dlibcurl_shared_EXPORTS -I/project/build/cp310-cp310-linux_x86_64/_deps/curl-src/include -I/project/build/cp310-cp310-linux_x86_64/_deps/curl-build/lib -I/project/build/cp310-cp310-linux_x86_64/_deps/curl-src/lib -Werror-implicit-function-declaration -W -Wall -pedantic -Wbad-function-cast -Wconversion -Winline -Wmissing-declarations -Wmissing-prototypes -Wnested-externs -Wno-long-long -Wno-multichar -Wpointer-arith -Wshadow -Wsign-compare -Wundef -Wunused -Wwrite-strings -Waddress -Wattributes -Wcast-align -Wdeclaration-after-statement -Wdiv-by-zero -Wempty-body -Wendif-labels -Wfloat-equal -Wformat-security -Wignored-qualifiers -Wmissing-field-initializers -Wmissing-noreturn -Wno-format-nonliteral -Wno-system-headers -Wold-style-definition -Wredundant-decls -Wsign-conversion -Wno-error=sign-conversion -Wstrict-prototypes -Wtype-limits -Wunreachable-code -Wunused-parameter -Wvla -Wclobbered -Wmissing-parameter-type -Wold-style-declaration -Wstrict-aliasing=3 -Wtrampolines -Wformat=2 -Warray-bounds=2 -ftree-vrp -Wduplicated-cond -Wnull-dereference -fdelete-null-pointer-checks -Wshift-negative-value -Wshift-overflow=2 -Walloc-zero -Wduplicated-branches -Wno-format-overflow -Wformat-truncation=2 -Wimplicit-fallthrough -Wrestrict -Warith-conversion -Wdouble-promotion -Wenum-conversion -Wpragmas -Wunused-const-variable -O3 -DNDEBUG -fPIC -fvisibility=hidden -Wno-dev -MD -MT _deps/curl-build/lib/CMakeFiles/libcurl_shared.dir/curl_path.c.o -MF _deps/curl-build/lib/CMakeFiles/libcurl_shared.dir/curl_path.c.o.d -o _deps/curl-build/lib/CMakeFiles/libcurl_shared.dir/curl_path.c.o -c /project/build/cp310-cp310-linux_x86_64/_deps/curl-src/lib/curl_path.c
[30/514] /opt/rh/devtoolset-10/root/usr/bin/gcc  -pthread -DBUILDING_LIBCURL -DCURL_HIDDEN_SYMBOLS -DHAVE_CONFIG_H -Dlibcurl_shared_EXPORTS -I/project/build/cp310-cp310-linux_x86_64/_deps/curl-src/include -I/project/build/cp310-cp310-linux_x86_64/_deps/curl-build/lib -I/project/build/cp310-cp310-linux_x86_64/_deps/curl-src/lib -Werror-implicit-function-declaration -W -Wall -pedantic -Wbad-function-cast -Wconversion -Winline -Wmissing-declarations -Wmissing-prototypes -Wnested-externs -Wno-long-long -Wno-multichar -Wpointer-arith -Wshadow -Wsign-compare -Wundef -Wunused -Wwrite-strings -Waddress -Wattributes -Wcast-align -Wdeclaration-after-statement -Wdiv-by-zero -Wempty-body -Wendif-labels -Wfloat-equal -Wformat-security -Wignored-qualifiers -Wmissing-field-initializers -Wmissing-noreturn -Wno-format-nonliteral -Wno-system-headers -Wold-style-definition -Wredundant-decls -Wsign-conversion -Wno-error=sign-conversion -Wstrict-prototypes -Wtype-limits -Wunreachable-code -Wunused-parameter -Wvla -Wclobbered -Wmissing-parameter-type -Wold-style-declaration -Wstrict-aliasing=3 -Wtrampolines -Wformat=2 -Warray-bounds=2 -ftree-vrp -Wduplicated-cond -Wnull-dereference -fdelete-null-pointer-checks -Wshift-negative-value -Wshift-overflow=2 -Walloc-zero -Wduplicated-branches -Wno-format-overflow -Wformat-truncation=2 -Wimplicit-fallthrough -Wrestrict -Warith-conversion -Wdouble-promotion -Wenum-conversion -Wpragmas -Wunused-const-variable -O3 -DNDEBUG -fPIC -fvisibility=hidden -Wno-dev -MD -MT _deps/curl-build/lib/CMakeFiles/libcurl_shared.dir/curl_rtmp.c.o -MF _deps/curl-build/lib/CMakeFiles/libcurl_shared.dir/curl_rtmp.c.o.d -o _deps/curl-build/lib/CMakeFiles/libcurl_shared.dir/curl_rtmp.c.o -c /project/build/cp310-cp310-linux_x86_64/_deps/curl-src/lib/curl_rtmp.c
[31/514] /opt/rh/devtoolset-10/root/usr/bin/gcc  -pthread -DBUILDING_LIBCURL -DCURL_HIDDEN_SYMBOLS -DHAVE_CONFIG_H -Dlibcurl_shared_EXPORTS -I/project/build/cp310-cp310-linux_x86_64/_deps/curl-src/include -I/project/build/cp310-cp310-linux_x86_64/_deps/curl-build/lib -I/project/build/cp310-cp310-linux_x86_64/_deps/curl-src/lib -Werror-implicit-function-declaration -W -Wall -pedantic -Wbad-function-cast -Wconversion -Winline -Wmissing-declarations -Wmissing-prototypes -Wnested-externs -Wno-long-long -Wno-multichar -Wpointer-arith -Wshadow -Wsign-compare -Wundef -Wunused -Wwrite-strings -Waddress -Wattributes -Wcast-align -Wdeclaration-after-statement -Wdiv-by-zero -Wempty-body -Wendif-labels -Wfloat-equal -Wformat-security -Wignored-qualifiers -Wmissing-field-initializers -Wmissing-noreturn -Wno-format-nonliteral -Wno-system-headers -Wold-style-definition -Wredundant-decls -Wsign-conversion -Wno-error=sign-conversion -Wstrict-prototypes -Wtype-limits -Wunreachable-code -Wunused-parameter -Wvla -Wclobbered -Wmissing-parameter-type -Wold-style-declaration -Wstrict-aliasing=3 -Wtrampolines -Wformat=2 -Warray-bounds=2 -ftree-vrp -Wduplicated-cond -Wnull-dereference -fdelete-null-pointer-checks -Wshift-negative-value -Wshift-overflow=2 -Walloc-zero -Wduplicated-branches -Wno-format-overflow -Wformat-truncation=2 -Wimplicit-fallthrough -Wrestrict -Warith-conversion -Wdouble-promotion -Wenum-conversion -Wpragmas -Wunused-const-variable -O3 -DNDEBUG -fPIC -fvisibility=hidden -Wno-dev -MD -MT _deps/curl-build/lib/CMakeFiles/libcurl_shared.dir/cf-socket.c.o -MF _deps/curl-build/lib/CMakeFiles/libcurl_shared.dir/cf-socket.c.o.d -o _deps/curl-build/lib/CMakeFiles/libcurl_shared.dir/cf-socket.c.o -c /project/build/cp310-cp310-linux_x86_64/_deps/curl-src/lib/cf-socket.c
[32/514] /opt/rh/devtoolset-10/root/usr/bin/gcc  -pthread -DBUILDING_LIBCURL -DCURL_HIDDEN_SYMBOLS -DHAVE_CONFIG_H -Dlibcurl_shared_EXPORTS -I/project/build/cp310-cp310-linux_x86_64/_deps/curl-src/include -I/project/build/cp310-cp310-linux_x86_64/_deps/curl-build/lib -I/project/build/cp310-cp310-linux_x86_64/_deps/curl-src/lib -Werror-implicit-function-declaration -W -Wall -pedantic -Wbad-function-cast -Wconversion -Winline -Wmissing-declarations -Wmissing-prototypes -Wnested-externs -Wno-long-long -Wno-multichar -Wpointer-arith -Wshadow -Wsign-compare -Wundef -Wunused -Wwrite-strings -Waddress -Wattributes -Wcast-align -Wdeclaration-after-statement -Wdiv-by-zero -Wempty-body -Wendif-labels -Wfloat-equal -Wformat-security -Wignored-qualifiers -Wmissing-field-initializers -Wmissing-noreturn -Wno-format-nonliteral -Wno-system-headers -Wold-style-definition -Wredundant-decls -Wsign-conversion -Wno-error=sign-conversion -Wstrict-prototypes -Wtype-limits -Wunreachable-code -Wunused-parameter -Wvla -Wclobbered -Wmissing-parameter-type -Wold-style-declaration -Wstrict-aliasing=3 -Wtrampolines -Wformat=2 -Warray-bounds=2 -ftree-vrp -Wduplicated-cond -Wnull-dereference -fdelete-null-pointer-checks -Wshift-negative-value -Wshift-overflow=2 -Walloc-zero -Wduplicated-branches -Wno-format-overflow -Wformat-truncation=2 -Wimplicit-fallthrough -Wrestrict -Warith-conversion -Wdouble-promotion -Wenum-conversion -Wpragmas -Wunused-const-variable -O3 -DNDEBUG -fPIC -fvisibility=hidden -Wno-dev -MD -MT _deps/curl-build/lib/CMakeFiles/libcurl_shared.dir/curl_range.c.o -MF _deps/curl-build/lib/CMakeFiles/libcurl_shared.dir/curl_range.c.o.d -o _deps/curl-build/lib/CMakeFiles/libcurl_shared.dir/curl_range.c.o -c /project/build/cp310-cp310-linux_x86_64/_deps/curl-src/lib/curl_range.c
[33/514] /opt/rh/devtoolset-10/root/usr/bin/gcc  -pthread -DBUILDING_LIBCURL -DCURL_HIDDEN_SYMBOLS -DHAVE_CONFIG_H -Dlibcurl_shared_EXPORTS -I/project/build/cp310-cp310-linux_x86_64/_deps/curl-src/include -I/project/build/cp310-cp310-linux_x86_64/_deps/curl-build/lib -I/project/build/cp310-cp310-linux_x86_64/_deps/curl-src/lib -Werror-implicit-function-declaration -W -Wall -pedantic -Wbad-function-cast -Wconversion -Winline -Wmissing-declarations -Wmissing-prototypes -Wnested-externs -Wno-long-long -Wno-multichar -Wpointer-arith -Wshadow -Wsign-compare -Wundef -Wunused -Wwrite-strings -Waddress -Wattributes -Wcast-align -Wdeclaration-after-statement -Wdiv-by-zero -Wempty-body -Wendif-labels -Wfloat-equal -Wformat-security -Wignored-qualifiers -Wmissing-field-initializers -Wmissing-noreturn -Wno-format-nonliteral -Wno-system-headers -Wold-style-definition -Wredundant-decls -Wsign-conversion -Wno-error=sign-conversion -Wstrict-prototypes -Wtype-limits -Wunreachable-code -Wunused-parameter -Wvla -Wclobbered -Wmissing-parameter-type -Wold-style-declaration -Wstrict-aliasing=3 -Wtrampolines -Wformat=2 -Warray-bounds=2 -ftree-vrp -Wduplicated-cond -Wnull-dereference -fdelete-null-pointer-checks -Wshift-negative-value -Wshift-overflow=2 -Walloc-zero -Wduplicated-branches -Wno-format-overflow -Wformat-truncation=2 -Wimplicit-fallthrough -Wrestrict -Warith-conversion -Wdouble-promotion -Wenum-conversion -Wpragmas -Wunused-const-variable -O3 -DNDEBUG -fPIC -fvisibility=hidden -Wno-dev -MD -MT _deps/curl-build/lib/CMakeFiles/libcurl_shared.dir/conncache.c.o -MF _deps/curl-build/lib/CMakeFiles/libcurl_shared.dir/conncache.c.o.d -o _deps/curl-build/lib/CMakeFiles/libcurl_shared.dir/conncache.c.o -c /project/build/cp310-cp310-linux_x86_64/_deps/curl-src/lib/conncache.c
[34/514] /opt/rh/devtoolset-10/root/usr/bin/gcc  -pthread -DBUILDING_LIBCURL -DCURL_HIDDEN_SYMBOLS -DHAVE_CONFIG_H -Dlibcurl_shared_EXPORTS -I/project/build/cp310-cp310-linux_x86_64/_deps/curl-src/include -I/project/build/cp310-cp310-linux_x86_64/_deps/curl-build/lib -I/project/build/cp310-cp310-linux_x86_64/_deps/curl-src/lib -Werror-implicit-function-declaration -W -Wall -pedantic -Wbad-function-cast -Wconversion -Winline -Wmissing-declarations -Wmissing-prototypes -Wnested-externs -Wno-long-long -Wno-multichar -Wpointer-arith -Wshadow -Wsign-compare -Wundef -Wunused -Wwrite-strings -Waddress -Wattributes -Wcast-align -Wdeclaration-after-statement -Wdiv-by-zero -Wempty-body -Wendif-labels -Wfloat-equal -Wformat-security -Wignored-qualifiers -Wmissing-field-initializers -Wmissing-noreturn -Wno-format-nonliteral -Wno-system-headers -Wold-style-definition -Wredundant-decls -Wsign-conversion -Wno-error=sign-conversion -Wstrict-prototypes -Wtype-limits -Wunreachable-code -Wunused-parameter -Wvla -Wclobbered -Wmissing-parameter-type -Wold-style-declaration -Wstrict-aliasing=3 -Wtrampolines -Wformat=2 -Warray-bounds=2 -ftree-vrp -Wduplicated-cond -Wnull-dereference -fdelete-null-pointer-checks -Wshift-negative-value -Wshift-overflow=2 -Walloc-zero -Wduplicated-branches -Wno-format-overflow -Wformat-truncation=2 -Wimplicit-fallthrough -Wrestrict -Warith-conversion -Wdouble-promotion -Wenum-conversion -Wpragmas -Wunused-const-variable -O3 -DNDEBUG -fPIC -fvisibility=hidden -Wno-dev -MD -MT _deps/curl-build/lib/CMakeFiles/libcurl_shared.dir/connect.c.o -MF _deps/curl-build/lib/CMakeFiles/libcurl_shared.dir/connect.c.o.d -o _deps/curl-build/lib/CMakeFiles/libcurl_shared.dir/connect.c.o -c /project/build/cp310-cp310-linux_x86_64/_deps/curl-src/lib/connect.c
[35/514] /opt/rh/devtoolset-10/root/usr/bin/gcc  -pthread -DBUILDING_LIBCURL -DCURL_HIDDEN_SYMBOLS -DHAVE_CONFIG_H -Dlibcurl_shared_EXPORTS -I/project/build/cp310-cp310-linux_x86_64/_deps/curl-src/include -I/project/build/cp310-cp310-linux_x86_64/_deps/curl-build/lib -I/project/build/cp310-cp310-linux_x86_64/_deps/curl-src/lib -Werror-implicit-function-declaration -W -Wall -pedantic -Wbad-function-cast -Wconversion -Winline -Wmissing-declarations -Wmissing-prototypes -Wnested-externs -Wno-long-long -Wno-multichar -Wpointer-arith -Wshadow -Wsign-compare -Wundef -Wunused -Wwrite-strings -Waddress -Wattributes -Wcast-align -Wdeclaration-after-statement -Wdiv-by-zero -Wempty-body -Wendif-labels -Wfloat-equal -Wformat-security -Wignored-qualifiers -Wmissing-field-initializers -Wmissing-noreturn -Wno-format-nonliteral -Wno-system-headers -Wold-style-definition -Wredundant-decls -Wsign-conversion -Wno-error=sign-conversion -Wstrict-prototypes -Wtype-limits -Wunreachable-code -Wunused-parameter -Wvla -Wclobbered -Wmissing-parameter-type -Wold-style-declaration -Wstrict-aliasing=3 -Wtrampolines -Wformat=2 -Warray-bounds=2 -ftree-vrp -Wduplicated-cond -Wnull-dereference -fdelete-null-pointer-checks -Wshift-negative-value -Wshift-overflow=2 -Walloc-zero -Wduplicated-branches -Wno-format-overflow -Wformat-truncation=2 -Wimplicit-fallthrough -Wrestrict -Warith-conversion -Wdouble-promotion -Wenum-conversion -Wpragmas -Wunused-const-variable -O3 -DNDEBUG -fPIC -fvisibility=hidden -Wno-dev -MD -MT _deps/curl-build/lib/CMakeFiles/libcurl_shared.dir/curl_sspi.c.o -MF _deps/curl-build/lib/CMakeFiles/libcurl_shared.dir/curl_sspi.c.o.d -o _deps/curl-build/lib/CMakeFiles/libcurl_shared.dir/curl_sspi.c.o -c /project/build/cp310-cp310-linux_x86_64/_deps/curl-src/lib/curl_sspi.c
[36/514] cd /project/build/cp310-cp310-linux_x86_64/_deps/curl-src/docs/libcurl && /usr/bin/perl /project/build/cp310-cp310-linux_x86_64/_deps/curl-src/scripts/cd2nroff -k -d /project/build/cp310-cp310-linux_x86_64/_deps/curl-build/docs/libcurl curl_easy_cleanup.md curl_easy_duphandle.md curl_easy_escape.md curl_easy_getinfo.md curl_easy_header.md curl_easy_init.md curl_easy_nextheader.md curl_easy_option_by_id.md curl_easy_option_by_name.md curl_easy_option_next.md curl_easy_pause.md curl_easy_perform.md curl_easy_recv.md curl_easy_reset.md curl_easy_send.md curl_easy_setopt.md curl_easy_strerror.md curl_easy_unescape.md curl_easy_upkeep.md curl_escape.md curl_formadd.md curl_formfree.md curl_formget.md curl_free.md curl_getdate.md curl_getenv.md curl_global_cleanup.md curl_global_init.md curl_global_init_mem.md curl_global_trace.md curl_global_sslset.md curl_mime_addpart.md curl_mime_data.md curl_mime_data_cb.md curl_mime_encoder.md curl_mime_filedata.md curl_mime_filename.md curl_mime_free.md curl_mime_headers.md curl_mime_init.md curl_mime_name.md curl_mime_subparts.md curl_mime_type.md curl_mprintf.md curl_multi_add_handle.md curl_multi_assign.md curl_multi_cleanup.md curl_multi_fdset.md curl_multi_get_handles.md curl_multi_info_read.md curl_multi_init.md curl_multi_perform.md curl_multi_poll.md curl_multi_remove_handle.md curl_multi_setopt.md curl_multi_socket.md curl_multi_socket_action.md curl_multi_socket_all.md curl_multi_strerror.md curl_multi_timeout.md curl_multi_wakeup.md curl_multi_wait.md curl_multi_waitfds.md curl_pushheader_bynum.md curl_pushheader_byname.md curl_share_cleanup.md curl_share_init.md curl_share_setopt.md curl_share_strerror.md curl_slist_append.md curl_slist_free_all.md curl_strequal.md curl_strnequal.md curl_unescape.md curl_url.md curl_url_cleanup.md curl_url_dup.md curl_url_get.md curl_url_set.md curl_url_strerror.md curl_version.md curl_version_info.md curl_ws_meta.md curl_ws_recv.md curl_ws_send.md libcurl-easy.md libcurl-env.md libcurl-env-dbg.md libcurl-errors.md libcurl-multi.md libcurl-security.md libcurl-share.md /project/build/cp310-cp310-linux_x86_64/_deps/curl-build/docs/libcurl/libcurl-symbols.md libcurl-thread.md libcurl-tutorial.md libcurl-url.md libcurl-ws.md libcurl.md
[37/514] /opt/rh/devtoolset-10/root/usr/bin/gcc  -pthread -DBUILDING_LIBCURL -DCURL_HIDDEN_SYMBOLS -DHAVE_CONFIG_H -Dlibcurl_shared_EXPORTS -I/project/build/cp310-cp310-linux_x86_64/_deps/curl-src/include -I/project/build/cp310-cp310-linux_x86_64/_deps/curl-build/lib -I/project/build/cp310-cp310-linux_x86_64/_deps/curl-src/lib -Werror-implicit-function-declaration -W -Wall -pedantic -Wbad-function-cast -Wconversion -Winline -Wmissing-declarations -Wmissing-prototypes -Wnested-externs -Wno-long-long -Wno-multichar -Wpointer-arith -Wshadow -Wsign-compare -Wundef -Wunused -Wwrite-strings -Waddress -Wattributes -Wcast-align -Wdeclaration-after-statement -Wdiv-by-zero -Wempty-body -Wendif-labels -Wfloat-equal -Wformat-security -Wignored-qualifiers -Wmissing-field-initializers -Wmissing-noreturn -Wno-format-nonliteral -Wno-system-headers -Wold-style-definition -Wredundant-decls -Wsign-conversion -Wno-error=sign-conversion -Wstrict-prototypes -Wtype-limits -Wunreachable-code -Wunused-parameter -Wvla -Wclobbered -Wmissing-parameter-type -Wold-style-declaration -Wstrict-aliasing=3 -Wtrampolines -Wformat=2 -Warray-bounds=2 -ftree-vrp -Wduplicated-cond -Wnull-dereference -fdelete-null-pointer-checks -Wshift-negative-value -Wshift-overflow=2 -Walloc-zero -Wduplicated-branches -Wno-format-overflow -Wformat-truncation=2 -Wimplicit-fallthrough -Wrestrict -Warith-conversion -Wdouble-promotion -Wenum-conversion -Wpragmas -Wunused-const-variable -O3 -DNDEBUG -fPIC -fvisibility=hidden -Wno-dev -MD -MT _deps/curl-build/lib/CMakeFiles/libcurl_shared.dir/curl_threads.c.o -MF _deps/curl-build/lib/CMakeFiles/libcurl_shared.dir/curl_threads.c.o.d -o _deps/curl-build/lib/CMakeFiles/libcurl_shared.dir/curl_threads.c.o -c /project/build/cp310-cp310-linux_x86_64/_deps/curl-src/lib/curl_threads.c
[38/514] /opt/rh/devtoolset-10/root/usr/bin/gcc  -pthread -DBUILDING_LIBCURL -DCURL_HIDDEN_SYMBOLS -DHAVE_CONFIG_H -Dlibcurl_shared_EXPORTS -I/project/build/cp310-cp310-linux_x86_64/_deps/curl-src/include -I/project/build/cp310-cp310-linux_x86_64/_deps/curl-build/lib -I/project/build/cp310-cp310-linux_x86_64/_deps/curl-src/lib -Werror-implicit-function-declaration -W -Wall -pedantic -Wbad-function-cast -Wconversion -Winline -Wmissing-declarations -Wmissing-prototypes -Wnested-externs -Wno-long-long -Wno-multichar -Wpointer-arith -Wshadow -Wsign-compare -Wundef -Wunused -Wwrite-strings -Waddress -Wattributes -Wcast-align -Wdeclaration-after-statement -Wdiv-by-zero -Wempty-body -Wendif-labels -Wfloat-equal -Wformat-security -Wignored-qualifiers -Wmissing-field-initializers -Wmissing-noreturn -Wno-format-nonliteral -Wno-system-headers -Wold-style-definition -Wredundant-decls -Wsign-conversion -Wno-error=sign-conversion -Wstrict-prototypes -Wtype-limits -Wunreachable-code -Wunused-parameter -Wvla -Wclobbered -Wmissing-parameter-type -Wold-style-declaration -Wstrict-aliasing=3 -Wtrampolines -Wformat=2 -Warray-bounds=2 -ftree-vrp -Wduplicated-cond -Wnull-dereference -fdelete-null-pointer-checks -Wshift-negative-value -Wshift-overflow=2 -Walloc-zero -Wduplicated-branches -Wno-format-overflow -Wformat-truncation=2 -Wimplicit-fallthrough -Wrestrict -Warith-conversion -Wdouble-promotion -Wenum-conversion -Wpragmas -Wunused-const-variable -O3 -DNDEBUG -fPIC -fvisibility=hidden -Wno-dev -MD -MT _deps/curl-build/lib/CMakeFiles/libcurl_shared.dir/curl_sha512_256.c.o -MF _deps/curl-build/lib/CMakeFiles/libcurl_shared.dir/curl_sha512_256.c.o.d -o _deps/curl-build/lib/CMakeFiles/libcurl_shared.dir/curl_sha512_256.c.o -c /project/build/cp310-cp310-linux_x86_64/_deps/curl-src/lib/curl_sha512_256.c
[39/514] /opt/rh/devtoolset-10/root/usr/bin/gcc  -pthread -DBUILDING_LIBCURL -DCURL_HIDDEN_SYMBOLS -DHAVE_CONFIG_H -Dlibcurl_shared_EXPORTS -I/project/build/cp310-cp310-linux_x86_64/_deps/curl-src/include -I/project/build/cp310-cp310-linux_x86_64/_deps/curl-build/lib -I/project/build/cp310-cp310-linux_x86_64/_deps/curl-src/lib -Werror-implicit-function-declaration -W -Wall -pedantic -Wbad-function-cast -Wconversion -Winline -Wmissing-declarations -Wmissing-prototypes -Wnested-externs -Wno-long-long -Wno-multichar -Wpointer-arith -Wshadow -Wsign-compare -Wundef -Wunused -Wwrite-strings -Waddress -Wattributes -Wcast-align -Wdeclaration-after-statement -Wdiv-by-zero -Wempty-body -Wendif-labels -Wfloat-equal -Wformat-security -Wignored-qualifiers -Wmissing-field-initializers -Wmissing-noreturn -Wno-format-nonliteral -Wno-system-headers -Wold-style-definition -Wredundant-decls -Wsign-conversion -Wno-error=sign-conversion -Wstrict-prototypes -Wtype-limits -Wunreachable-code -Wunused-parameter -Wvla -Wclobbered -Wmissing-parameter-type -Wold-style-declaration -Wstrict-aliasing=3 -Wtrampolines -Wformat=2 -Warray-bounds=2 -ftree-vrp -Wduplicated-cond -Wnull-dereference -fdelete-null-pointer-checks -Wshift-negative-value -Wshift-overflow=2 -Walloc-zero -Wduplicated-branches -Wno-format-overflow -Wformat-truncation=2 -Wimplicit-fallthrough -Wrestrict -Warith-conversion -Wdouble-promotion -Wenum-conversion -Wpragmas -Wunused-const-variable -O3 -DNDEBUG -fPIC -fvisibility=hidden -Wno-dev -MD -MT _deps/curl-build/lib/CMakeFiles/libcurl_shared.dir/curl_ntlm_core.c.o -MF _deps/curl-build/lib/CMakeFiles/libcurl_shared.dir/curl_ntlm_core.c.o.d -o _deps/curl-build/lib/CMakeFiles/libcurl_shared.dir/curl_ntlm_core.c.o -c /project/build/cp310-cp310-linux_x86_64/_deps/curl-src/lib/curl_ntlm_core.c
[40/514] /opt/rh/devtoolset-10/root/usr/bin/gcc  -pthread -DBUILDING_LIBCURL -DCURL_HIDDEN_SYMBOLS -DHAVE_CONFIG_H -Dlibcurl_shared_EXPORTS -I/project/build/cp310-cp310-linux_x86_64/_deps/curl-src/include -I/project/build/cp310-cp310-linux_x86_64/_deps/curl-build/lib -I/project/build/cp310-cp310-linux_x86_64/_deps/curl-src/lib -Werror-implicit-function-declaration -W -Wall -pedantic -Wbad-function-cast -Wconversion -Winline -Wmissing-declarations -Wmissing-prototypes -Wnested-externs -Wno-long-long -Wno-multichar -Wpointer-arith -Wshadow -Wsign-compare -Wundef -Wunused -Wwrite-strings -Waddress -Wattributes -Wcast-align -Wdeclaration-after-statement -Wdiv-by-zero -Wempty-body -Wendif-labels -Wfloat-equal -Wformat-security -Wignored-qualifiers -Wmissing-field-initializers -Wmissing-noreturn -Wno-format-nonliteral -Wno-system-headers -Wold-style-definition -Wredundant-decls -Wsign-conversion -Wno-error=sign-conversion -Wstrict-prototypes -Wtype-limits -Wunreachable-code -Wunused-parameter -Wvla -Wclobbered -Wmissing-parameter-type -Wold-style-declaration -Wstrict-aliasing=3 -Wtrampolines -Wformat=2 -Warray-bounds=2 -ftree-vrp -Wduplicated-cond -Wnull-dereference -fdelete-null-pointer-checks -Wshift-negative-value -Wshift-overflow=2 -Walloc-zero -Wduplicated-branches -Wno-format-overflow -Wformat-truncation=2 -Wimplicit-fallthrough -Wrestrict -Warith-conversion -Wdouble-promotion -Wenum-conversion -Wpragmas -Wunused-const-variable -O3 -DNDEBUG -fPIC -fvisibility=hidden -Wno-dev -MD -MT _deps/curl-build/lib/CMakeFiles/libcurl_shared.dir/cw-out.c.o -MF _deps/curl-build/lib/CMakeFiles/libcurl_shared.dir/cw-out.c.o.d -o _deps/curl-build/lib/CMakeFiles/libcurl_shared.dir/cw-out.c.o -c /project/build/cp310-cp310-linux_x86_64/_deps/curl-src/lib/cw-out.c
[41/514] /opt/rh/devtoolset-10/root/usr/bin/gcc  -pthread -DBUILDING_LIBCURL -DCURL_HIDDEN_SYMBOLS -DHAVE_CONFIG_H -Dlibcurl_shared_EXPORTS -I/project/build/cp310-cp310-linux_x86_64/_deps/curl-src/include -I/project/build/cp310-cp310-linux_x86_64/_deps/curl-build/lib -I/project/build/cp310-cp310-linux_x86_64/_deps/curl-src/lib -Werror-implicit-function-declaration -W -Wall -pedantic -Wbad-function-cast -Wconversion -Winline -Wmissing-declarations -Wmissing-prototypes -Wnested-externs -Wno-long-long -Wno-multichar -Wpointer-arith -Wshadow -Wsign-compare -Wundef -Wunused -Wwrite-strings -Waddress -Wattributes -Wcast-align -Wdeclaration-after-statement -Wdiv-by-zero -Wempty-body -Wendif-labels -Wfloat-equal -Wformat-security -Wignored-qualifiers -Wmissing-field-initializers -Wmissing-noreturn -Wno-format-nonliteral -Wno-system-headers -Wold-style-definition -Wredundant-decls -Wsign-conversion -Wno-error=sign-conversion -Wstrict-prototypes -Wtype-limits -Wunreachable-code -Wunused-parameter -Wvla -Wclobbered -Wmissing-parameter-type -Wold-style-declaration -Wstrict-aliasing=3 -Wtrampolines -Wformat=2 -Warray-bounds=2 -ftree-vrp -Wduplicated-cond -Wnull-dereference -fdelete-null-pointer-checks -Wshift-negative-value -Wshift-overflow=2 -Walloc-zero -Wduplicated-branches -Wno-format-overflow -Wformat-truncation=2 -Wimplicit-fallthrough -Wrestrict -Warith-conversion -Wdouble-promotion -Wenum-conversion -Wpragmas -Wunused-const-variable -O3 -DNDEBUG -fPIC -fvisibility=hidden -Wno-dev -MD -MT _deps/curl-build/lib/CMakeFiles/libcurl_shared.dir/curl_trc.c.o -MF _deps/curl-build/lib/CMakeFiles/libcurl_shared.dir/curl_trc.c.o.d -o _deps/curl-build/lib/CMakeFiles/libcurl_shared.dir/curl_trc.c.o -c /project/build/cp310-cp310-linux_x86_64/_deps/curl-src/lib/curl_trc.c
[42/514] /opt/rh/devtoolset-10/root/usr/bin/gcc  -pthread -DBUILDING_LIBCURL -DCURL_HIDDEN_SYMBOLS -DHAVE_CONFIG_H -Dlibcurl_shared_EXPORTS -I/project/build/cp310-cp310-linux_x86_64/_deps/curl-src/include -I/project/build/cp310-cp310-linux_x86_64/_deps/curl-build/lib -I/project/build/cp310-cp310-linux_x86_64/_deps/curl-src/lib -Werror-implicit-function-declaration -W -Wall -pedantic -Wbad-function-cast -Wconversion -Winline -Wmissing-declarations -Wmissing-prototypes -Wnested-externs -Wno-long-long -Wno-multichar -Wpointer-arith -Wshadow -Wsign-compare -Wundef -Wunused -Wwrite-strings -Waddress -Wattributes -Wcast-align -Wdeclaration-after-statement -Wdiv-by-zero -Wempty-body -Wendif-labels -Wfloat-equal -Wformat-security -Wignored-qualifiers -Wmissing-field-initializers -Wmissing-noreturn -Wno-format-nonliteral -Wno-system-headers -Wold-style-definition -Wredundant-decls -Wsign-conversion -Wno-error=sign-conversion -Wstrict-prototypes -Wtype-limits -Wunreachable-code -Wunused-parameter -Wvla -Wclobbered -Wmissing-parameter-type -Wold-style-declaration -Wstrict-aliasing=3 -Wtrampolines -Wformat=2 -Warray-bounds=2 -ftree-vrp -Wduplicated-cond -Wnull-dereference -fdelete-null-pointer-checks -Wshift-negative-value -Wshift-overflow=2 -Walloc-zero -Wduplicated-branches -Wno-format-overflow -Wformat-truncation=2 -Wimplicit-fallthrough -Wrestrict -Warith-conversion -Wdouble-promotion -Wenum-conversion -Wpragmas -Wunused-const-variable -O3 -DNDEBUG -fPIC -fvisibility=hidden -Wno-dev -MD -MT _deps/curl-build/lib/CMakeFiles/libcurl_shared.dir/curl_sasl.c.o -MF _deps/curl-build/lib/CMakeFiles/libcurl_shared.dir/curl_sasl.c.o.d -o _deps/curl-build/lib/CMakeFiles/libcurl_shared.dir/curl_sasl.c.o -c /project/build/cp310-cp310-linux_x86_64/_deps/curl-src/lib/curl_sasl.c
[43/514] /opt/rh/devtoolset-10/root/usr/bin/gcc  -pthread -DBUILDING_LIBCURL -DCURL_HIDDEN_SYMBOLS -DHAVE_CONFIG_H -Dlibcurl_shared_EXPORTS -I/project/build/cp310-cp310-linux_x86_64/_deps/curl-src/include -I/project/build/cp310-cp310-linux_x86_64/_deps/curl-build/lib -I/project/build/cp310-cp310-linux_x86_64/_deps/curl-src/lib -Werror-implicit-function-declaration -W -Wall -pedantic -Wbad-function-cast -Wconversion -Winline -Wmissing-declarations -Wmissing-prototypes -Wnested-externs -Wno-long-long -Wno-multichar -Wpointer-arith -Wshadow -Wsign-compare -Wundef -Wunused -Wwrite-strings -Waddress -Wattributes -Wcast-align -Wdeclaration-after-statement -Wdiv-by-zero -Wempty-body -Wendif-labels -Wfloat-equal -Wformat-security -Wignored-qualifiers -Wmissing-field-initializers -Wmissing-noreturn -Wno-format-nonliteral -Wno-system-headers -Wold-style-definition -Wredundant-decls -Wsign-conversion -Wno-error=sign-conversion -Wstrict-prototypes -Wtype-limits -Wunreachable-code -Wunused-parameter -Wvla -Wclobbered -Wmissing-parameter-type -Wold-style-declaration -Wstrict-aliasing=3 -Wtrampolines -Wformat=2 -Warray-bounds=2 -ftree-vrp -Wduplicated-cond -Wnull-dereference -fdelete-null-pointer-checks -Wshift-negative-value -Wshift-overflow=2 -Walloc-zero -Wduplicated-branches -Wno-format-overflow -Wformat-truncation=2 -Wimplicit-fallthrough -Wrestrict -Warith-conversion -Wdouble-promotion -Wenum-conversion -Wpragmas -Wunused-const-variable -O3 -DNDEBUG -fPIC -fvisibility=hidden -Wno-dev -MD -MT _deps/curl-build/lib/CMakeFiles/libcurl_shared.dir/dict.c.o -MF _deps/curl-build/lib/CMakeFiles/libcurl_shared.dir/dict.c.o.d -o _deps/curl-build/lib/CMakeFiles/libcurl_shared.dir/dict.c.o -c /project/build/cp310-cp310-linux_x86_64/_deps/curl-src/lib/dict.c
[44/514] /opt/rh/devtoolset-10/root/usr/bin/gcc  -pthread -DBUILDING_LIBCURL -DCURL_HIDDEN_SYMBOLS -DHAVE_CONFIG_H -Dlibcurl_shared_EXPORTS -I/project/build/cp310-cp310-linux_x86_64/_deps/curl-src/include -I/project/build/cp310-cp310-linux_x86_64/_deps/curl-build/lib -I/project/build/cp310-cp310-linux_x86_64/_deps/curl-src/lib -Werror-implicit-function-declaration -W -Wall -pedantic -Wbad-function-cast -Wconversion -Winline -Wmissing-declarations -Wmissing-prototypes -Wnested-externs -Wno-long-long -Wno-multichar -Wpointer-arith -Wshadow -Wsign-compare -Wundef -Wunused -Wwrite-strings -Waddress -Wattributes -Wcast-align -Wdeclaration-after-statement -Wdiv-by-zero -Wempty-body -Wendif-labels -Wfloat-equal -Wformat-security -Wignored-qualifiers -Wmissing-field-initializers -Wmissing-noreturn -Wno-format-nonliteral -Wno-system-headers -Wold-style-definition -Wredundant-decls -Wsign-conversion -Wno-error=sign-conversion -Wstrict-prototypes -Wtype-limits -Wunreachable-code -Wunused-parameter -Wvla -Wclobbered -Wmissing-parameter-type -Wold-style-declaration -Wstrict-aliasing=3 -Wtrampolines -Wformat=2 -Warray-bounds=2 -ftree-vrp -Wduplicated-cond -Wnull-dereference -fdelete-null-pointer-checks -Wshift-negative-value -Wshift-overflow=2 -Walloc-zero -Wduplicated-branches -Wno-format-overflow -Wformat-truncation=2 -Wimplicit-fallthrough -Wrestrict -Warith-conversion -Wdouble-promotion -Wenum-conversion -Wpragmas -Wunused-const-variable -O3 -DNDEBUG -fPIC -fvisibility=hidden -Wno-dev -MD -MT _deps/curl-build/lib/CMakeFiles/libcurl_shared.dir/cookie.c.o -MF _deps/curl-build/lib/CMakeFiles/libcurl_shared.dir/cookie.c.o.d -o _deps/curl-build/lib/CMakeFiles/libcurl_shared.dir/cookie.c.o -c /project/build/cp310-cp310-linux_x86_64/_deps/curl-src/lib/cookie.c
[45/514] /opt/rh/devtoolset-10/root/usr/bin/gcc  -pthread -DBUILDING_LIBCURL -DCURL_HIDDEN_SYMBOLS -DHAVE_CONFIG_H -Dlibcurl_shared_EXPORTS -I/project/build/cp310-cp310-linux_x86_64/_deps/curl-src/include -I/project/build/cp310-cp310-linux_x86_64/_deps/curl-build/lib -I/project/build/cp310-cp310-linux_x86_64/_deps/curl-src/lib -Werror-implicit-function-declaration -W -Wall -pedantic -Wbad-function-cast -Wconversion -Winline -Wmissing-declarations -Wmissing-prototypes -Wnested-externs -Wno-long-long -Wno-multichar -Wpointer-arith -Wshadow -Wsign-compare -Wundef -Wunused -Wwrite-strings -Waddress -Wattributes -Wcast-align -Wdeclaration-after-statement -Wdiv-by-zero -Wempty-body -Wendif-labels -Wfloat-equal -Wformat-security -Wignored-qualifiers -Wmissing-field-initializers -Wmissing-noreturn -Wno-format-nonliteral -Wno-system-headers -Wold-style-definition -Wredundant-decls -Wsign-conversion -Wno-error=sign-conversion -Wstrict-prototypes -Wtype-limits -Wunreachable-code -Wunused-parameter -Wvla -Wclobbered -Wmissing-parameter-type -Wold-style-declaration -Wstrict-aliasing=3 -Wtrampolines -Wformat=2 -Warray-bounds=2 -ftree-vrp -Wduplicated-cond -Wnull-dereference -fdelete-null-pointer-checks -Wshift-negative-value -Wshift-overflow=2 -Walloc-zero -Wduplicated-branches -Wno-format-overflow -Wformat-truncation=2 -Wimplicit-fallthrough -Wrestrict -Warith-conversion -Wdouble-promotion -Wenum-conversion -Wpragmas -Wunused-const-variable -O3 -DNDEBUG -fPIC -fvisibility=hidden -Wno-dev -MD -MT _deps/curl-build/lib/CMakeFiles/libcurl_shared.dir/dynhds.c.o -MF _deps/curl-build/lib/CMakeFiles/libcurl_shared.dir/dynhds.c.o.d -o _deps/curl-build/lib/CMakeFiles/libcurl_shared.dir/dynhds.c.o -c /project/build/cp310-cp310-linux_x86_64/_deps/curl-src/lib/dynhds.c
[46/514] /opt/rh/devtoolset-10/root/usr/bin/gcc  -pthread -DBUILDING_LIBCURL -DCURL_HIDDEN_SYMBOLS -DHAVE_CONFIG_H -Dlibcurl_shared_EXPORTS -I/project/build/cp310-cp310-linux_x86_64/_deps/curl-src/include -I/project/build/cp310-cp310-linux_x86_64/_deps/curl-build/lib -I/project/build/cp310-cp310-linux_x86_64/_deps/curl-src/lib -Werror-implicit-function-declaration -W -Wall -pedantic -Wbad-function-cast -Wconversion -Winline -Wmissing-declarations -Wmissing-prototypes -Wnested-externs -Wno-long-long -Wno-multichar -Wpointer-arith -Wshadow -Wsign-compare -Wundef -Wunused -Wwrite-strings -Waddress -Wattributes -Wcast-align -Wdeclaration-after-statement -Wdiv-by-zero -Wempty-body -Wendif-labels -Wfloat-equal -Wformat-security -Wignored-qualifiers -Wmissing-field-initializers -Wmissing-noreturn -Wno-format-nonliteral -Wno-system-headers -Wold-style-definition -Wredundant-decls -Wsign-conversion -Wno-error=sign-conversion -Wstrict-prototypes -Wtype-limits -Wunreachable-code -Wunused-parameter -Wvla -Wclobbered -Wmissing-parameter-type -Wold-style-declaration -Wstrict-aliasing=3 -Wtrampolines -Wformat=2 -Warray-bounds=2 -ftree-vrp -Wduplicated-cond -Wnull-dereference -fdelete-null-pointer-checks -Wshift-negative-value -Wshift-overflow=2 -Walloc-zero -Wduplicated-branches -Wno-format-overflow -Wformat-truncation=2 -Wimplicit-fallthrough -Wrestrict -Warith-conversion -Wdouble-promotion -Wenum-conversion -Wpragmas -Wunused-const-variable -O3 -DNDEBUG -fPIC -fvisibility=hidden -Wno-dev -MD -MT _deps/curl-build/lib/CMakeFiles/libcurl_shared.dir/dynbuf.c.o -MF _deps/curl-build/lib/CMakeFiles/libcurl_shared.dir/dynbuf.c.o.d -o _deps/curl-build/lib/CMakeFiles/libcurl_shared.dir/dynbuf.c.o -c /project/build/cp310-cp310-linux_x86_64/_deps/curl-src/lib/dynbuf.c
[47/514] /opt/rh/devtoolset-10/root/usr/bin/gcc  -pthread -DBUILDING_LIBCURL -DCURL_HIDDEN_SYMBOLS -DHAVE_CONFIG_H -Dlibcurl_shared_EXPORTS -I/project/build/cp310-cp310-linux_x86_64/_deps/curl-src/include -I/project/build/cp310-cp310-linux_x86_64/_deps/curl-build/lib -I/project/build/cp310-cp310-linux_x86_64/_deps/curl-src/lib -Werror-implicit-function-declaration -W -Wall -pedantic -Wbad-function-cast -Wconversion -Winline -Wmissing-declarations -Wmissing-prototypes -Wnested-externs -Wno-long-long -Wno-multichar -Wpointer-arith -Wshadow -Wsign-compare -Wundef -Wunused -Wwrite-strings -Waddress -Wattributes -Wcast-align -Wdeclaration-after-statement -Wdiv-by-zero -Wempty-body -Wendif-labels -Wfloat-equal -Wformat-security -Wignored-qualifiers -Wmissing-field-initializers -Wmissing-noreturn -Wno-format-nonliteral -Wno-system-headers -Wold-style-definition -Wredundant-decls -Wsign-conversion -Wno-error=sign-conversion -Wstrict-prototypes -Wtype-limits -Wunreachable-code -Wunused-parameter -Wvla -Wclobbered -Wmissing-parameter-type -Wold-style-declaration -Wstrict-aliasing=3 -Wtrampolines -Wformat=2 -Warray-bounds=2 -ftree-vrp -Wduplicated-cond -Wnull-dereference -fdelete-null-pointer-checks -Wshift-negative-value -Wshift-overflow=2 -Walloc-zero -Wduplicated-branches -Wno-format-overflow -Wformat-truncation=2 -Wimplicit-fallthrough -Wrestrict -Warith-conversion -Wdouble-promotion -Wenum-conversion -Wpragmas -Wunused-const-variable -O3 -DNDEBUG -fPIC -fvisibility=hidden -Wno-dev -MD -MT _deps/curl-build/lib/CMakeFiles/libcurl_shared.dir/easygetopt.c.o -MF _deps/curl-build/lib/CMakeFiles/libcurl_shared.dir/easygetopt.c.o.d -o _deps/curl-build/lib/CMakeFiles/libcurl_shared.dir/easygetopt.c.o -c /project/build/cp310-cp310-linux_x86_64/_deps/curl-src/lib/easygetopt.c
[48/514] /opt/rh/devtoolset-10/root/usr/bin/gcc  -pthread -DBUILDING_LIBCURL -DCURL_HIDDEN_SYMBOLS -DHAVE_CONFIG_H -Dlibcurl_shared_EXPORTS -I/project/build/cp310-cp310-linux_x86_64/_deps/curl-src/include -I/project/build/cp310-cp310-linux_x86_64/_deps/curl-build/lib -I/project/build/cp310-cp310-linux_x86_64/_deps/curl-src/lib -Werror-implicit-function-declaration -W -Wall -pedantic -Wbad-function-cast -Wconversion -Winline -Wmissing-declarations -Wmissing-prototypes -Wnested-externs -Wno-long-long -Wno-multichar -Wpointer-arith -Wshadow -Wsign-compare -Wundef -Wunused -Wwrite-strings -Waddress -Wattributes -Wcast-align -Wdeclaration-after-statement -Wdiv-by-zero -Wempty-body -Wendif-labels -Wfloat-equal -Wformat-security -Wignored-qualifiers -Wmissing-field-initializers -Wmissing-noreturn -Wno-format-nonliteral -Wno-system-headers -Wold-style-definition -Wredundant-decls -Wsign-conversion -Wno-error=sign-conversion -Wstrict-prototypes -Wtype-limits -Wunreachable-code -Wunused-parameter -Wvla -Wclobbered -Wmissing-parameter-type -Wold-style-declaration -Wstrict-aliasing=3 -Wtrampolines -Wformat=2 -Warray-bounds=2 -ftree-vrp -Wduplicated-cond -Wnull-dereference -fdelete-null-pointer-checks -Wshift-negative-value -Wshift-overflow=2 -Walloc-zero -Wduplicated-branches -Wno-format-overflow -Wformat-truncation=2 -Wimplicit-fallthrough -Wrestrict -Warith-conversion -Wdouble-promotion -Wenum-conversion -Wpragmas -Wunused-const-variable -O3 -DNDEBUG -fPIC -fvisibility=hidden -Wno-dev -MD -MT _deps/curl-build/lib/CMakeFiles/libcurl_shared.dir/easyoptions.c.o -MF _deps/curl-build/lib/CMakeFiles/libcurl_shared.dir/easyoptions.c.o.d -o _deps/curl-build/lib/CMakeFiles/libcurl_shared.dir/easyoptions.c.o -c /project/build/cp310-cp310-linux_x86_64/_deps/curl-src/lib/easyoptions.c
[49/514] /opt/rh/devtoolset-10/root/usr/bin/gcc  -pthread -DBUILDING_LIBCURL -DCURL_HIDDEN_SYMBOLS -DHAVE_CONFIG_H -Dlibcurl_shared_EXPORTS -I/project/build/cp310-cp310-linux_x86_64/_deps/curl-src/include -I/project/build/cp310-cp310-linux_x86_64/_deps/curl-build/lib -I/project/build/cp310-cp310-linux_x86_64/_deps/curl-src/lib -Werror-implicit-function-declaration -W -Wall -pedantic -Wbad-function-cast -Wconversion -Winline -Wmissing-declarations -Wmissing-prototypes -Wnested-externs -Wno-long-long -Wno-multichar -Wpointer-arith -Wshadow -Wsign-compare -Wundef -Wunused -Wwrite-strings -Waddress -Wattributes -Wcast-align -Wdeclaration-after-statement -Wdiv-by-zero -Wempty-body -Wendif-labels -Wfloat-equal -Wformat-security -Wignored-qualifiers -Wmissing-field-initializers -Wmissing-noreturn -Wno-format-nonliteral -Wno-system-headers -Wold-style-definition -Wredundant-decls -Wsign-conversion -Wno-error=sign-conversion -Wstrict-prototypes -Wtype-limits -Wunreachable-code -Wunused-parameter -Wvla -Wclobbered -Wmissing-parameter-type -Wold-style-declaration -Wstrict-aliasing=3 -Wtrampolines -Wformat=2 -Warray-bounds=2 -ftree-vrp -Wduplicated-cond -Wnull-dereference -fdelete-null-pointer-checks -Wshift-negative-value -Wshift-overflow=2 -Walloc-zero -Wduplicated-branches -Wno-format-overflow -Wformat-truncation=2 -Wimplicit-fallthrough -Wrestrict -Warith-conversion -Wdouble-promotion -Wenum-conversion -Wpragmas -Wunused-const-variable -O3 -DNDEBUG -fPIC -fvisibility=hidden -Wno-dev -MD -MT _deps/curl-build/lib/CMakeFiles/libcurl_shared.dir/fileinfo.c.o -MF _deps/curl-build/lib/CMakeFiles/libcurl_shared.dir/fileinfo.c.o.d -o _deps/curl-build/lib/CMakeFiles/libcurl_shared.dir/fileinfo.c.o -c /project/build/cp310-cp310-linux_x86_64/_deps/curl-src/lib/fileinfo.c
[50/514] /opt/rh/devtoolset-10/root/usr/bin/gcc  -pthread -DBUILDING_LIBCURL -DCURL_HIDDEN_SYMBOLS -DHAVE_CONFIG_H -Dlibcurl_shared_EXPORTS -I/project/build/cp310-cp310-linux_x86_64/_deps/curl-src/include -I/project/build/cp310-cp310-linux_x86_64/_deps/curl-build/lib -I/project/build/cp310-cp310-linux_x86_64/_deps/curl-src/lib -Werror-implicit-function-declaration -W -Wall -pedantic -Wbad-function-cast -Wconversion -Winline -Wmissing-declarations -Wmissing-prototypes -Wnested-externs -Wno-long-long -Wno-multichar -Wpointer-arith -Wshadow -Wsign-compare -Wundef -Wunused -Wwrite-strings -Waddress -Wattributes -Wcast-align -Wdeclaration-after-statement -Wdiv-by-zero -Wempty-body -Wendif-labels -Wfloat-equal -Wformat-security -Wignored-qualifiers -Wmissing-field-initializers -Wmissing-noreturn -Wno-format-nonliteral -Wno-system-headers -Wold-style-definition -Wredundant-decls -Wsign-conversion -Wno-error=sign-conversion -Wstrict-prototypes -Wtype-limits -Wunreachable-code -Wunused-parameter -Wvla -Wclobbered -Wmissing-parameter-type -Wold-style-declaration -Wstrict-aliasing=3 -Wtrampolines -Wformat=2 -Warray-bounds=2 -ftree-vrp -Wduplicated-cond -Wnull-dereference -fdelete-null-pointer-checks -Wshift-negative-value -Wshift-overflow=2 -Walloc-zero -Wduplicated-branches -Wno-format-overflow -Wformat-truncation=2 -Wimplicit-fallthrough -Wrestrict -Warith-conversion -Wdouble-promotion -Wenum-conversion -Wpragmas -Wunused-const-variable -O3 -DNDEBUG -fPIC -fvisibility=hidden -Wno-dev -MD -MT _deps/curl-build/lib/CMakeFiles/libcurl_shared.dir/getenv.c.o -MF _deps/curl-build/lib/CMakeFiles/libcurl_shared.dir/getenv.c.o.d -o _deps/curl-build/lib/CMakeFiles/libcurl_shared.dir/getenv.c.o -c /project/build/cp310-cp310-linux_x86_64/_deps/curl-src/lib/getenv.c
[51/514] /opt/rh/devtoolset-10/root/usr/bin/gcc  -pthread -DBUILDING_LIBCURL -DCURL_HIDDEN_SYMBOLS -DHAVE_CONFIG_H -Dlibcurl_shared_EXPORTS -I/project/build/cp310-cp310-linux_x86_64/_deps/curl-src/include -I/project/build/cp310-cp310-linux_x86_64/_deps/curl-build/lib -I/project/build/cp310-cp310-linux_x86_64/_deps/curl-src/lib -Werror-implicit-function-declaration -W -Wall -pedantic -Wbad-function-cast -Wconversion -Winline -Wmissing-declarations -Wmissing-prototypes -Wnested-externs -Wno-long-long -Wno-multichar -Wpointer-arith -Wshadow -Wsign-compare -Wundef -Wunused -Wwrite-strings -Waddress -Wattributes -Wcast-align -Wdeclaration-after-statement -Wdiv-by-zero -Wempty-body -Wendif-labels -Wfloat-equal -Wformat-security -Wignored-qualifiers -Wmissing-field-initializers -Wmissing-noreturn -Wno-format-nonliteral -Wno-system-headers -Wold-style-definition -Wredundant-decls -Wsign-conversion -Wno-error=sign-conversion -Wstrict-prototypes -Wtype-limits -Wunreachable-code -Wunused-parameter -Wvla -Wclobbered -Wmissing-parameter-type -Wold-style-declaration -Wstrict-aliasing=3 -Wtrampolines -Wformat=2 -Warray-bounds=2 -ftree-vrp -Wduplicated-cond -Wnull-dereference -fdelete-null-pointer-checks -Wshift-negative-value -Wshift-overflow=2 -Walloc-zero -Wduplicated-branches -Wno-format-overflow -Wformat-truncation=2 -Wimplicit-fallthrough -Wrestrict -Warith-conversion -Wdouble-promotion -Wenum-conversion -Wpragmas -Wunused-const-variable -O3 -DNDEBUG -fPIC -fvisibility=hidden -Wno-dev -MD -MT _deps/curl-build/lib/CMakeFiles/libcurl_shared.dir/escape.c.o -MF _deps/curl-build/lib/CMakeFiles/libcurl_shared.dir/escape.c.o.d -o _deps/curl-build/lib/CMakeFiles/libcurl_shared.dir/escape.c.o -c /project/build/cp310-cp310-linux_x86_64/_deps/curl-src/lib/escape.c
[52/514] /opt/rh/devtoolset-10/root/usr/bin/gcc  -pthread -DBUILDING_LIBCURL -DCURL_HIDDEN_SYMBOLS -DHAVE_CONFIG_H -Dlibcurl_shared_EXPORTS -I/project/build/cp310-cp310-linux_x86_64/_deps/curl-src/include -I/project/build/cp310-cp310-linux_x86_64/_deps/curl-build/lib -I/project/build/cp310-cp310-linux_x86_64/_deps/curl-src/lib -Werror-implicit-function-declaration -W -Wall -pedantic -Wbad-function-cast -Wconversion -Winline -Wmissing-declarations -Wmissing-prototypes -Wnested-externs -Wno-long-long -Wno-multichar -Wpointer-arith -Wshadow -Wsign-compare -Wundef -Wunused -Wwrite-strings -Waddress -Wattributes -Wcast-align -Wdeclaration-after-statement -Wdiv-by-zero -Wempty-body -Wendif-labels -Wfloat-equal -Wformat-security -Wignored-qualifiers -Wmissing-field-initializers -Wmissing-noreturn -Wno-format-nonliteral -Wno-system-headers -Wold-style-definition -Wredundant-decls -Wsign-conversion -Wno-error=sign-conversion -Wstrict-prototypes -Wtype-limits -Wunreachable-code -Wunused-parameter -Wvla -Wclobbered -Wmissing-parameter-type -Wold-style-declaration -Wstrict-aliasing=3 -Wtrampolines -Wformat=2 -Warray-bounds=2 -ftree-vrp -Wduplicated-cond -Wnull-dereference -fdelete-null-pointer-checks -Wshift-negative-value -Wshift-overflow=2 -Walloc-zero -Wduplicated-branches -Wno-format-overflow -Wformat-truncation=2 -Wimplicit-fallthrough -Wrestrict -Warith-conversion -Wdouble-promotion -Wenum-conversion -Wpragmas -Wunused-const-variable -O3 -DNDEBUG -fPIC -fvisibility=hidden -Wno-dev -MD -MT _deps/curl-build/lib/CMakeFiles/libcurl_shared.dir/fopen.c.o -MF _deps/curl-build/lib/CMakeFiles/libcurl_shared.dir/fopen.c.o.d -o _deps/curl-build/lib/CMakeFiles/libcurl_shared.dir/fopen.c.o -c /project/build/cp310-cp310-linux_x86_64/_deps/curl-src/lib/fopen.c
[53/514] /opt/rh/devtoolset-10/root/usr/bin/gcc  -pthread -DBUILDING_LIBCURL -DCURL_HIDDEN_SYMBOLS -DHAVE_CONFIG_H -Dlibcurl_shared_EXPORTS -I/project/build/cp310-cp310-linux_x86_64/_deps/curl-src/include -I/project/build/cp310-cp310-linux_x86_64/_deps/curl-build/lib -I/project/build/cp310-cp310-linux_x86_64/_deps/curl-src/lib -Werror-implicit-function-declaration -W -Wall -pedantic -Wbad-function-cast -Wconversion -Winline -Wmissing-declarations -Wmissing-prototypes -Wnested-externs -Wno-long-long -Wno-multichar -Wpointer-arith -Wshadow -Wsign-compare -Wundef -Wunused -Wwrite-strings -Waddress -Wattributes -Wcast-align -Wdeclaration-after-statement -Wdiv-by-zero -Wempty-body -Wendif-labels -Wfloat-equal -Wformat-security -Wignored-qualifiers -Wmissing-field-initializers -Wmissing-noreturn -Wno-format-nonliteral -Wno-system-headers -Wold-style-definition -Wredundant-decls -Wsign-conversion -Wno-error=sign-conversion -Wstrict-prototypes -Wtype-limits -Wunreachable-code -Wunused-parameter -Wvla -Wclobbered -Wmissing-parameter-type -Wold-style-declaration -Wstrict-aliasing=3 -Wtrampolines -Wformat=2 -Warray-bounds=2 -ftree-vrp -Wduplicated-cond -Wnull-dereference -fdelete-null-pointer-checks -Wshift-negative-value -Wshift-overflow=2 -Walloc-zero -Wduplicated-branches -Wno-format-overflow -Wformat-truncation=2 -Wimplicit-fallthrough -Wrestrict -Warith-conversion -Wdouble-promotion -Wenum-conversion -Wpragmas -Wunused-const-variable -O3 -DNDEBUG -fPIC -fvisibility=hidden -Wno-dev -MD -MT _deps/curl-build/lib/CMakeFiles/libcurl_shared.dir/easy.c.o -MF _deps/curl-build/lib/CMakeFiles/libcurl_shared.dir/easy.c.o.d -o _deps/curl-build/lib/CMakeFiles/libcurl_shared.dir/easy.c.o -c /project/build/cp310-cp310-linux_x86_64/_deps/curl-src/lib/easy.c
[54/514] /opt/rh/devtoolset-10/root/usr/bin/gcc  -pthread -DBUILDING_LIBCURL -DCURL_HIDDEN_SYMBOLS -DHAVE_CONFIG_H -Dlibcurl_shared_EXPORTS -I/project/build/cp310-cp310-linux_x86_64/_deps/curl-src/include -I/project/build/cp310-cp310-linux_x86_64/_deps/curl-build/lib -I/project/build/cp310-cp310-linux_x86_64/_deps/curl-src/lib -Werror-implicit-function-declaration -W -Wall -pedantic -Wbad-function-cast -Wconversion -Winline -Wmissing-declarations -Wmissing-prototypes -Wnested-externs -Wno-long-long -Wno-multichar -Wpointer-arith -Wshadow -Wsign-compare -Wundef -Wunused -Wwrite-strings -Waddress -Wattributes -Wcast-align -Wdeclaration-after-statement -Wdiv-by-zero -Wempty-body -Wendif-labels -Wfloat-equal -Wformat-security -Wignored-qualifiers -Wmissing-field-initializers -Wmissing-noreturn -Wno-format-nonliteral -Wno-system-headers -Wold-style-definition -Wredundant-decls -Wsign-conversion -Wno-error=sign-conversion -Wstrict-prototypes -Wtype-limits -Wunreachable-code -Wunused-parameter -Wvla -Wclobbered -Wmissing-parameter-type -Wold-style-declaration -Wstrict-aliasing=3 -Wtrampolines -Wformat=2 -Warray-bounds=2 -ftree-vrp -Wduplicated-cond -Wnull-dereference -fdelete-null-pointer-checks -Wshift-negative-value -Wshift-overflow=2 -Walloc-zero -Wduplicated-branches -Wno-format-overflow -Wformat-truncation=2 -Wimplicit-fallthrough -Wrestrict -Warith-conversion -Wdouble-promotion -Wenum-conversion -Wpragmas -Wunused-const-variable -O3 -DNDEBUG -fPIC -fvisibility=hidden -Wno-dev -MD -MT _deps/curl-build/lib/CMakeFiles/libcurl_shared.dir/file.c.o -MF _deps/curl-build/lib/CMakeFiles/libcurl_shared.dir/file.c.o.d -o _deps/curl-build/lib/CMakeFiles/libcurl_shared.dir/file.c.o -c /project/build/cp310-cp310-linux_x86_64/_deps/curl-src/lib/file.c
[55/514] /opt/rh/devtoolset-10/root/usr/bin/gcc  -pthread -DBUILDING_LIBCURL -DCURL_HIDDEN_SYMBOLS -DHAVE_CONFIG_H -Dlibcurl_shared_EXPORTS -I/project/build/cp310-cp310-linux_x86_64/_deps/curl-src/include -I/project/build/cp310-cp310-linux_x86_64/_deps/curl-build/lib -I/project/build/cp310-cp310-linux_x86_64/_deps/curl-src/lib -Werror-implicit-function-declaration -W -Wall -pedantic -Wbad-function-cast -Wconversion -Winline -Wmissing-declarations -Wmissing-prototypes -Wnested-externs -Wno-long-long -Wno-multichar -Wpointer-arith -Wshadow -Wsign-compare -Wundef -Wunused -Wwrite-strings -Waddress -Wattributes -Wcast-align -Wdeclaration-after-statement -Wdiv-by-zero -Wempty-body -Wendif-labels -Wfloat-equal -Wformat-security -Wignored-qualifiers -Wmissing-field-initializers -Wmissing-noreturn -Wno-format-nonliteral -Wno-system-headers -Wold-style-definition -Wredundant-decls -Wsign-conversion -Wno-error=sign-conversion -Wstrict-prototypes -Wtype-limits -Wunreachable-code -Wunused-parameter -Wvla -Wclobbered -Wmissing-parameter-type -Wold-style-declaration -Wstrict-aliasing=3 -Wtrampolines -Wformat=2 -Warray-bounds=2 -ftree-vrp -Wduplicated-cond -Wnull-dereference -fdelete-null-pointer-checks -Wshift-negative-value -Wshift-overflow=2 -Walloc-zero -Wduplicated-branches -Wno-format-overflow -Wformat-truncation=2 -Wimplicit-fallthrough -Wrestrict -Warith-conversion -Wdouble-promotion -Wenum-conversion -Wpragmas -Wunused-const-variable -O3 -DNDEBUG -fPIC -fvisibility=hidden -Wno-dev -MD -MT _deps/curl-build/lib/CMakeFiles/libcurl_shared.dir/gopher.c.o -MF _deps/curl-build/lib/CMakeFiles/libcurl_shared.dir/gopher.c.o.d -o _deps/curl-build/lib/CMakeFiles/libcurl_shared.dir/gopher.c.o -c /project/build/cp310-cp310-linux_x86_64/_deps/curl-src/lib/gopher.c
[56/514] /opt/rh/devtoolset-10/root/usr/bin/gcc  -pthread -DBUILDING_LIBCURL -DCURL_HIDDEN_SYMBOLS -DHAVE_CONFIG_H -Dlibcurl_shared_EXPORTS -I/project/build/cp310-cp310-linux_x86_64/_deps/curl-src/include -I/project/build/cp310-cp310-linux_x86_64/_deps/curl-build/lib -I/project/build/cp310-cp310-linux_x86_64/_deps/curl-src/lib -Werror-implicit-function-declaration -W -Wall -pedantic -Wbad-function-cast -Wconversion -Winline -Wmissing-declarations -Wmissing-prototypes -Wnested-externs -Wno-long-long -Wno-multichar -Wpointer-arith -Wshadow -Wsign-compare -Wundef -Wunused -Wwrite-strings -Waddress -Wattributes -Wcast-align -Wdeclaration-after-statement -Wdiv-by-zero -Wempty-body -Wendif-labels -Wfloat-equal -Wformat-security -Wignored-qualifiers -Wmissing-field-initializers -Wmissing-noreturn -Wno-format-nonliteral -Wno-system-headers -Wold-style-definition -Wredundant-decls -Wsign-conversion -Wno-error=sign-conversion -Wstrict-prototypes -Wtype-limits -Wunreachable-code -Wunused-parameter -Wvla -Wclobbered -Wmissing-parameter-type -Wold-style-declaration -Wstrict-aliasing=3 -Wtrampolines -Wformat=2 -Warray-bounds=2 -ftree-vrp -Wduplicated-cond -Wnull-dereference -fdelete-null-pointer-checks -Wshift-negative-value -Wshift-overflow=2 -Walloc-zero -Wduplicated-branches -Wno-format-overflow -Wformat-truncation=2 -Wimplicit-fallthrough -Wrestrict -Warith-conversion -Wdouble-promotion -Wenum-conversion -Wpragmas -Wunused-const-variable -O3 -DNDEBUG -fPIC -fvisibility=hidden -Wno-dev -MD -MT _deps/curl-build/lib/CMakeFiles/libcurl_shared.dir/getinfo.c.o -MF _deps/curl-build/lib/CMakeFiles/libcurl_shared.dir/getinfo.c.o.d -o _deps/curl-build/lib/CMakeFiles/libcurl_shared.dir/getinfo.c.o -c /project/build/cp310-cp310-linux_x86_64/_deps/curl-src/lib/getinfo.c
[57/514] /opt/rh/devtoolset-10/root/usr/bin/gcc  -pthread -DBUILDING_LIBCURL -DCURL_HIDDEN_SYMBOLS -DHAVE_CONFIG_H -Dlibcurl_shared_EXPORTS -I/project/build/cp310-cp310-linux_x86_64/_deps/curl-src/include -I/project/build/cp310-cp310-linux_x86_64/_deps/curl-build/lib -I/project/build/cp310-cp310-linux_x86_64/_deps/curl-src/lib -Werror-implicit-function-declaration -W -Wall -pedantic -Wbad-function-cast -Wconversion -Winline -Wmissing-declarations -Wmissing-prototypes -Wnested-externs -Wno-long-long -Wno-multichar -Wpointer-arith -Wshadow -Wsign-compare -Wundef -Wunused -Wwrite-strings -Waddress -Wattributes -Wcast-align -Wdeclaration-after-statement -Wdiv-by-zero -Wempty-body -Wendif-labels -Wfloat-equal -Wformat-security -Wignored-qualifiers -Wmissing-field-initializers -Wmissing-noreturn -Wno-format-nonliteral -Wno-system-headers -Wold-style-definition -Wredundant-decls -Wsign-conversion -Wno-error=sign-conversion -Wstrict-prototypes -Wtype-limits -Wunreachable-code -Wunused-parameter -Wvla -Wclobbered -Wmissing-parameter-type -Wold-style-declaration -Wstrict-aliasing=3 -Wtrampolines -Wformat=2 -Warray-bounds=2 -ftree-vrp -Wduplicated-cond -Wnull-dereference -fdelete-null-pointer-checks -Wshift-negative-value -Wshift-overflow=2 -Walloc-zero -Wduplicated-branches -Wno-format-overflow -Wformat-truncation=2 -Wimplicit-fallthrough -Wrestrict -Warith-conversion -Wdouble-promotion -Wenum-conversion -Wpragmas -Wunused-const-variable -O3 -DNDEBUG -fPIC -fvisibility=hidden -Wno-dev -MD -MT _deps/curl-build/lib/CMakeFiles/libcurl_shared.dir/hostasyn.c.o -MF _deps/curl-build/lib/CMakeFiles/libcurl_shared.dir/hostasyn.c.o.d -o _deps/curl-build/lib/CMakeFiles/libcurl_shared.dir/hostasyn.c.o -c /project/build/cp310-cp310-linux_x86_64/_deps/curl-src/lib/hostasyn.c
[58/514] /opt/rh/devtoolset-10/root/usr/bin/gcc  -pthread -DBUILDING_LIBCURL -DCURL_HIDDEN_SYMBOLS -DHAVE_CONFIG_H -Dlibcurl_shared_EXPORTS -I/project/build/cp310-cp310-linux_x86_64/_deps/curl-src/include -I/project/build/cp310-cp310-linux_x86_64/_deps/curl-build/lib -I/project/build/cp310-cp310-linux_x86_64/_deps/curl-src/lib -Werror-implicit-function-declaration -W -Wall -pedantic -Wbad-function-cast -Wconversion -Winline -Wmissing-declarations -Wmissing-prototypes -Wnested-externs -Wno-long-long -Wno-multichar -Wpointer-arith -Wshadow -Wsign-compare -Wundef -Wunused -Wwrite-strings -Waddress -Wattributes -Wcast-align -Wdeclaration-after-statement -Wdiv-by-zero -Wempty-body -Wendif-labels -Wfloat-equal -Wformat-security -Wignored-qualifiers -Wmissing-field-initializers -Wmissing-noreturn -Wno-format-nonliteral -Wno-system-headers -Wold-style-definition -Wredundant-decls -Wsign-conversion -Wno-error=sign-conversion -Wstrict-prototypes -Wtype-limits -Wunreachable-code -Wunused-parameter -Wvla -Wclobbered -Wmissing-parameter-type -Wold-style-declaration -Wstrict-aliasing=3 -Wtrampolines -Wformat=2 -Warray-bounds=2 -ftree-vrp -Wduplicated-cond -Wnull-dereference -fdelete-null-pointer-checks -Wshift-negative-value -Wshift-overflow=2 -Walloc-zero -Wduplicated-branches -Wno-format-overflow -Wformat-truncation=2 -Wimplicit-fallthrough -Wrestrict -Warith-conversion -Wdouble-promotion -Wenum-conversion -Wpragmas -Wunused-const-variable -O3 -DNDEBUG -fPIC -fvisibility=hidden -Wno-dev -MD -MT _deps/curl-build/lib/CMakeFiles/libcurl_shared.dir/hash.c.o -MF _deps/curl-build/lib/CMakeFiles/libcurl_shared.dir/hash.c.o.d -o _deps/curl-build/lib/CMakeFiles/libcurl_shared.dir/hash.c.o -c /project/build/cp310-cp310-linux_x86_64/_deps/curl-src/lib/hash.c
[59/514] /opt/rh/devtoolset-10/root/usr/bin/gcc  -pthread -DBUILDING_LIBCURL -DCURL_HIDDEN_SYMBOLS -DHAVE_CONFIG_H -Dlibcurl_shared_EXPORTS -I/project/build/cp310-cp310-linux_x86_64/_deps/curl-src/include -I/project/build/cp310-cp310-linux_x86_64/_deps/curl-build/lib -I/project/build/cp310-cp310-linux_x86_64/_deps/curl-src/lib -Werror-implicit-function-declaration -W -Wall -pedantic -Wbad-function-cast -Wconversion -Winline -Wmissing-declarations -Wmissing-prototypes -Wnested-externs -Wno-long-long -Wno-multichar -Wpointer-arith -Wshadow -Wsign-compare -Wundef -Wunused -Wwrite-strings -Waddress -Wattributes -Wcast-align -Wdeclaration-after-statement -Wdiv-by-zero -Wempty-body -Wendif-labels -Wfloat-equal -Wformat-security -Wignored-qualifiers -Wmissing-field-initializers -Wmissing-noreturn -Wno-format-nonliteral -Wno-system-headers -Wold-style-definition -Wredundant-decls -Wsign-conversion -Wno-error=sign-conversion -Wstrict-prototypes -Wtype-limits -Wunreachable-code -Wunused-parameter -Wvla -Wclobbered -Wmissing-parameter-type -Wold-style-declaration -Wstrict-aliasing=3 -Wtrampolines -Wformat=2 -Warray-bounds=2 -ftree-vrp -Wduplicated-cond -Wnull-dereference -fdelete-null-pointer-checks -Wshift-negative-value -Wshift-overflow=2 -Walloc-zero -Wduplicated-branches -Wno-format-overflow -Wformat-truncation=2 -Wimplicit-fallthrough -Wrestrict -Warith-conversion -Wdouble-promotion -Wenum-conversion -Wpragmas -Wunused-const-variable -O3 -DNDEBUG -fPIC -fvisibility=hidden -Wno-dev -MD -MT _deps/curl-build/lib/CMakeFiles/libcurl_shared.dir/hmac.c.o -MF _deps/curl-build/lib/CMakeFiles/libcurl_shared.dir/hmac.c.o.d -o _deps/curl-build/lib/CMakeFiles/libcurl_shared.dir/hmac.c.o -c /project/build/cp310-cp310-linux_x86_64/_deps/curl-src/lib/hmac.c
[60/514] /opt/rh/devtoolset-10/root/usr/bin/gcc  -pthread -DBUILDING_LIBCURL -DCURL_HIDDEN_SYMBOLS -DHAVE_CONFIG_H -Dlibcurl_shared_EXPORTS -I/project/build/cp310-cp310-linux_x86_64/_deps/curl-src/include -I/project/build/cp310-cp310-linux_x86_64/_deps/curl-build/lib -I/project/build/cp310-cp310-linux_x86_64/_deps/curl-src/lib -Werror-implicit-function-declaration -W -Wall -pedantic -Wbad-function-cast -Wconversion -Winline -Wmissing-declarations -Wmissing-prototypes -Wnested-externs -Wno-long-long -Wno-multichar -Wpointer-arith -Wshadow -Wsign-compare -Wundef -Wunused -Wwrite-strings -Waddress -Wattributes -Wcast-align -Wdeclaration-after-statement -Wdiv-by-zero -Wempty-body -Wendif-labels -Wfloat-equal -Wformat-security -Wignored-qualifiers -Wmissing-field-initializers -Wmissing-noreturn -Wno-format-nonliteral -Wno-system-headers -Wold-style-definition -Wredundant-decls -Wsign-conversion -Wno-error=sign-conversion -Wstrict-prototypes -Wtype-limits -Wunreachable-code -Wunused-parameter -Wvla -Wclobbered -Wmissing-parameter-type -Wold-style-declaration -Wstrict-aliasing=3 -Wtrampolines -Wformat=2 -Warray-bounds=2 -ftree-vrp -Wduplicated-cond -Wnull-dereference -fdelete-null-pointer-checks -Wshift-negative-value -Wshift-overflow=2 -Walloc-zero -Wduplicated-branches -Wno-format-overflow -Wformat-truncation=2 -Wimplicit-fallthrough -Wrestrict -Warith-conversion -Wdouble-promotion -Wenum-conversion -Wpragmas -Wunused-const-variable -O3 -DNDEBUG -fPIC -fvisibility=hidden -Wno-dev -MD -MT _deps/curl-build/lib/CMakeFiles/libcurl_shared.dir/headers.c.o -MF _deps/curl-build/lib/CMakeFiles/libcurl_shared.dir/headers.c.o.d -o _deps/curl-build/lib/CMakeFiles/libcurl_shared.dir/headers.c.o -c /project/build/cp310-cp310-linux_x86_64/_deps/curl-src/lib/headers.c
[61/514] /opt/rh/devtoolset-10/root/usr/bin/gcc  -pthread -DBUILDING_LIBCURL -DCURL_HIDDEN_SYMBOLS -DHAVE_CONFIG_H -Dlibcurl_shared_EXPORTS -I/project/build/cp310-cp310-linux_x86_64/_deps/curl-src/include -I/project/build/cp310-cp310-linux_x86_64/_deps/curl-build/lib -I/project/build/cp310-cp310-linux_x86_64/_deps/curl-src/lib -Werror-implicit-function-declaration -W -Wall -pedantic -Wbad-function-cast -Wconversion -Winline -Wmissing-declarations -Wmissing-prototypes -Wnested-externs -Wno-long-long -Wno-multichar -Wpointer-arith -Wshadow -Wsign-compare -Wundef -Wunused -Wwrite-strings -Waddress -Wattributes -Wcast-align -Wdeclaration-after-statement -Wdiv-by-zero -Wempty-body -Wendif-labels -Wfloat-equal -Wformat-security -Wignored-qualifiers -Wmissing-field-initializers -Wmissing-noreturn -Wno-format-nonliteral -Wno-system-headers -Wold-style-definition -Wredundant-decls -Wsign-conversion -Wno-error=sign-conversion -Wstrict-prototypes -Wtype-limits -Wunreachable-code -Wunused-parameter -Wvla -Wclobbered -Wmissing-parameter-type -Wold-style-declaration -Wstrict-aliasing=3 -Wtrampolines -Wformat=2 -Warray-bounds=2 -ftree-vrp -Wduplicated-cond -Wnull-dereference -fdelete-null-pointer-checks -Wshift-negative-value -Wshift-overflow=2 -Walloc-zero -Wduplicated-branches -Wno-format-overflow -Wformat-truncation=2 -Wimplicit-fallthrough -Wrestrict -Warith-conversion -Wdouble-promotion -Wenum-conversion -Wpragmas -Wunused-const-variable -O3 -DNDEBUG -fPIC -fvisibility=hidden -Wno-dev -MD -MT _deps/curl-build/lib/CMakeFiles/libcurl_shared.dir/ftplistparser.c.o -MF _deps/curl-build/lib/CMakeFiles/libcurl_shared.dir/ftplistparser.c.o.d -o _deps/curl-build/lib/CMakeFiles/libcurl_shared.dir/ftplistparser.c.o -c /project/build/cp310-cp310-linux_x86_64/_deps/curl-src/lib/ftplistparser.c
[62/514] /opt/rh/devtoolset-10/root/usr/bin/gcc  -pthread -DBUILDING_LIBCURL -DCURL_HIDDEN_SYMBOLS -DHAVE_CONFIG_H -Dlibcurl_shared_EXPORTS -I/project/build/cp310-cp310-linux_x86_64/_deps/curl-src/include -I/project/build/cp310-cp310-linux_x86_64/_deps/curl-build/lib -I/project/build/cp310-cp310-linux_x86_64/_deps/curl-src/lib -Werror-implicit-function-declaration -W -Wall -pedantic -Wbad-function-cast -Wconversion -Winline -Wmissing-declarations -Wmissing-prototypes -Wnested-externs -Wno-long-long -Wno-multichar -Wpointer-arith -Wshadow -Wsign-compare -Wundef -Wunused -Wwrite-strings -Waddress -Wattributes -Wcast-align -Wdeclaration-after-statement -Wdiv-by-zero -Wempty-body -Wendif-labels -Wfloat-equal -Wformat-security -Wignored-qualifiers -Wmissing-field-initializers -Wmissing-noreturn -Wno-format-nonliteral -Wno-system-headers -Wold-style-definition -Wredundant-decls -Wsign-conversion -Wno-error=sign-conversion -Wstrict-prototypes -Wtype-limits -Wunreachable-code -Wunused-parameter -Wvla -Wclobbered -Wmissing-parameter-type -Wold-style-declaration -Wstrict-aliasing=3 -Wtrampolines -Wformat=2 -Warray-bounds=2 -ftree-vrp -Wduplicated-cond -Wnull-dereference -fdelete-null-pointer-checks -Wshift-negative-value -Wshift-overflow=2 -Walloc-zero -Wduplicated-branches -Wno-format-overflow -Wformat-truncation=2 -Wimplicit-fallthrough -Wrestrict -Warith-conversion -Wdouble-promotion -Wenum-conversion -Wpragmas -Wunused-const-variable -O3 -DNDEBUG -fPIC -fvisibility=hidden -Wno-dev -MD -MT _deps/curl-build/lib/CMakeFiles/libcurl_shared.dir/hostip4.c.o -MF _deps/curl-build/lib/CMakeFiles/libcurl_shared.dir/hostip4.c.o.d -o _deps/curl-build/lib/CMakeFiles/libcurl_shared.dir/hostip4.c.o -c /project/build/cp310-cp310-linux_x86_64/_deps/curl-src/lib/hostip4.c
[63/514] /opt/rh/devtoolset-10/root/usr/bin/gcc  -pthread -DBUILDING_LIBCURL -DCURL_HIDDEN_SYMBOLS -DHAVE_CONFIG_H -Dlibcurl_shared_EXPORTS -I/project/build/cp310-cp310-linux_x86_64/_deps/curl-src/include -I/project/build/cp310-cp310-linux_x86_64/_deps/curl-build/lib -I/project/build/cp310-cp310-linux_x86_64/_deps/curl-src/lib -Werror-implicit-function-declaration -W -Wall -pedantic -Wbad-function-cast -Wconversion -Winline -Wmissing-declarations -Wmissing-prototypes -Wnested-externs -Wno-long-long -Wno-multichar -Wpointer-arith -Wshadow -Wsign-compare -Wundef -Wunused -Wwrite-strings -Waddress -Wattributes -Wcast-align -Wdeclaration-after-statement -Wdiv-by-zero -Wempty-body -Wendif-labels -Wfloat-equal -Wformat-security -Wignored-qualifiers -Wmissing-field-initializers -Wmissing-noreturn -Wno-format-nonliteral -Wno-system-headers -Wold-style-definition -Wredundant-decls -Wsign-conversion -Wno-error=sign-conversion -Wstrict-prototypes -Wtype-limits -Wunreachable-code -Wunused-parameter -Wvla -Wclobbered -Wmissing-parameter-type -Wold-style-declaration -Wstrict-aliasing=3 -Wtrampolines -Wformat=2 -Warray-bounds=2 -ftree-vrp -Wduplicated-cond -Wnull-dereference -fdelete-null-pointer-checks -Wshift-negative-value -Wshift-overflow=2 -Walloc-zero -Wduplicated-branches -Wno-format-overflow -Wformat-truncation=2 -Wimplicit-fallthrough -Wrestrict -Warith-conversion -Wdouble-promotion -Wenum-conversion -Wpragmas -Wunused-const-variable -O3 -DNDEBUG -fPIC -fvisibility=hidden -Wno-dev -MD -MT _deps/curl-build/lib/CMakeFiles/libcurl_shared.dir/hostsyn.c.o -MF _deps/curl-build/lib/CMakeFiles/libcurl_shared.dir/hostsyn.c.o.d -o _deps/curl-build/lib/CMakeFiles/libcurl_shared.dir/hostsyn.c.o -c /project/build/cp310-cp310-linux_x86_64/_deps/curl-src/lib/hostsyn.c
[64/514] /opt/rh/devtoolset-10/root/usr/bin/gcc  -pthread -DBUILDING_LIBCURL -DCURL_HIDDEN_SYMBOLS -DHAVE_CONFIG_H -Dlibcurl_shared_EXPORTS -I/project/build/cp310-cp310-linux_x86_64/_deps/curl-src/include -I/project/build/cp310-cp310-linux_x86_64/_deps/curl-build/lib -I/project/build/cp310-cp310-linux_x86_64/_deps/curl-src/lib -Werror-implicit-function-declaration -W -Wall -pedantic -Wbad-function-cast -Wconversion -Winline -Wmissing-declarations -Wmissing-prototypes -Wnested-externs -Wno-long-long -Wno-multichar -Wpointer-arith -Wshadow -Wsign-compare -Wundef -Wunused -Wwrite-strings -Waddress -Wattributes -Wcast-align -Wdeclaration-after-statement -Wdiv-by-zero -Wempty-body -Wendif-labels -Wfloat-equal -Wformat-security -Wignored-qualifiers -Wmissing-field-initializers -Wmissing-noreturn -Wno-format-nonliteral -Wno-system-headers -Wold-style-definition -Wredundant-decls -Wsign-conversion -Wno-error=sign-conversion -Wstrict-prototypes -Wtype-limits -Wunreachable-code -Wunused-parameter -Wvla -Wclobbered -Wmissing-parameter-type -Wold-style-declaration -Wstrict-aliasing=3 -Wtrampolines -Wformat=2 -Warray-bounds=2 -ftree-vrp -Wduplicated-cond -Wnull-dereference -fdelete-null-pointer-checks -Wshift-negative-value -Wshift-overflow=2 -Walloc-zero -Wduplicated-branches -Wno-format-overflow -Wformat-truncation=2 -Wimplicit-fallthrough -Wrestrict -Warith-conversion -Wdouble-promotion -Wenum-conversion -Wpragmas -Wunused-const-variable -O3 -DNDEBUG -fPIC -fvisibility=hidden -Wno-dev -MD -MT _deps/curl-build/lib/CMakeFiles/libcurl_shared.dir/formdata.c.o -MF _deps/curl-build/lib/CMakeFiles/libcurl_shared.dir/formdata.c.o.d -o _deps/curl-build/lib/CMakeFiles/libcurl_shared.dir/formdata.c.o -c /project/build/cp310-cp310-linux_x86_64/_deps/curl-src/lib/formdata.c
[65/514] /opt/rh/devtoolset-10/root/usr/bin/gcc  -pthread -DBUILDING_LIBCURL -DCURL_HIDDEN_SYMBOLS -DHAVE_CONFIG_H -Dlibcurl_shared_EXPORTS -I/project/build/cp310-cp310-linux_x86_64/_deps/curl-src/include -I/project/build/cp310-cp310-linux_x86_64/_deps/curl-build/lib -I/project/build/cp310-cp310-linux_x86_64/_deps/curl-src/lib -Werror-implicit-function-declaration -W -Wall -pedantic -Wbad-function-cast -Wconversion -Winline -Wmissing-declarations -Wmissing-prototypes -Wnested-externs -Wno-long-long -Wno-multichar -Wpointer-arith -Wshadow -Wsign-compare -Wundef -Wunused -Wwrite-strings -Waddress -Wattributes -Wcast-align -Wdeclaration-after-statement -Wdiv-by-zero -Wempty-body -Wendif-labels -Wfloat-equal -Wformat-security -Wignored-qualifiers -Wmissing-field-initializers -Wmissing-noreturn -Wno-format-nonliteral -Wno-system-headers -Wold-style-definition -Wredundant-decls -Wsign-conversion -Wno-error=sign-conversion -Wstrict-prototypes -Wtype-limits -Wunreachable-code -Wunused-parameter -Wvla -Wclobbered -Wmissing-parameter-type -Wold-style-declaration -Wstrict-aliasing=3 -Wtrampolines -Wformat=2 -Warray-bounds=2 -ftree-vrp -Wduplicated-cond -Wnull-dereference -fdelete-null-pointer-checks -Wshift-negative-value -Wshift-overflow=2 -Walloc-zero -Wduplicated-branches -Wno-format-overflow -Wformat-truncation=2 -Wimplicit-fallthrough -Wrestrict -Warith-conversion -Wdouble-promotion -Wenum-conversion -Wpragmas -Wunused-const-variable -O3 -DNDEBUG -fPIC -fvisibility=hidden -Wno-dev -MD -MT _deps/curl-build/lib/CMakeFiles/libcurl_shared.dir/doh.c.o -MF _deps/curl-build/lib/CMakeFiles/libcurl_shared.dir/doh.c.o.d -o _deps/curl-build/lib/CMakeFiles/libcurl_shared.dir/doh.c.o -c /project/build/cp310-cp310-linux_x86_64/_deps/curl-src/lib/doh.c
[66/514] /opt/rh/devtoolset-10/root/usr/bin/gcc  -pthread -DBUILDING_LIBCURL -DCURL_HIDDEN_SYMBOLS -DHAVE_CONFIG_H -Dlibcurl_shared_EXPORTS -I/project/build/cp310-cp310-linux_x86_64/_deps/curl-src/include -I/project/build/cp310-cp310-linux_x86_64/_deps/curl-build/lib -I/project/build/cp310-cp310-linux_x86_64/_deps/curl-src/lib -Werror-implicit-function-declaration -W -Wall -pedantic -Wbad-function-cast -Wconversion -Winline -Wmissing-declarations -Wmissing-prototypes -Wnested-externs -Wno-long-long -Wno-multichar -Wpointer-arith -Wshadow -Wsign-compare -Wundef -Wunused -Wwrite-strings -Waddress -Wattributes -Wcast-align -Wdeclaration-after-statement -Wdiv-by-zero -Wempty-body -Wendif-labels -Wfloat-equal -Wformat-security -Wignored-qualifiers -Wmissing-field-initializers -Wmissing-noreturn -Wno-format-nonliteral -Wno-system-headers -Wold-style-definition -Wredundant-decls -Wsign-conversion -Wno-error=sign-conversion -Wstrict-prototypes -Wtype-limits -Wunreachable-code -Wunused-parameter -Wvla -Wclobbered -Wmissing-parameter-type -Wold-style-declaration -Wstrict-aliasing=3 -Wtrampolines -Wformat=2 -Warray-bounds=2 -ftree-vrp -Wduplicated-cond -Wnull-dereference -fdelete-null-pointer-checks -Wshift-negative-value -Wshift-overflow=2 -Walloc-zero -Wduplicated-branches -Wno-format-overflow -Wformat-truncation=2 -Wimplicit-fallthrough -Wrestrict -Warith-conversion -Wdouble-promotion -Wenum-conversion -Wpragmas -Wunused-const-variable -O3 -DNDEBUG -fPIC -fvisibility=hidden -Wno-dev -MD -MT _deps/curl-build/lib/CMakeFiles/libcurl_shared.dir/http2.c.o -MF _deps/curl-build/lib/CMakeFiles/libcurl_shared.dir/http2.c.o.d -o _deps/curl-build/lib/CMakeFiles/libcurl_shared.dir/http2.c.o -c /project/build/cp310-cp310-linux_x86_64/_deps/curl-src/lib/http2.c
[67/514] /opt/rh/devtoolset-10/root/usr/bin/gcc  -pthread -DBUILDING_LIBCURL -DCURL_HIDDEN_SYMBOLS -DHAVE_CONFIG_H -Dlibcurl_shared_EXPORTS -I/project/build/cp310-cp310-linux_x86_64/_deps/curl-src/include -I/project/build/cp310-cp310-linux_x86_64/_deps/curl-build/lib -I/project/build/cp310-cp310-linux_x86_64/_deps/curl-src/lib -Werror-implicit-function-declaration -W -Wall -pedantic -Wbad-function-cast -Wconversion -Winline -Wmissing-declarations -Wmissing-prototypes -Wnested-externs -Wno-long-long -Wno-multichar -Wpointer-arith -Wshadow -Wsign-compare -Wundef -Wunused -Wwrite-strings -Waddress -Wattributes -Wcast-align -Wdeclaration-after-statement -Wdiv-by-zero -Wempty-body -Wendif-labels -Wfloat-equal -Wformat-security -Wignored-qualifiers -Wmissing-field-initializers -Wmissing-noreturn -Wno-format-nonliteral -Wno-system-headers -Wold-style-definition -Wredundant-decls -Wsign-conversion -Wno-error=sign-conversion -Wstrict-prototypes -Wtype-limits -Wunreachable-code -Wunused-parameter -Wvla -Wclobbered -Wmissing-parameter-type -Wold-style-declaration -Wstrict-aliasing=3 -Wtrampolines -Wformat=2 -Warray-bounds=2 -ftree-vrp -Wduplicated-cond -Wnull-dereference -fdelete-null-pointer-checks -Wshift-negative-value -Wshift-overflow=2 -Walloc-zero -Wduplicated-branches -Wno-format-overflow -Wformat-truncation=2 -Wimplicit-fallthrough -Wrestrict -Warith-conversion -Wdouble-promotion -Wenum-conversion -Wpragmas -Wunused-const-variable -O3 -DNDEBUG -fPIC -fvisibility=hidden -Wno-dev -MD -MT _deps/curl-build/lib/CMakeFiles/libcurl_shared.dir/hostip6.c.o -MF _deps/curl-build/lib/CMakeFiles/libcurl_shared.dir/hostip6.c.o.d -o _deps/curl-build/lib/CMakeFiles/libcurl_shared.dir/hostip6.c.o -c /project/build/cp310-cp310-linux_x86_64/_deps/curl-src/lib/hostip6.c
[68/514] /opt/rh/devtoolset-10/root/usr/bin/gcc  -pthread -DBUILDING_LIBCURL -DCURL_HIDDEN_SYMBOLS -DHAVE_CONFIG_H -Dlibcurl_shared_EXPORTS -I/project/build/cp310-cp310-linux_x86_64/_deps/curl-src/include -I/project/build/cp310-cp310-linux_x86_64/_deps/curl-build/lib -I/project/build/cp310-cp310-linux_x86_64/_deps/curl-src/lib -Werror-implicit-function-declaration -W -Wall -pedantic -Wbad-function-cast -Wconversion -Winline -Wmissing-declarations -Wmissing-prototypes -Wnested-externs -Wno-long-long -Wno-multichar -Wpointer-arith -Wshadow -Wsign-compare -Wundef -Wunused -Wwrite-strings -Waddress -Wattributes -Wcast-align -Wdeclaration-after-statement -Wdiv-by-zero -Wempty-body -Wendif-labels -Wfloat-equal -Wformat-security -Wignored-qualifiers -Wmissing-field-initializers -Wmissing-noreturn -Wno-format-nonliteral -Wno-system-headers -Wold-style-definition -Wredundant-decls -Wsign-conversion -Wno-error=sign-conversion -Wstrict-prototypes -Wtype-limits -Wunreachable-code -Wunused-parameter -Wvla -Wclobbered -Wmissing-parameter-type -Wold-style-declaration -Wstrict-aliasing=3 -Wtrampolines -Wformat=2 -Warray-bounds=2 -ftree-vrp -Wduplicated-cond -Wnull-dereference -fdelete-null-pointer-checks -Wshift-negative-value -Wshift-overflow=2 -Walloc-zero -Wduplicated-branches -Wno-format-overflow -Wformat-truncation=2 -Wimplicit-fallthrough -Wrestrict -Warith-conversion -Wdouble-promotion -Wenum-conversion -Wpragmas -Wunused-const-variable -O3 -DNDEBUG -fPIC -fvisibility=hidden -Wno-dev -MD -MT _deps/curl-build/lib/CMakeFiles/libcurl_shared.dir/http1.c.o -MF _deps/curl-build/lib/CMakeFiles/libcurl_shared.dir/http1.c.o.d -o _deps/curl-build/lib/CMakeFiles/libcurl_shared.dir/http1.c.o -c /project/build/cp310-cp310-linux_x86_64/_deps/curl-src/lib/http1.c
[69/514] /opt/rh/devtoolset-10/root/usr/bin/gcc  -pthread -DBUILDING_LIBCURL -DCURL_HIDDEN_SYMBOLS -DHAVE_CONFIG_H -Dlibcurl_shared_EXPORTS -I/project/build/cp310-cp310-linux_x86_64/_deps/curl-src/include -I/project/build/cp310-cp310-linux_x86_64/_deps/curl-build/lib -I/project/build/cp310-cp310-linux_x86_64/_deps/curl-src/lib -Werror-implicit-function-declaration -W -Wall -pedantic -Wbad-function-cast -Wconversion -Winline -Wmissing-declarations -Wmissing-prototypes -Wnested-externs -Wno-long-long -Wno-multichar -Wpointer-arith -Wshadow -Wsign-compare -Wundef -Wunused -Wwrite-strings -Waddress -Wattributes -Wcast-align -Wdeclaration-after-statement -Wdiv-by-zero -Wempty-body -Wendif-labels -Wfloat-equal -Wformat-security -Wignored-qualifiers -Wmissing-field-initializers -Wmissing-noreturn -Wno-format-nonliteral -Wno-system-headers -Wold-style-definition -Wredundant-decls -Wsign-conversion -Wno-error=sign-conversion -Wstrict-prototypes -Wtype-limits -Wunreachable-code -Wunused-parameter -Wvla -Wclobbered -Wmissing-parameter-type -Wold-style-declaration -Wstrict-aliasing=3 -Wtrampolines -Wformat=2 -Warray-bounds=2 -ftree-vrp -Wduplicated-cond -Wnull-dereference -fdelete-null-pointer-checks -Wshift-negative-value -Wshift-overflow=2 -Walloc-zero -Wduplicated-branches -Wno-format-overflow -Wformat-truncation=2 -Wimplicit-fallthrough -Wrestrict -Warith-conversion -Wdouble-promotion -Wenum-conversion -Wpragmas -Wunused-const-variable -O3 -DNDEBUG -fPIC -fvisibility=hidden -Wno-dev -MD -MT _deps/curl-build/lib/CMakeFiles/libcurl_shared.dir/http_negotiate.c.o -MF _deps/curl-build/lib/CMakeFiles/libcurl_shared.dir/http_negotiate.c.o.d -o _deps/curl-build/lib/CMakeFiles/libcurl_shared.dir/http_negotiate.c.o -c /project/build/cp310-cp310-linux_x86_64/_deps/curl-src/lib/http_negotiate.c
[70/514] /opt/rh/devtoolset-10/root/usr/bin/gcc  -pthread -DBUILDING_LIBCURL -DCURL_HIDDEN_SYMBOLS -DHAVE_CONFIG_H -Dlibcurl_shared_EXPORTS -I/project/build/cp310-cp310-linux_x86_64/_deps/curl-src/include -I/project/build/cp310-cp310-linux_x86_64/_deps/curl-build/lib -I/project/build/cp310-cp310-linux_x86_64/_deps/curl-src/lib -Werror-implicit-function-declaration -W -Wall -pedantic -Wbad-function-cast -Wconversion -Winline -Wmissing-declarations -Wmissing-prototypes -Wnested-externs -Wno-long-long -Wno-multichar -Wpointer-arith -Wshadow -Wsign-compare -Wundef -Wunused -Wwrite-strings -Waddress -Wattributes -Wcast-align -Wdeclaration-after-statement -Wdiv-by-zero -Wempty-body -Wendif-labels -Wfloat-equal -Wformat-security -Wignored-qualifiers -Wmissing-field-initializers -Wmissing-noreturn -Wno-format-nonliteral -Wno-system-headers -Wold-style-definition -Wredundant-decls -Wsign-conversion -Wno-error=sign-conversion -Wstrict-prototypes -Wtype-limits -Wunreachable-code -Wunused-parameter -Wvla -Wclobbered -Wmissing-parameter-type -Wold-style-declaration -Wstrict-aliasing=3 -Wtrampolines -Wformat=2 -Warray-bounds=2 -ftree-vrp -Wduplicated-cond -Wnull-dereference -fdelete-null-pointer-checks -Wshift-negative-value -Wshift-overflow=2 -Walloc-zero -Wduplicated-branches -Wno-format-overflow -Wformat-truncation=2 -Wimplicit-fallthrough -Wrestrict -Warith-conversion -Wdouble-promotion -Wenum-conversion -Wpragmas -Wunused-const-variable -O3 -DNDEBUG -fPIC -fvisibility=hidden -Wno-dev -MD -MT _deps/curl-build/lib/CMakeFiles/libcurl_shared.dir/http_digest.c.o -MF _deps/curl-build/lib/CMakeFiles/libcurl_shared.dir/http_digest.c.o.d -o _deps/curl-build/lib/CMakeFiles/libcurl_shared.dir/http_digest.c.o -c /project/build/cp310-cp310-linux_x86_64/_deps/curl-src/lib/http_digest.c
[71/514] /opt/rh/devtoolset-10/root/usr/bin/gcc  -pthread -DBUILDING_LIBCURL -DCURL_HIDDEN_SYMBOLS -DHAVE_CONFIG_H -Dlibcurl_shared_EXPORTS -I/project/build/cp310-cp310-linux_x86_64/_deps/curl-src/include -I/project/build/cp310-cp310-linux_x86_64/_deps/curl-build/lib -I/project/build/cp310-cp310-linux_x86_64/_deps/curl-src/lib -Werror-implicit-function-declaration -W -Wall -pedantic -Wbad-function-cast -Wconversion -Winline -Wmissing-declarations -Wmissing-prototypes -Wnested-externs -Wno-long-long -Wno-multichar -Wpointer-arith -Wshadow -Wsign-compare -Wundef -Wunused -Wwrite-strings -Waddress -Wattributes -Wcast-align -Wdeclaration-after-statement -Wdiv-by-zero -Wempty-body -Wendif-labels -Wfloat-equal -Wformat-security -Wignored-qualifiers -Wmissing-field-initializers -Wmissing-noreturn -Wno-format-nonliteral -Wno-system-headers -Wold-style-definition -Wredundant-decls -Wsign-conversion -Wno-error=sign-conversion -Wstrict-prototypes -Wtype-limits -Wunreachable-code -Wunused-parameter -Wvla -Wclobbered -Wmissing-parameter-type -Wold-style-declaration -Wstrict-aliasing=3 -Wtrampolines -Wformat=2 -Warray-bounds=2 -ftree-vrp -Wduplicated-cond -Wnull-dereference -fdelete-null-pointer-checks -Wshift-negative-value -Wshift-overflow=2 -Walloc-zero -Wduplicated-branches -Wno-format-overflow -Wformat-truncation=2 -Wimplicit-fallthrough -Wrestrict -Warith-conversion -Wdouble-promotion -Wenum-conversion -Wpragmas -Wunused-const-variable -O3 -DNDEBUG -fPIC -fvisibility=hidden -Wno-dev -MD -MT _deps/curl-build/lib/CMakeFiles/libcurl_shared.dir/hsts.c.o -MF _deps/curl-build/lib/CMakeFiles/libcurl_shared.dir/hsts.c.o.d -o _deps/curl-build/lib/CMakeFiles/libcurl_shared.dir/hsts.c.o -c /project/build/cp310-cp310-linux_x86_64/_deps/curl-src/lib/hsts.c
[72/514] /opt/rh/devtoolset-10/root/usr/bin/gcc  -pthread -DBUILDING_LIBCURL -DCURL_HIDDEN_SYMBOLS -DHAVE_CONFIG_H -Dlibcurl_shared_EXPORTS -I/project/build/cp310-cp310-linux_x86_64/_deps/curl-src/include -I/project/build/cp310-cp310-linux_x86_64/_deps/curl-build/lib -I/project/build/cp310-cp310-linux_x86_64/_deps/curl-src/lib -Werror-implicit-function-declaration -W -Wall -pedantic -Wbad-function-cast -Wconversion -Winline -Wmissing-declarations -Wmissing-prototypes -Wnested-externs -Wno-long-long -Wno-multichar -Wpointer-arith -Wshadow -Wsign-compare -Wundef -Wunused -Wwrite-strings -Waddress -Wattributes -Wcast-align -Wdeclaration-after-statement -Wdiv-by-zero -Wempty-body -Wendif-labels -Wfloat-equal -Wformat-security -Wignored-qualifiers -Wmissing-field-initializers -Wmissing-noreturn -Wno-format-nonliteral -Wno-system-headers -Wold-style-definition -Wredundant-decls -Wsign-conversion -Wno-error=sign-conversion -Wstrict-prototypes -Wtype-limits -Wunreachable-code -Wunused-parameter -Wvla -Wclobbered -Wmissing-parameter-type -Wold-style-declaration -Wstrict-aliasing=3 -Wtrampolines -Wformat=2 -Warray-bounds=2 -ftree-vrp -Wduplicated-cond -Wnull-dereference -fdelete-null-pointer-checks -Wshift-negative-value -Wshift-overflow=2 -Walloc-zero -Wduplicated-branches -Wno-format-overflow -Wformat-truncation=2 -Wimplicit-fallthrough -Wrestrict -Warith-conversion -Wdouble-promotion -Wenum-conversion -Wpragmas -Wunused-const-variable -O3 -DNDEBUG -fPIC -fvisibility=hidden -Wno-dev -MD -MT _deps/curl-build/lib/CMakeFiles/libcurl_shared.dir/http_ntlm.c.o -MF _deps/curl-build/lib/CMakeFiles/libcurl_shared.dir/http_ntlm.c.o.d -o _deps/curl-build/lib/CMakeFiles/libcurl_shared.dir/http_ntlm.c.o -c /project/build/cp310-cp310-linux_x86_64/_deps/curl-src/lib/http_ntlm.c
[73/514] /opt/rh/devtoolset-10/root/usr/bin/gcc  -pthread -DBUILDING_LIBCURL -DCURL_HIDDEN_SYMBOLS -DHAVE_CONFIG_H -Dlibcurl_shared_EXPORTS -I/project/build/cp310-cp310-linux_x86_64/_deps/curl-src/include -I/project/build/cp310-cp310-linux_x86_64/_deps/curl-build/lib -I/project/build/cp310-cp310-linux_x86_64/_deps/curl-src/lib -Werror-implicit-function-declaration -W -Wall -pedantic -Wbad-function-cast -Wconversion -Winline -Wmissing-declarations -Wmissing-prototypes -Wnested-externs -Wno-long-long -Wno-multichar -Wpointer-arith -Wshadow -Wsign-compare -Wundef -Wunused -Wwrite-strings -Waddress -Wattributes -Wcast-align -Wdeclaration-after-statement -Wdiv-by-zero -Wempty-body -Wendif-labels -Wfloat-equal -Wformat-security -Wignored-qualifiers -Wmissing-field-initializers -Wmissing-noreturn -Wno-format-nonliteral -Wno-system-headers -Wold-style-definition -Wredundant-decls -Wsign-conversion -Wno-error=sign-conversion -Wstrict-prototypes -Wtype-limits -Wunreachable-code -Wunused-parameter -Wvla -Wclobbered -Wmissing-parameter-type -Wold-style-declaration -Wstrict-aliasing=3 -Wtrampolines -Wformat=2 -Warray-bounds=2 -ftree-vrp -Wduplicated-cond -Wnull-dereference -fdelete-null-pointer-checks -Wshift-negative-value -Wshift-overflow=2 -Walloc-zero -Wduplicated-branches -Wno-format-overflow -Wformat-truncation=2 -Wimplicit-fallthrough -Wrestrict -Warith-conversion -Wdouble-promotion -Wenum-conversion -Wpragmas -Wunused-const-variable -O3 -DNDEBUG -fPIC -fvisibility=hidden -Wno-dev -MD -MT _deps/curl-build/lib/CMakeFiles/libcurl_shared.dir/http_chunks.c.o -MF _deps/curl-build/lib/CMakeFiles/libcurl_shared.dir/http_chunks.c.o.d -o _deps/curl-build/lib/CMakeFiles/libcurl_shared.dir/http_chunks.c.o -c /project/build/cp310-cp310-linux_x86_64/_deps/curl-src/lib/http_chunks.c
[74/514] /opt/rh/devtoolset-10/root/usr/bin/gcc  -pthread -DBUILDING_LIBCURL -DCURL_HIDDEN_SYMBOLS -DHAVE_CONFIG_H -Dlibcurl_shared_EXPORTS -I/project/build/cp310-cp310-linux_x86_64/_deps/curl-src/include -I/project/build/cp310-cp310-linux_x86_64/_deps/curl-build/lib -I/project/build/cp310-cp310-linux_x86_64/_deps/curl-src/lib -Werror-implicit-function-declaration -W -Wall -pedantic -Wbad-function-cast -Wconversion -Winline -Wmissing-declarations -Wmissing-prototypes -Wnested-externs -Wno-long-long -Wno-multichar -Wpointer-arith -Wshadow -Wsign-compare -Wundef -Wunused -Wwrite-strings -Waddress -Wattributes -Wcast-align -Wdeclaration-after-statement -Wdiv-by-zero -Wempty-body -Wendif-labels -Wfloat-equal -Wformat-security -Wignored-qualifiers -Wmissing-field-initializers -Wmissing-noreturn -Wno-format-nonliteral -Wno-system-headers -Wold-style-definition -Wredundant-decls -Wsign-conversion -Wno-error=sign-conversion -Wstrict-prototypes -Wtype-limits -Wunreachable-code -Wunused-parameter -Wvla -Wclobbered -Wmissing-parameter-type -Wold-style-declaration -Wstrict-aliasing=3 -Wtrampolines -Wformat=2 -Warray-bounds=2 -ftree-vrp -Wduplicated-cond -Wnull-dereference -fdelete-null-pointer-checks -Wshift-negative-value -Wshift-overflow=2 -Walloc-zero -Wduplicated-branches -Wno-format-overflow -Wformat-truncation=2 -Wimplicit-fallthrough -Wrestrict -Warith-conversion -Wdouble-promotion -Wenum-conversion -Wpragmas -Wunused-const-variable -O3 -DNDEBUG -fPIC -fvisibility=hidden -Wno-dev -MD -MT _deps/curl-build/lib/CMakeFiles/libcurl_shared.dir/http_proxy.c.o -MF _deps/curl-build/lib/CMakeFiles/libcurl_shared.dir/http_proxy.c.o.d -o _deps/curl-build/lib/CMakeFiles/libcurl_shared.dir/http_proxy.c.o -c /project/build/cp310-cp310-linux_x86_64/_deps/curl-src/lib/http_proxy.c
[75/514] /opt/rh/devtoolset-10/root/usr/bin/gcc  -pthread -DBUILDING_LIBCURL -DCURL_HIDDEN_SYMBOLS -DHAVE_CONFIG_H -Dlibcurl_shared_EXPORTS -I/project/build/cp310-cp310-linux_x86_64/_deps/curl-src/include -I/project/build/cp310-cp310-linux_x86_64/_deps/curl-build/lib -I/project/build/cp310-cp310-linux_x86_64/_deps/curl-src/lib -Werror-implicit-function-declaration -W -Wall -pedantic -Wbad-function-cast -Wconversion -Winline -Wmissing-declarations -Wmissing-prototypes -Wnested-externs -Wno-long-long -Wno-multichar -Wpointer-arith -Wshadow -Wsign-compare -Wundef -Wunused -Wwrite-strings -Waddress -Wattributes -Wcast-align -Wdeclaration-after-statement -Wdiv-by-zero -Wempty-body -Wendif-labels -Wfloat-equal -Wformat-security -Wignored-qualifiers -Wmissing-field-initializers -Wmissing-noreturn -Wno-format-nonliteral -Wno-system-headers -Wold-style-definition -Wredundant-decls -Wsign-conversion -Wno-error=sign-conversion -Wstrict-prototypes -Wtype-limits -Wunreachable-code -Wunused-parameter -Wvla -Wclobbered -Wmissing-parameter-type -Wold-style-declaration -Wstrict-aliasing=3 -Wtrampolines -Wformat=2 -Warray-bounds=2 -ftree-vrp -Wduplicated-cond -Wnull-dereference -fdelete-null-pointer-checks -Wshift-negative-value -Wshift-overflow=2 -Walloc-zero -Wduplicated-branches -Wno-format-overflow -Wformat-truncation=2 -Wimplicit-fallthrough -Wrestrict -Warith-conversion -Wdouble-promotion -Wenum-conversion -Wpragmas -Wunused-const-variable -O3 -DNDEBUG -fPIC -fvisibility=hidden -Wno-dev -MD -MT _deps/curl-build/lib/CMakeFiles/libcurl_shared.dir/idn.c.o -MF _deps/curl-build/lib/CMakeFiles/libcurl_shared.dir/idn.c.o.d -o _deps/curl-build/lib/CMakeFiles/libcurl_shared.dir/idn.c.o -c /project/build/cp310-cp310-linux_x86_64/_deps/curl-src/lib/idn.c
[76/514] /opt/rh/devtoolset-10/root/usr/bin/gcc  -pthread -DBUILDING_LIBCURL -DCURL_HIDDEN_SYMBOLS -DHAVE_CONFIG_H -Dlibcurl_shared_EXPORTS -I/project/build/cp310-cp310-linux_x86_64/_deps/curl-src/include -I/project/build/cp310-cp310-linux_x86_64/_deps/curl-build/lib -I/project/build/cp310-cp310-linux_x86_64/_deps/curl-src/lib -Werror-implicit-function-declaration -W -Wall -pedantic -Wbad-function-cast -Wconversion -Winline -Wmissing-declarations -Wmissing-prototypes -Wnested-externs -Wno-long-long -Wno-multichar -Wpointer-arith -Wshadow -Wsign-compare -Wundef -Wunused -Wwrite-strings -Waddress -Wattributes -Wcast-align -Wdeclaration-after-statement -Wdiv-by-zero -Wempty-body -Wendif-labels -Wfloat-equal -Wformat-security -Wignored-qualifiers -Wmissing-field-initializers -Wmissing-noreturn -Wno-format-nonliteral -Wno-system-headers -Wold-style-definition -Wredundant-decls -Wsign-conversion -Wno-error=sign-conversion -Wstrict-prototypes -Wtype-limits -Wunreachable-code -Wunused-parameter -Wvla -Wclobbered -Wmissing-parameter-type -Wold-style-declaration -Wstrict-aliasing=3 -Wtrampolines -Wformat=2 -Warray-bounds=2 -ftree-vrp -Wduplicated-cond -Wnull-dereference -fdelete-null-pointer-checks -Wshift-negative-value -Wshift-overflow=2 -Walloc-zero -Wduplicated-branches -Wno-format-overflow -Wformat-truncation=2 -Wimplicit-fallthrough -Wrestrict -Warith-conversion -Wdouble-promotion -Wenum-conversion -Wpragmas -Wunused-const-variable -O3 -DNDEBUG -fPIC -fvisibility=hidden -Wno-dev -MD -MT _deps/curl-build/lib/CMakeFiles/libcurl_shared.dir/inet_pton.c.o -MF _deps/curl-build/lib/CMakeFiles/libcurl_shared.dir/inet_pton.c.o.d -o _deps/curl-build/lib/CMakeFiles/libcurl_shared.dir/inet_pton.c.o -c /project/build/cp310-cp310-linux_x86_64/_deps/curl-src/lib/inet_pton.c
[77/514] /opt/rh/devtoolset-10/root/usr/bin/gcc  -pthread -DBUILDING_LIBCURL -DCURL_HIDDEN_SYMBOLS -DHAVE_CONFIG_H -Dlibcurl_shared_EXPORTS -I/project/build/cp310-cp310-linux_x86_64/_deps/curl-src/include -I/project/build/cp310-cp310-linux_x86_64/_deps/curl-build/lib -I/project/build/cp310-cp310-linux_x86_64/_deps/curl-src/lib -Werror-implicit-function-declaration -W -Wall -pedantic -Wbad-function-cast -Wconversion -Winline -Wmissing-declarations -Wmissing-prototypes -Wnested-externs -Wno-long-long -Wno-multichar -Wpointer-arith -Wshadow -Wsign-compare -Wundef -Wunused -Wwrite-strings -Waddress -Wattributes -Wcast-align -Wdeclaration-after-statement -Wdiv-by-zero -Wempty-body -Wendif-labels -Wfloat-equal -Wformat-security -Wignored-qualifiers -Wmissing-field-initializers -Wmissing-noreturn -Wno-format-nonliteral -Wno-system-headers -Wold-style-definition -Wredundant-decls -Wsign-conversion -Wno-error=sign-conversion -Wstrict-prototypes -Wtype-limits -Wunreachable-code -Wunused-parameter -Wvla -Wclobbered -Wmissing-parameter-type -Wold-style-declaration -Wstrict-aliasing=3 -Wtrampolines -Wformat=2 -Warray-bounds=2 -ftree-vrp -Wduplicated-cond -Wnull-dereference -fdelete-null-pointer-checks -Wshift-negative-value -Wshift-overflow=2 -Walloc-zero -Wduplicated-branches -Wno-format-overflow -Wformat-truncation=2 -Wimplicit-fallthrough -Wrestrict -Warith-conversion -Wdouble-promotion -Wenum-conversion -Wpragmas -Wunused-const-variable -O3 -DNDEBUG -fPIC -fvisibility=hidden -Wno-dev -MD -MT _deps/curl-build/lib/CMakeFiles/libcurl_shared.dir/if2ip.c.o -MF _deps/curl-build/lib/CMakeFiles/libcurl_shared.dir/if2ip.c.o.d -o _deps/curl-build/lib/CMakeFiles/libcurl_shared.dir/if2ip.c.o -c /project/build/cp310-cp310-linux_x86_64/_deps/curl-src/lib/if2ip.c
[78/514] /opt/rh/devtoolset-10/root/usr/bin/gcc  -pthread -DBUILDING_LIBCURL -DCURL_HIDDEN_SYMBOLS -DHAVE_CONFIG_H -Dlibcurl_shared_EXPORTS -I/project/build/cp310-cp310-linux_x86_64/_deps/curl-src/include -I/project/build/cp310-cp310-linux_x86_64/_deps/curl-build/lib -I/project/build/cp310-cp310-linux_x86_64/_deps/curl-src/lib -Werror-implicit-function-declaration -W -Wall -pedantic -Wbad-function-cast -Wconversion -Winline -Wmissing-declarations -Wmissing-prototypes -Wnested-externs -Wno-long-long -Wno-multichar -Wpointer-arith -Wshadow -Wsign-compare -Wundef -Wunused -Wwrite-strings -Waddress -Wattributes -Wcast-align -Wdeclaration-after-statement -Wdiv-by-zero -Wempty-body -Wendif-labels -Wfloat-equal -Wformat-security -Wignored-qualifiers -Wmissing-field-initializers -Wmissing-noreturn -Wno-format-nonliteral -Wno-system-headers -Wold-style-definition -Wredundant-decls -Wsign-conversion -Wno-error=sign-conversion -Wstrict-prototypes -Wtype-limits -Wunreachable-code -Wunused-parameter -Wvla -Wclobbered -Wmissing-parameter-type -Wold-style-declaration -Wstrict-aliasing=3 -Wtrampolines -Wformat=2 -Warray-bounds=2 -ftree-vrp -Wduplicated-cond -Wnull-dereference -fdelete-null-pointer-checks -Wshift-negative-value -Wshift-overflow=2 -Walloc-zero -Wduplicated-branches -Wno-format-overflow -Wformat-truncation=2 -Wimplicit-fallthrough -Wrestrict -Warith-conversion -Wdouble-promotion -Wenum-conversion -Wpragmas -Wunused-const-variable -O3 -DNDEBUG -fPIC -fvisibility=hidden -Wno-dev -MD -MT _deps/curl-build/lib/CMakeFiles/libcurl_shared.dir/hostip.c.o -MF _deps/curl-build/lib/CMakeFiles/libcurl_shared.dir/hostip.c.o.d -o _deps/curl-build/lib/CMakeFiles/libcurl_shared.dir/hostip.c.o -c /project/build/cp310-cp310-linux_x86_64/_deps/curl-src/lib/hostip.c
[79/514] /opt/rh/devtoolset-10/root/usr/bin/gcc  -pthread -DBUILDING_LIBCURL -DCURL_HIDDEN_SYMBOLS -DHAVE_CONFIG_H -Dlibcurl_shared_EXPORTS -I/project/build/cp310-cp310-linux_x86_64/_deps/curl-src/include -I/project/build/cp310-cp310-linux_x86_64/_deps/curl-build/lib -I/project/build/cp310-cp310-linux_x86_64/_deps/curl-src/lib -Werror-implicit-function-declaration -W -Wall -pedantic -Wbad-function-cast -Wconversion -Winline -Wmissing-declarations -Wmissing-prototypes -Wnested-externs -Wno-long-long -Wno-multichar -Wpointer-arith -Wshadow -Wsign-compare -Wundef -Wunused -Wwrite-strings -Waddress -Wattributes -Wcast-align -Wdeclaration-after-statement -Wdiv-by-zero -Wempty-body -Wendif-labels -Wfloat-equal -Wformat-security -Wignored-qualifiers -Wmissing-field-initializers -Wmissing-noreturn -Wno-format-nonliteral -Wno-system-headers -Wold-style-definition -Wredundant-decls -Wsign-conversion -Wno-error=sign-conversion -Wstrict-prototypes -Wtype-limits -Wunreachable-code -Wunused-parameter -Wvla -Wclobbered -Wmissing-parameter-type -Wold-style-declaration -Wstrict-aliasing=3 -Wtrampolines -Wformat=2 -Warray-bounds=2 -ftree-vrp -Wduplicated-cond -Wnull-dereference -fdelete-null-pointer-checks -Wshift-negative-value -Wshift-overflow=2 -Walloc-zero -Wduplicated-branches -Wno-format-overflow -Wformat-truncation=2 -Wimplicit-fallthrough -Wrestrict -Warith-conversion -Wdouble-promotion -Wenum-conversion -Wpragmas -Wunused-const-variable -O3 -DNDEBUG -fPIC -fvisibility=hidden -Wno-dev -MD -MT _deps/curl-build/lib/CMakeFiles/libcurl_shared.dir/inet_ntop.c.o -MF _deps/curl-build/lib/CMakeFiles/libcurl_shared.dir/inet_ntop.c.o.d -o _deps/curl-build/lib/CMakeFiles/libcurl_shared.dir/inet_ntop.c.o -c /project/build/cp310-cp310-linux_x86_64/_deps/curl-src/lib/inet_ntop.c
[80/514] /opt/rh/devtoolset-10/root/usr/bin/gcc  -pthread -DBUILDING_LIBCURL -DCURL_HIDDEN_SYMBOLS -DHAVE_CONFIG_H -Dlibcurl_shared_EXPORTS -I/project/build/cp310-cp310-linux_x86_64/_deps/curl-src/include -I/project/build/cp310-cp310-linux_x86_64/_deps/curl-build/lib -I/project/build/cp310-cp310-linux_x86_64/_deps/curl-src/lib -Werror-implicit-function-declaration -W -Wall -pedantic -Wbad-function-cast -Wconversion -Winline -Wmissing-declarations -Wmissing-prototypes -Wnested-externs -Wno-long-long -Wno-multichar -Wpointer-arith -Wshadow -Wsign-compare -Wundef -Wunused -Wwrite-strings -Waddress -Wattributes -Wcast-align -Wdeclaration-after-statement -Wdiv-by-zero -Wempty-body -Wendif-labels -Wfloat-equal -Wformat-security -Wignored-qualifiers -Wmissing-field-initializers -Wmissing-noreturn -Wno-format-nonliteral -Wno-system-headers -Wold-style-definition -Wredundant-decls -Wsign-conversion -Wno-error=sign-conversion -Wstrict-prototypes -Wtype-limits -Wunreachable-code -Wunused-parameter -Wvla -Wclobbered -Wmissing-parameter-type -Wold-style-declaration -Wstrict-aliasing=3 -Wtrampolines -Wformat=2 -Warray-bounds=2 -ftree-vrp -Wduplicated-cond -Wnull-dereference -fdelete-null-pointer-checks -Wshift-negative-value -Wshift-overflow=2 -Walloc-zero -Wduplicated-branches -Wno-format-overflow -Wformat-truncation=2 -Wimplicit-fallthrough -Wrestrict -Warith-conversion -Wdouble-promotion -Wenum-conversion -Wpragmas -Wunused-const-variable -O3 -DNDEBUG -fPIC -fvisibility=hidden -Wno-dev -MD -MT _deps/curl-build/lib/CMakeFiles/libcurl_shared.dir/http_aws_sigv4.c.o -MF _deps/curl-build/lib/CMakeFiles/libcurl_shared.dir/http_aws_sigv4.c.o.d -o _deps/curl-build/lib/CMakeFiles/libcurl_shared.dir/http_aws_sigv4.c.o -c /project/build/cp310-cp310-linux_x86_64/_deps/curl-src/lib/http_aws_sigv4.c
[81/514] /opt/rh/devtoolset-10/root/usr/bin/gcc  -pthread -DBUILDING_LIBCURL -DCURL_HIDDEN_SYMBOLS -DHAVE_CONFIG_H -Dlibcurl_shared_EXPORTS -I/project/build/cp310-cp310-linux_x86_64/_deps/curl-src/include -I/project/build/cp310-cp310-linux_x86_64/_deps/curl-build/lib -I/project/build/cp310-cp310-linux_x86_64/_deps/curl-src/lib -Werror-implicit-function-declaration -W -Wall -pedantic -Wbad-function-cast -Wconversion -Winline -Wmissing-declarations -Wmissing-prototypes -Wnested-externs -Wno-long-long -Wno-multichar -Wpointer-arith -Wshadow -Wsign-compare -Wundef -Wunused -Wwrite-strings -Waddress -Wattributes -Wcast-align -Wdeclaration-after-statement -Wdiv-by-zero -Wempty-body -Wendif-labels -Wfloat-equal -Wformat-security -Wignored-qualifiers -Wmissing-field-initializers -Wmissing-noreturn -Wno-format-nonliteral -Wno-system-headers -Wold-style-definition -Wredundant-decls -Wsign-conversion -Wno-error=sign-conversion -Wstrict-prototypes -Wtype-limits -Wunreachable-code -Wunused-parameter -Wvla -Wclobbered -Wmissing-parameter-type -Wold-style-declaration -Wstrict-aliasing=3 -Wtrampolines -Wformat=2 -Warray-bounds=2 -ftree-vrp -Wduplicated-cond -Wnull-dereference -fdelete-null-pointer-checks -Wshift-negative-value -Wshift-overflow=2 -Walloc-zero -Wduplicated-branches -Wno-format-overflow -Wformat-truncation=2 -Wimplicit-fallthrough -Wrestrict -Warith-conversion -Wdouble-promotion -Wenum-conversion -Wpragmas -Wunused-const-variable -O3 -DNDEBUG -fPIC -fvisibility=hidden -Wno-dev -MD -MT _deps/curl-build/lib/CMakeFiles/libcurl_shared.dir/krb5.c.o -MF _deps/curl-build/lib/CMakeFiles/libcurl_shared.dir/krb5.c.o.d -o _deps/curl-build/lib/CMakeFiles/libcurl_shared.dir/krb5.c.o -c /project/build/cp310-cp310-linux_x86_64/_deps/curl-src/lib/krb5.c
[82/514] /opt/rh/devtoolset-10/root/usr/bin/gcc  -pthread -DBUILDING_LIBCURL -DCURL_HIDDEN_SYMBOLS -DHAVE_CONFIG_H -Dlibcurl_shared_EXPORTS -I/project/build/cp310-cp310-linux_x86_64/_deps/curl-src/include -I/project/build/cp310-cp310-linux_x86_64/_deps/curl-build/lib -I/project/build/cp310-cp310-linux_x86_64/_deps/curl-src/lib -Werror-implicit-function-declaration -W -Wall -pedantic -Wbad-function-cast -Wconversion -Winline -Wmissing-declarations -Wmissing-prototypes -Wnested-externs -Wno-long-long -Wno-multichar -Wpointer-arith -Wshadow -Wsign-compare -Wundef -Wunused -Wwrite-strings -Waddress -Wattributes -Wcast-align -Wdeclaration-after-statement -Wdiv-by-zero -Wempty-body -Wendif-labels -Wfloat-equal -Wformat-security -Wignored-qualifiers -Wmissing-field-initializers -Wmissing-noreturn -Wno-format-nonliteral -Wno-system-headers -Wold-style-definition -Wredundant-decls -Wsign-conversion -Wno-error=sign-conversion -Wstrict-prototypes -Wtype-limits -Wunreachable-code -Wunused-parameter -Wvla -Wclobbered -Wmissing-parameter-type -Wold-style-declaration -Wstrict-aliasing=3 -Wtrampolines -Wformat=2 -Warray-bounds=2 -ftree-vrp -Wduplicated-cond -Wnull-dereference -fdelete-null-pointer-checks -Wshift-negative-value -Wshift-overflow=2 -Walloc-zero -Wduplicated-branches -Wno-format-overflow -Wformat-truncation=2 -Wimplicit-fallthrough -Wrestrict -Warith-conversion -Wdouble-promotion -Wenum-conversion -Wpragmas -Wunused-const-variable -O3 -DNDEBUG -fPIC -fvisibility=hidden -Wno-dev -MD -MT _deps/curl-build/lib/CMakeFiles/libcurl_shared.dir/macos.c.o -MF _deps/curl-build/lib/CMakeFiles/libcurl_shared.dir/macos.c.o.d -o _deps/curl-build/lib/CMakeFiles/libcurl_shared.dir/macos.c.o -c /project/build/cp310-cp310-linux_x86_64/_deps/curl-src/lib/macos.c
[83/514] /opt/rh/devtoolset-10/root/usr/bin/gcc  -pthread -DBUILDING_LIBCURL -DCURL_HIDDEN_SYMBOLS -DHAVE_CONFIG_H -Dlibcurl_shared_EXPORTS -I/project/build/cp310-cp310-linux_x86_64/_deps/curl-src/include -I/project/build/cp310-cp310-linux_x86_64/_deps/curl-build/lib -I/project/build/cp310-cp310-linux_x86_64/_deps/curl-src/lib -Werror-implicit-function-declaration -W -Wall -pedantic -Wbad-function-cast -Wconversion -Winline -Wmissing-declarations -Wmissing-prototypes -Wnested-externs -Wno-long-long -Wno-multichar -Wpointer-arith -Wshadow -Wsign-compare -Wundef -Wunused -Wwrite-strings -Waddress -Wattributes -Wcast-align -Wdeclaration-after-statement -Wdiv-by-zero -Wempty-body -Wendif-labels -Wfloat-equal -Wformat-security -Wignored-qualifiers -Wmissing-field-initializers -Wmissing-noreturn -Wno-format-nonliteral -Wno-system-headers -Wold-style-definition -Wredundant-decls -Wsign-conversion -Wno-error=sign-conversion -Wstrict-prototypes -Wtype-limits -Wunreachable-code -Wunused-parameter -Wvla -Wclobbered -Wmissing-parameter-type -Wold-style-declaration -Wstrict-aliasing=3 -Wtrampolines -Wformat=2 -Warray-bounds=2 -ftree-vrp -Wduplicated-cond -Wnull-dereference -fdelete-null-pointer-checks -Wshift-negative-value -Wshift-overflow=2 -Walloc-zero -Wduplicated-branches -Wno-format-overflow -Wformat-truncation=2 -Wimplicit-fallthrough -Wrestrict -Warith-conversion -Wdouble-promotion -Wenum-conversion -Wpragmas -Wunused-const-variable -O3 -DNDEBUG -fPIC -fvisibility=hidden -Wno-dev -MD -MT _deps/curl-build/lib/CMakeFiles/libcurl_shared.dir/ldap.c.o -MF _deps/curl-build/lib/CMakeFiles/libcurl_shared.dir/ldap.c.o.d -o _deps/curl-build/lib/CMakeFiles/libcurl_shared.dir/ldap.c.o -c /project/build/cp310-cp310-linux_x86_64/_deps/curl-src/lib/ldap.c
[84/514] /opt/rh/devtoolset-10/root/usr/bin/gcc  -pthread -DBUILDING_LIBCURL -DCURL_HIDDEN_SYMBOLS -DHAVE_CONFIG_H -Dlibcurl_shared_EXPORTS -I/project/build/cp310-cp310-linux_x86_64/_deps/curl-src/include -I/project/build/cp310-cp310-linux_x86_64/_deps/curl-build/lib -I/project/build/cp310-cp310-linux_x86_64/_deps/curl-src/lib -Werror-implicit-function-declaration -W -Wall -pedantic -Wbad-function-cast -Wconversion -Winline -Wmissing-declarations -Wmissing-prototypes -Wnested-externs -Wno-long-long -Wno-multichar -Wpointer-arith -Wshadow -Wsign-compare -Wundef -Wunused -Wwrite-strings -Waddress -Wattributes -Wcast-align -Wdeclaration-after-statement -Wdiv-by-zero -Wempty-body -Wendif-labels -Wfloat-equal -Wformat-security -Wignored-qualifiers -Wmissing-field-initializers -Wmissing-noreturn -Wno-format-nonliteral -Wno-system-headers -Wold-style-definition -Wredundant-decls -Wsign-conversion -Wno-error=sign-conversion -Wstrict-prototypes -Wtype-limits -Wunreachable-code -Wunused-parameter -Wvla -Wclobbered -Wmissing-parameter-type -Wold-style-declaration -Wstrict-aliasing=3 -Wtrampolines -Wformat=2 -Warray-bounds=2 -ftree-vrp -Wduplicated-cond -Wnull-dereference -fdelete-null-pointer-checks -Wshift-negative-value -Wshift-overflow=2 -Walloc-zero -Wduplicated-branches -Wno-format-overflow -Wformat-truncation=2 -Wimplicit-fallthrough -Wrestrict -Warith-conversion -Wdouble-promotion -Wenum-conversion -Wpragmas -Wunused-const-variable -O3 -DNDEBUG -fPIC -fvisibility=hidden -Wno-dev -MD -MT _deps/curl-build/lib/CMakeFiles/libcurl_shared.dir/md4.c.o -MF _deps/curl-build/lib/CMakeFiles/libcurl_shared.dir/md4.c.o.d -o _deps/curl-build/lib/CMakeFiles/libcurl_shared.dir/md4.c.o -c /project/build/cp310-cp310-linux_x86_64/_deps/curl-src/lib/md4.c
[85/514] /opt/rh/devtoolset-10/root/usr/bin/gcc  -pthread -DBUILDING_LIBCURL -DCURL_HIDDEN_SYMBOLS -DHAVE_CONFIG_H -Dlibcurl_shared_EXPORTS -I/project/build/cp310-cp310-linux_x86_64/_deps/curl-src/include -I/project/build/cp310-cp310-linux_x86_64/_deps/curl-build/lib -I/project/build/cp310-cp310-linux_x86_64/_deps/curl-src/lib -Werror-implicit-function-declaration -W -Wall -pedantic -Wbad-function-cast -Wconversion -Winline -Wmissing-declarations -Wmissing-prototypes -Wnested-externs -Wno-long-long -Wno-multichar -Wpointer-arith -Wshadow -Wsign-compare -Wundef -Wunused -Wwrite-strings -Waddress -Wattributes -Wcast-align -Wdeclaration-after-statement -Wdiv-by-zero -Wempty-body -Wendif-labels -Wfloat-equal -Wformat-security -Wignored-qualifiers -Wmissing-field-initializers -Wmissing-noreturn -Wno-format-nonliteral -Wno-system-headers -Wold-style-definition -Wredundant-decls -Wsign-conversion -Wno-error=sign-conversion -Wstrict-prototypes -Wtype-limits -Wunreachable-code -Wunused-parameter -Wvla -Wclobbered -Wmissing-parameter-type -Wold-style-declaration -Wstrict-aliasing=3 -Wtrampolines -Wformat=2 -Warray-bounds=2 -ftree-vrp -Wduplicated-cond -Wnull-dereference -fdelete-null-pointer-checks -Wshift-negative-value -Wshift-overflow=2 -Walloc-zero -Wduplicated-branches -Wno-format-overflow -Wformat-truncation=2 -Wimplicit-fallthrough -Wrestrict -Warith-conversion -Wdouble-promotion -Wenum-conversion -Wpragmas -Wunused-const-variable -O3 -DNDEBUG -fPIC -fvisibility=hidden -Wno-dev -MD -MT _deps/curl-build/lib/CMakeFiles/libcurl_shared.dir/memdebug.c.o -MF _deps/curl-build/lib/CMakeFiles/libcurl_shared.dir/memdebug.c.o.d -o _deps/curl-build/lib/CMakeFiles/libcurl_shared.dir/memdebug.c.o -c /project/build/cp310-cp310-linux_x86_64/_deps/curl-src/lib/memdebug.c
[86/514] /opt/rh/devtoolset-10/root/usr/bin/gcc  -pthread -DBUILDING_LIBCURL -DCURL_HIDDEN_SYMBOLS -DHAVE_CONFIG_H -Dlibcurl_shared_EXPORTS -I/project/build/cp310-cp310-linux_x86_64/_deps/curl-src/include -I/project/build/cp310-cp310-linux_x86_64/_deps/curl-build/lib -I/project/build/cp310-cp310-linux_x86_64/_deps/curl-src/lib -Werror-implicit-function-declaration -W -Wall -pedantic -Wbad-function-cast -Wconversion -Winline -Wmissing-declarations -Wmissing-prototypes -Wnested-externs -Wno-long-long -Wno-multichar -Wpointer-arith -Wshadow -Wsign-compare -Wundef -Wunused -Wwrite-strings -Waddress -Wattributes -Wcast-align -Wdeclaration-after-statement -Wdiv-by-zero -Wempty-body -Wendif-labels -Wfloat-equal -Wformat-security -Wignored-qualifiers -Wmissing-field-initializers -Wmissing-noreturn -Wno-format-nonliteral -Wno-system-headers -Wold-style-definition -Wredundant-decls -Wsign-conversion -Wno-error=sign-conversion -Wstrict-prototypes -Wtype-limits -Wunreachable-code -Wunused-parameter -Wvla -Wclobbered -Wmissing-parameter-type -Wold-style-declaration -Wstrict-aliasing=3 -Wtrampolines -Wformat=2 -Warray-bounds=2 -ftree-vrp -Wduplicated-cond -Wnull-dereference -fdelete-null-pointer-checks -Wshift-negative-value -Wshift-overflow=2 -Walloc-zero -Wduplicated-branches -Wno-format-overflow -Wformat-truncation=2 -Wimplicit-fallthrough -Wrestrict -Warith-conversion -Wdouble-promotion -Wenum-conversion -Wpragmas -Wunused-const-variable -O3 -DNDEBUG -fPIC -fvisibility=hidden -Wno-dev -MD -MT _deps/curl-build/lib/CMakeFiles/libcurl_shared.dir/md5.c.o -MF _deps/curl-build/lib/CMakeFiles/libcurl_shared.dir/md5.c.o.d -o _deps/curl-build/lib/CMakeFiles/libcurl_shared.dir/md5.c.o -c /project/build/cp310-cp310-linux_x86_64/_deps/curl-src/lib/md5.c
[87/514] /opt/rh/devtoolset-10/root/usr/bin/gcc  -pthread -DBUILDING_LIBCURL -DCURL_HIDDEN_SYMBOLS -DHAVE_CONFIG_H -Dlibcurl_shared_EXPORTS -I/project/build/cp310-cp310-linux_x86_64/_deps/curl-src/include -I/project/build/cp310-cp310-linux_x86_64/_deps/curl-build/lib -I/project/build/cp310-cp310-linux_x86_64/_deps/curl-src/lib -Werror-implicit-function-declaration -W -Wall -pedantic -Wbad-function-cast -Wconversion -Winline -Wmissing-declarations -Wmissing-prototypes -Wnested-externs -Wno-long-long -Wno-multichar -Wpointer-arith -Wshadow -Wsign-compare -Wundef -Wunused -Wwrite-strings -Waddress -Wattributes -Wcast-align -Wdeclaration-after-statement -Wdiv-by-zero -Wempty-body -Wendif-labels -Wfloat-equal -Wformat-security -Wignored-qualifiers -Wmissing-field-initializers -Wmissing-noreturn -Wno-format-nonliteral -Wno-system-headers -Wold-style-definition -Wredundant-decls -Wsign-conversion -Wno-error=sign-conversion -Wstrict-prototypes -Wtype-limits -Wunreachable-code -Wunused-parameter -Wvla -Wclobbered -Wmissing-parameter-type -Wold-style-declaration -Wstrict-aliasing=3 -Wtrampolines -Wformat=2 -Warray-bounds=2 -ftree-vrp -Wduplicated-cond -Wnull-dereference -fdelete-null-pointer-checks -Wshift-negative-value -Wshift-overflow=2 -Walloc-zero -Wduplicated-branches -Wno-format-overflow -Wformat-truncation=2 -Wimplicit-fallthrough -Wrestrict -Warith-conversion -Wdouble-promotion -Wenum-conversion -Wpragmas -Wunused-const-variable -O3 -DNDEBUG -fPIC -fvisibility=hidden -Wno-dev -MD -MT _deps/curl-build/lib/CMakeFiles/libcurl_shared.dir/llist.c.o -MF _deps/curl-build/lib/CMakeFiles/libcurl_shared.dir/llist.c.o.d -o _deps/curl-build/lib/CMakeFiles/libcurl_shared.dir/llist.c.o -c /project/build/cp310-cp310-linux_x86_64/_deps/curl-src/lib/llist.c
[88/514] /opt/rh/devtoolset-10/root/usr/bin/gcc  -pthread -DBUILDING_LIBCURL -DCURL_HIDDEN_SYMBOLS -DHAVE_CONFIG_H -Dlibcurl_shared_EXPORTS -I/project/build/cp310-cp310-linux_x86_64/_deps/curl-src/include -I/project/build/cp310-cp310-linux_x86_64/_deps/curl-build/lib -I/project/build/cp310-cp310-linux_x86_64/_deps/curl-src/lib -Werror-implicit-function-declaration -W -Wall -pedantic -Wbad-function-cast -Wconversion -Winline -Wmissing-declarations -Wmissing-prototypes -Wnested-externs -Wno-long-long -Wno-multichar -Wpointer-arith -Wshadow -Wsign-compare -Wundef -Wunused -Wwrite-strings -Waddress -Wattributes -Wcast-align -Wdeclaration-after-statement -Wdiv-by-zero -Wempty-body -Wendif-labels -Wfloat-equal -Wformat-security -Wignored-qualifiers -Wmissing-field-initializers -Wmissing-noreturn -Wno-format-nonliteral -Wno-system-headers -Wold-style-definition -Wredundant-decls -Wsign-conversion -Wno-error=sign-conversion -Wstrict-prototypes -Wtype-limits -Wunreachable-code -Wunused-parameter -Wvla -Wclobbered -Wmissing-parameter-type -Wold-style-declaration -Wstrict-aliasing=3 -Wtrampolines -Wformat=2 -Warray-bounds=2 -ftree-vrp -Wduplicated-cond -Wnull-dereference -fdelete-null-pointer-checks -Wshift-negative-value -Wshift-overflow=2 -Walloc-zero -Wduplicated-branches -Wno-format-overflow -Wformat-truncation=2 -Wimplicit-fallthrough -Wrestrict -Warith-conversion -Wdouble-promotion -Wenum-conversion -Wpragmas -Wunused-const-variable -O3 -DNDEBUG -fPIC -fvisibility=hidden -Wno-dev -MD -MT _deps/curl-build/lib/CMakeFiles/libcurl_shared.dir/nonblock.c.o -MF _deps/curl-build/lib/CMakeFiles/libcurl_shared.dir/nonblock.c.o.d -o _deps/curl-build/lib/CMakeFiles/libcurl_shared.dir/nonblock.c.o -c /project/build/cp310-cp310-linux_x86_64/_deps/curl-src/lib/nonblock.c
[89/514] /opt/rh/devtoolset-10/root/usr/bin/gcc  -pthread -DBUILDING_LIBCURL -DCURL_HIDDEN_SYMBOLS -DHAVE_CONFIG_H -Dlibcurl_shared_EXPORTS -I/project/build/cp310-cp310-linux_x86_64/_deps/curl-src/include -I/project/build/cp310-cp310-linux_x86_64/_deps/curl-build/lib -I/project/build/cp310-cp310-linux_x86_64/_deps/curl-src/lib -Werror-implicit-function-declaration -W -Wall -pedantic -Wbad-function-cast -Wconversion -Winline -Wmissing-declarations -Wmissing-prototypes -Wnested-externs -Wno-long-long -Wno-multichar -Wpointer-arith -Wshadow -Wsign-compare -Wundef -Wunused -Wwrite-strings -Waddress -Wattributes -Wcast-align -Wdeclaration-after-statement -Wdiv-by-zero -Wempty-body -Wendif-labels -Wfloat-equal -Wformat-security -Wignored-qualifiers -Wmissing-field-initializers -Wmissing-noreturn -Wno-format-nonliteral -Wno-system-headers -Wold-style-definition -Wredundant-decls -Wsign-conversion -Wno-error=sign-conversion -Wstrict-prototypes -Wtype-limits -Wunreachable-code -Wunused-parameter -Wvla -Wclobbered -Wmissing-parameter-type -Wold-style-declaration -Wstrict-aliasing=3 -Wtrampolines -Wformat=2 -Warray-bounds=2 -ftree-vrp -Wduplicated-cond -Wnull-dereference -fdelete-null-pointer-checks -Wshift-negative-value -Wshift-overflow=2 -Walloc-zero -Wduplicated-branches -Wno-format-overflow -Wformat-truncation=2 -Wimplicit-fallthrough -Wrestrict -Warith-conversion -Wdouble-promotion -Wenum-conversion -Wpragmas -Wunused-const-variable -O3 -DNDEBUG -fPIC -fvisibility=hidden -Wno-dev -MD -MT _deps/curl-build/lib/CMakeFiles/libcurl_shared.dir/netrc.c.o -MF _deps/curl-build/lib/CMakeFiles/libcurl_shared.dir/netrc.c.o.d -o _deps/curl-build/lib/CMakeFiles/libcurl_shared.dir/netrc.c.o -c /project/build/cp310-cp310-linux_x86_64/_deps/curl-src/lib/netrc.c
[90/514] /opt/rh/devtoolset-10/root/usr/bin/gcc  -pthread -DBUILDING_LIBCURL -DCURL_HIDDEN_SYMBOLS -DHAVE_CONFIG_H -Dlibcurl_shared_EXPORTS -I/project/build/cp310-cp310-linux_x86_64/_deps/curl-src/include -I/project/build/cp310-cp310-linux_x86_64/_deps/curl-build/lib -I/project/build/cp310-cp310-linux_x86_64/_deps/curl-src/lib -Werror-implicit-function-declaration -W -Wall -pedantic -Wbad-function-cast -Wconversion -Winline -Wmissing-declarations -Wmissing-prototypes -Wnested-externs -Wno-long-long -Wno-multichar -Wpointer-arith -Wshadow -Wsign-compare -Wundef -Wunused -Wwrite-strings -Waddress -Wattributes -Wcast-align -Wdeclaration-after-statement -Wdiv-by-zero -Wempty-body -Wendif-labels -Wfloat-equal -Wformat-security -Wignored-qualifiers -Wmissing-field-initializers -Wmissing-noreturn -Wno-format-nonliteral -Wno-system-headers -Wold-style-definition -Wredundant-decls -Wsign-conversion -Wno-error=sign-conversion -Wstrict-prototypes -Wtype-limits -Wunreachable-code -Wunused-parameter -Wvla -Wclobbered -Wmissing-parameter-type -Wold-style-declaration -Wstrict-aliasing=3 -Wtrampolines -Wformat=2 -Warray-bounds=2 -ftree-vrp -Wduplicated-cond -Wnull-dereference -fdelete-null-pointer-checks -Wshift-negative-value -Wshift-overflow=2 -Walloc-zero -Wduplicated-branches -Wno-format-overflow -Wformat-truncation=2 -Wimplicit-fallthrough -Wrestrict -Warith-conversion -Wdouble-promotion -Wenum-conversion -Wpragmas -Wunused-const-variable -O3 -DNDEBUG -fPIC -fvisibility=hidden -Wno-dev -MD -MT _deps/curl-build/lib/CMakeFiles/libcurl_shared.dir/noproxy.c.o -MF _deps/curl-build/lib/CMakeFiles/libcurl_shared.dir/noproxy.c.o.d -o _deps/curl-build/lib/CMakeFiles/libcurl_shared.dir/noproxy.c.o -c /project/build/cp310-cp310-linux_x86_64/_deps/curl-src/lib/noproxy.c
[91/514] /opt/rh/devtoolset-10/root/usr/bin/gcc  -pthread -DBUILDING_LIBCURL -DCURL_HIDDEN_SYMBOLS -DHAVE_CONFIG_H -Dlibcurl_shared_EXPORTS -I/project/build/cp310-cp310-linux_x86_64/_deps/curl-src/include -I/project/build/cp310-cp310-linux_x86_64/_deps/curl-build/lib -I/project/build/cp310-cp310-linux_x86_64/_deps/curl-src/lib -Werror-implicit-function-declaration -W -Wall -pedantic -Wbad-function-cast -Wconversion -Winline -Wmissing-declarations -Wmissing-prototypes -Wnested-externs -Wno-long-long -Wno-multichar -Wpointer-arith -Wshadow -Wsign-compare -Wundef -Wunused -Wwrite-strings -Waddress -Wattributes -Wcast-align -Wdeclaration-after-statement -Wdiv-by-zero -Wempty-body -Wendif-labels -Wfloat-equal -Wformat-security -Wignored-qualifiers -Wmissing-field-initializers -Wmissing-noreturn -Wno-format-nonliteral -Wno-system-headers -Wold-style-definition -Wredundant-decls -Wsign-conversion -Wno-error=sign-conversion -Wstrict-prototypes -Wtype-limits -Wunreachable-code -Wunused-parameter -Wvla -Wclobbered -Wmissing-parameter-type -Wold-style-declaration -Wstrict-aliasing=3 -Wtrampolines -Wformat=2 -Warray-bounds=2 -ftree-vrp -Wduplicated-cond -Wnull-dereference -fdelete-null-pointer-checks -Wshift-negative-value -Wshift-overflow=2 -Walloc-zero -Wduplicated-branches -Wno-format-overflow -Wformat-truncation=2 -Wimplicit-fallthrough -Wrestrict -Warith-conversion -Wdouble-promotion -Wenum-conversion -Wpragmas -Wunused-const-variable -O3 -DNDEBUG -fPIC -fvisibility=hidden -Wno-dev -MD -MT _deps/curl-build/lib/CMakeFiles/libcurl_shared.dir/openldap.c.o -MF _deps/curl-build/lib/CMakeFiles/libcurl_shared.dir/openldap.c.o.d -o _deps/curl-build/lib/CMakeFiles/libcurl_shared.dir/openldap.c.o -c /project/build/cp310-cp310-linux_x86_64/_deps/curl-src/lib/openldap.c
[92/514] /opt/rh/devtoolset-10/root/usr/bin/gcc  -pthread -DBUILDING_LIBCURL -DCURL_HIDDEN_SYMBOLS -DHAVE_CONFIG_H -Dlibcurl_shared_EXPORTS -I/project/build/cp310-cp310-linux_x86_64/_deps/curl-src/include -I/project/build/cp310-cp310-linux_x86_64/_deps/curl-build/lib -I/project/build/cp310-cp310-linux_x86_64/_deps/curl-src/lib -Werror-implicit-function-declaration -W -Wall -pedantic -Wbad-function-cast -Wconversion -Winline -Wmissing-declarations -Wmissing-prototypes -Wnested-externs -Wno-long-long -Wno-multichar -Wpointer-arith -Wshadow -Wsign-compare -Wundef -Wunused -Wwrite-strings -Waddress -Wattributes -Wcast-align -Wdeclaration-after-statement -Wdiv-by-zero -Wempty-body -Wendif-labels -Wfloat-equal -Wformat-security -Wignored-qualifiers -Wmissing-field-initializers -Wmissing-noreturn -Wno-format-nonliteral -Wno-system-headers -Wold-style-definition -Wredundant-decls -Wsign-conversion -Wno-error=sign-conversion -Wstrict-prototypes -Wtype-limits -Wunreachable-code -Wunused-parameter -Wvla -Wclobbered -Wmissing-parameter-type -Wold-style-declaration -Wstrict-aliasing=3 -Wtrampolines -Wformat=2 -Warray-bounds=2 -ftree-vrp -Wduplicated-cond -Wnull-dereference -fdelete-null-pointer-checks -Wshift-negative-value -Wshift-overflow=2 -Walloc-zero -Wduplicated-branches -Wno-format-overflow -Wformat-truncation=2 -Wimplicit-fallthrough -Wrestrict -Warith-conversion -Wdouble-promotion -Wenum-conversion -Wpragmas -Wunused-const-variable -O3 -DNDEBUG -fPIC -fvisibility=hidden -Wno-dev -MD -MT _deps/curl-build/lib/CMakeFiles/libcurl_shared.dir/mqtt.c.o -MF _deps/curl-build/lib/CMakeFiles/libcurl_shared.dir/mqtt.c.o.d -o _deps/curl-build/lib/CMakeFiles/libcurl_shared.dir/mqtt.c.o -c /project/build/cp310-cp310-linux_x86_64/_deps/curl-src/lib/mqtt.c
[93/514] /opt/rh/devtoolset-10/root/usr/bin/gcc  -pthread -DBUILDING_LIBCURL -DCURL_HIDDEN_SYMBOLS -DHAVE_CONFIG_H -Dlibcurl_shared_EXPORTS -I/project/build/cp310-cp310-linux_x86_64/_deps/curl-src/include -I/project/build/cp310-cp310-linux_x86_64/_deps/curl-build/lib -I/project/build/cp310-cp310-linux_x86_64/_deps/curl-src/lib -Werror-implicit-function-declaration -W -Wall -pedantic -Wbad-function-cast -Wconversion -Winline -Wmissing-declarations -Wmissing-prototypes -Wnested-externs -Wno-long-long -Wno-multichar -Wpointer-arith -Wshadow -Wsign-compare -Wundef -Wunused -Wwrite-strings -Waddress -Wattributes -Wcast-align -Wdeclaration-after-statement -Wdiv-by-zero -Wempty-body -Wendif-labels -Wfloat-equal -Wformat-security -Wignored-qualifiers -Wmissing-field-initializers -Wmissing-noreturn -Wno-format-nonliteral -Wno-system-headers -Wold-style-definition -Wredundant-decls -Wsign-conversion -Wno-error=sign-conversion -Wstrict-prototypes -Wtype-limits -Wunreachable-code -Wunused-parameter -Wvla -Wclobbered -Wmissing-parameter-type -Wold-style-declaration -Wstrict-aliasing=3 -Wtrampolines -Wformat=2 -Warray-bounds=2 -ftree-vrp -Wduplicated-cond -Wnull-dereference -fdelete-null-pointer-checks -Wshift-negative-value -Wshift-overflow=2 -Walloc-zero -Wduplicated-branches -Wno-format-overflow -Wformat-truncation=2 -Wimplicit-fallthrough -Wrestrict -Warith-conversion -Wdouble-promotion -Wenum-conversion -Wpragmas -Wunused-const-variable -O3 -DNDEBUG -fPIC -fvisibility=hidden -Wno-dev -MD -MT _deps/curl-build/lib/CMakeFiles/libcurl_shared.dir/pingpong.c.o -MF _deps/curl-build/lib/CMakeFiles/libcurl_shared.dir/pingpong.c.o.d -o _deps/curl-build/lib/CMakeFiles/libcurl_shared.dir/pingpong.c.o -c /project/build/cp310-cp310-linux_x86_64/_deps/curl-src/lib/pingpong.c
[94/514] /opt/rh/devtoolset-10/root/usr/bin/gcc  -pthread -DBUILDING_LIBCURL -DCURL_HIDDEN_SYMBOLS -DHAVE_CONFIG_H -Dlibcurl_shared_EXPORTS -I/project/build/cp310-cp310-linux_x86_64/_deps/curl-src/include -I/project/build/cp310-cp310-linux_x86_64/_deps/curl-build/lib -I/project/build/cp310-cp310-linux_x86_64/_deps/curl-src/lib -Werror-implicit-function-declaration -W -Wall -pedantic -Wbad-function-cast -Wconversion -Winline -Wmissing-declarations -Wmissing-prototypes -Wnested-externs -Wno-long-long -Wno-multichar -Wpointer-arith -Wshadow -Wsign-compare -Wundef -Wunused -Wwrite-strings -Waddress -Wattributes -Wcast-align -Wdeclaration-after-statement -Wdiv-by-zero -Wempty-body -Wendif-labels -Wfloat-equal -Wformat-security -Wignored-qualifiers -Wmissing-field-initializers -Wmissing-noreturn -Wno-format-nonliteral -Wno-system-headers -Wold-style-definition -Wredundant-decls -Wsign-conversion -Wno-error=sign-conversion -Wstrict-prototypes -Wtype-limits -Wunreachable-code -Wunused-parameter -Wvla -Wclobbered -Wmissing-parameter-type -Wold-style-declaration -Wstrict-aliasing=3 -Wtrampolines -Wformat=2 -Warray-bounds=2 -ftree-vrp -Wduplicated-cond -Wnull-dereference -fdelete-null-pointer-checks -Wshift-negative-value -Wshift-overflow=2 -Walloc-zero -Wduplicated-branches -Wno-format-overflow -Wformat-truncation=2 -Wimplicit-fallthrough -Wrestrict -Warith-conversion -Wdouble-promotion -Wenum-conversion -Wpragmas -Wunused-const-variable -O3 -DNDEBUG -fPIC -fvisibility=hidden -Wno-dev -MD -MT _deps/curl-build/lib/CMakeFiles/libcurl_shared.dir/imap.c.o -MF _deps/curl-build/lib/CMakeFiles/libcurl_shared.dir/imap.c.o.d -o _deps/curl-build/lib/CMakeFiles/libcurl_shared.dir/imap.c.o -c /project/build/cp310-cp310-linux_x86_64/_deps/curl-src/lib/imap.c
[95/514] /opt/rh/devtoolset-10/root/usr/bin/gcc  -pthread -DBUILDING_LIBCURL -DCURL_HIDDEN_SYMBOLS -DHAVE_CONFIG_H -Dlibcurl_shared_EXPORTS -I/project/build/cp310-cp310-linux_x86_64/_deps/curl-src/include -I/project/build/cp310-cp310-linux_x86_64/_deps/curl-build/lib -I/project/build/cp310-cp310-linux_x86_64/_deps/curl-src/lib -Werror-implicit-function-declaration -W -Wall -pedantic -Wbad-function-cast -Wconversion -Winline -Wmissing-declarations -Wmissing-prototypes -Wnested-externs -Wno-long-long -Wno-multichar -Wpointer-arith -Wshadow -Wsign-compare -Wundef -Wunused -Wwrite-strings -Waddress -Wattributes -Wcast-align -Wdeclaration-after-statement -Wdiv-by-zero -Wempty-body -Wendif-labels -Wfloat-equal -Wformat-security -Wignored-qualifiers -Wmissing-field-initializers -Wmissing-noreturn -Wno-format-nonliteral -Wno-system-headers -Wold-style-definition -Wredundant-decls -Wsign-conversion -Wno-error=sign-conversion -Wstrict-prototypes -Wtype-limits -Wunreachable-code -Wunused-parameter -Wvla -Wclobbered -Wmissing-parameter-type -Wold-style-declaration -Wstrict-aliasing=3 -Wtrampolines -Wformat=2 -Warray-bounds=2 -ftree-vrp -Wduplicated-cond -Wnull-dereference -fdelete-null-pointer-checks -Wshift-negative-value -Wshift-overflow=2 -Walloc-zero -Wduplicated-branches -Wno-format-overflow -Wformat-truncation=2 -Wimplicit-fallthrough -Wrestrict -Warith-conversion -Wdouble-promotion -Wenum-conversion -Wpragmas -Wunused-const-variable -O3 -DNDEBUG -fPIC -fvisibility=hidden -Wno-dev -MD -MT _deps/curl-build/lib/CMakeFiles/libcurl_shared.dir/psl.c.o -MF _deps/curl-build/lib/CMakeFiles/libcurl_shared.dir/psl.c.o.d -o _deps/curl-build/lib/CMakeFiles/libcurl_shared.dir/psl.c.o -c /project/build/cp310-cp310-linux_x86_64/_deps/curl-src/lib/psl.c
[96/514] /opt/rh/devtoolset-10/root/usr/bin/gcc  -pthread -DBUILDING_LIBCURL -DCURL_HIDDEN_SYMBOLS -DHAVE_CONFIG_H -Dlibcurl_shared_EXPORTS -I/project/build/cp310-cp310-linux_x86_64/_deps/curl-src/include -I/project/build/cp310-cp310-linux_x86_64/_deps/curl-build/lib -I/project/build/cp310-cp310-linux_x86_64/_deps/curl-src/lib -Werror-implicit-function-declaration -W -Wall -pedantic -Wbad-function-cast -Wconversion -Winline -Wmissing-declarations -Wmissing-prototypes -Wnested-externs -Wno-long-long -Wno-multichar -Wpointer-arith -Wshadow -Wsign-compare -Wundef -Wunused -Wwrite-strings -Waddress -Wattributes -Wcast-align -Wdeclaration-after-statement -Wdiv-by-zero -Wempty-body -Wendif-labels -Wfloat-equal -Wformat-security -Wignored-qualifiers -Wmissing-field-initializers -Wmissing-noreturn -Wno-format-nonliteral -Wno-system-headers -Wold-style-definition -Wredundant-decls -Wsign-conversion -Wno-error=sign-conversion -Wstrict-prototypes -Wtype-limits -Wunreachable-code -Wunused-parameter -Wvla -Wclobbered -Wmissing-parameter-type -Wold-style-declaration -Wstrict-aliasing=3 -Wtrampolines -Wformat=2 -Warray-bounds=2 -ftree-vrp -Wduplicated-cond -Wnull-dereference -fdelete-null-pointer-checks -Wshift-negative-value -Wshift-overflow=2 -Walloc-zero -Wduplicated-branches -Wno-format-overflow -Wformat-truncation=2 -Wimplicit-fallthrough -Wrestrict -Warith-conversion -Wdouble-promotion -Wenum-conversion -Wpragmas -Wunused-const-variable -O3 -DNDEBUG -fPIC -fvisibility=hidden -Wno-dev -MD -MT _deps/curl-build/lib/CMakeFiles/libcurl_shared.dir/progress.c.o -MF _deps/curl-build/lib/CMakeFiles/libcurl_shared.dir/progress.c.o.d -o _deps/curl-build/lib/CMakeFiles/libcurl_shared.dir/progress.c.o -c /project/build/cp310-cp310-linux_x86_64/_deps/curl-src/lib/progress.c
[97/514] /opt/rh/devtoolset-10/root/usr/bin/gcc  -pthread -DBUILDING_LIBCURL -DCURL_HIDDEN_SYMBOLS -DHAVE_CONFIG_H -Dlibcurl_shared_EXPORTS -I/project/build/cp310-cp310-linux_x86_64/_deps/curl-src/include -I/project/build/cp310-cp310-linux_x86_64/_deps/curl-build/lib -I/project/build/cp310-cp310-linux_x86_64/_deps/curl-src/lib -Werror-implicit-function-declaration -W -Wall -pedantic -Wbad-function-cast -Wconversion -Winline -Wmissing-declarations -Wmissing-prototypes -Wnested-externs -Wno-long-long -Wno-multichar -Wpointer-arith -Wshadow -Wsign-compare -Wundef -Wunused -Wwrite-strings -Waddress -Wattributes -Wcast-align -Wdeclaration-after-statement -Wdiv-by-zero -Wempty-body -Wendif-labels -Wfloat-equal -Wformat-security -Wignored-qualifiers -Wmissing-field-initializers -Wmissing-noreturn -Wno-format-nonliteral -Wno-system-headers -Wold-style-definition -Wredundant-decls -Wsign-conversion -Wno-error=sign-conversion -Wstrict-prototypes -Wtype-limits -Wunreachable-code -Wunused-parameter -Wvla -Wclobbered -Wmissing-parameter-type -Wold-style-declaration -Wstrict-aliasing=3 -Wtrampolines -Wformat=2 -Warray-bounds=2 -ftree-vrp -Wduplicated-cond -Wnull-dereference -fdelete-null-pointer-checks -Wshift-negative-value -Wshift-overflow=2 -Walloc-zero -Wduplicated-branches -Wno-format-overflow -Wformat-truncation=2 -Wimplicit-fallthrough -Wrestrict -Warith-conversion -Wdouble-promotion -Wenum-conversion -Wpragmas -Wunused-const-variable -O3 -DNDEBUG -fPIC -fvisibility=hidden -Wno-dev -MD -MT _deps/curl-build/lib/CMakeFiles/libcurl_shared.dir/parsedate.c.o -MF _deps/curl-build/lib/CMakeFiles/libcurl_shared.dir/parsedate.c.o.d -o _deps/curl-build/lib/CMakeFiles/libcurl_shared.dir/parsedate.c.o -c /project/build/cp310-cp310-linux_x86_64/_deps/curl-src/lib/parsedate.c
[98/514] /opt/rh/devtoolset-10/root/usr/bin/gcc  -pthread -DBUILDING_LIBCURL -DCURL_HIDDEN_SYMBOLS -DHAVE_CONFIG_H -Dlibcurl_shared_EXPORTS -I/project/build/cp310-cp310-linux_x86_64/_deps/curl-src/include -I/project/build/cp310-cp310-linux_x86_64/_deps/curl-build/lib -I/project/build/cp310-cp310-linux_x86_64/_deps/curl-src/lib -Werror-implicit-function-declaration -W -Wall -pedantic -Wbad-function-cast -Wconversion -Winline -Wmissing-declarations -Wmissing-prototypes -Wnested-externs -Wno-long-long -Wno-multichar -Wpointer-arith -Wshadow -Wsign-compare -Wundef -Wunused -Wwrite-strings -Waddress -Wattributes -Wcast-align -Wdeclaration-after-statement -Wdiv-by-zero -Wempty-body -Wendif-labels -Wfloat-equal -Wformat-security -Wignored-qualifiers -Wmissing-field-initializers -Wmissing-noreturn -Wno-format-nonliteral -Wno-system-headers -Wold-style-definition -Wredundant-decls -Wsign-conversion -Wno-error=sign-conversion -Wstrict-prototypes -Wtype-limits -Wunreachable-code -Wunused-parameter -Wvla -Wclobbered -Wmissing-parameter-type -Wold-style-declaration -Wstrict-aliasing=3 -Wtrampolines -Wformat=2 -Warray-bounds=2 -ftree-vrp -Wduplicated-cond -Wnull-dereference -fdelete-null-pointer-checks -Wshift-negative-value -Wshift-overflow=2 -Walloc-zero -Wduplicated-branches -Wno-format-overflow -Wformat-truncation=2 -Wimplicit-fallthrough -Wrestrict -Warith-conversion -Wdouble-promotion -Wenum-conversion -Wpragmas -Wunused-const-variable -O3 -DNDEBUG -fPIC -fvisibility=hidden -Wno-dev -MD -MT _deps/curl-build/lib/CMakeFiles/libcurl_shared.dir/rename.c.o -MF _deps/curl-build/lib/CMakeFiles/libcurl_shared.dir/rename.c.o.d -o _deps/curl-build/lib/CMakeFiles/libcurl_shared.dir/rename.c.o -c /project/build/cp310-cp310-linux_x86_64/_deps/curl-src/lib/rename.c
[99/514] /opt/rh/devtoolset-10/root/usr/bin/gcc  -pthread -DBUILDING_LIBCURL -DCURL_HIDDEN_SYMBOLS -DHAVE_CONFIG_H -Dlibcurl_shared_EXPORTS -I/project/build/cp310-cp310-linux_x86_64/_deps/curl-src/include -I/project/build/cp310-cp310-linux_x86_64/_deps/curl-build/lib -I/project/build/cp310-cp310-linux_x86_64/_deps/curl-src/lib -Werror-implicit-function-declaration -W -Wall -pedantic -Wbad-function-cast -Wconversion -Winline -Wmissing-declarations -Wmissing-prototypes -Wnested-externs -Wno-long-long -Wno-multichar -Wpointer-arith -Wshadow -Wsign-compare -Wundef -Wunused -Wwrite-strings -Waddress -Wattributes -Wcast-align -Wdeclaration-after-statement -Wdiv-by-zero -Wempty-body -Wendif-labels -Wfloat-equal -Wformat-security -Wignored-qualifiers -Wmissing-field-initializers -Wmissing-noreturn -Wno-format-nonliteral -Wno-system-headers -Wold-style-definition -Wredundant-decls -Wsign-conversion -Wno-error=sign-conversion -Wstrict-prototypes -Wtype-limits -Wunreachable-code -Wunused-parameter -Wvla -Wclobbered -Wmissing-parameter-type -Wold-style-declaration -Wstrict-aliasing=3 -Wtrampolines -Wformat=2 -Warray-bounds=2 -ftree-vrp -Wduplicated-cond -Wnull-dereference -fdelete-null-pointer-checks -Wshift-negative-value -Wshift-overflow=2 -Walloc-zero -Wduplicated-branches -Wno-format-overflow -Wformat-truncation=2 -Wimplicit-fallthrough -Wrestrict -Warith-conversion -Wdouble-promotion -Wenum-conversion -Wpragmas -Wunused-const-variable -O3 -DNDEBUG -fPIC -fvisibility=hidden -Wno-dev -MD -MT _deps/curl-build/lib/CMakeFiles/libcurl_shared.dir/rand.c.o -MF _deps/curl-build/lib/CMakeFiles/libcurl_shared.dir/rand.c.o.d -o _deps/curl-build/lib/CMakeFiles/libcurl_shared.dir/rand.c.o -c /project/build/cp310-cp310-linux_x86_64/_deps/curl-src/lib/rand.c
[100/514] /opt/rh/devtoolset-10/root/usr/bin/gcc  -pthread -DBUILDING_LIBCURL -DCURL_HIDDEN_SYMBOLS -DHAVE_CONFIG_H -Dlibcurl_shared_EXPORTS -I/project/build/cp310-cp310-linux_x86_64/_deps/curl-src/include -I/project/build/cp310-cp310-linux_x86_64/_deps/curl-build/lib -I/project/build/cp310-cp310-linux_x86_64/_deps/curl-src/lib -Werror-implicit-function-declaration -W -Wall -pedantic -Wbad-function-cast -Wconversion -Winline -Wmissing-declarations -Wmissing-prototypes -Wnested-externs -Wno-long-long -Wno-multichar -Wpointer-arith -Wshadow -Wsign-compare -Wundef -Wunused -Wwrite-strings -Waddress -Wattributes -Wcast-align -Wdeclaration-after-statement -Wdiv-by-zero -Wempty-body -Wendif-labels -Wfloat-equal -Wformat-security -Wignored-qualifiers -Wmissing-field-initializers -Wmissing-noreturn -Wno-format-nonliteral -Wno-system-headers -Wold-style-definition -Wredundant-decls -Wsign-conversion -Wno-error=sign-conversion -Wstrict-prototypes -Wtype-limits -Wunreachable-code -Wunused-parameter -Wvla -Wclobbered -Wmissing-parameter-type -Wold-style-declaration -Wstrict-aliasing=3 -Wtrampolines -Wformat=2 -Warray-bounds=2 -ftree-vrp -Wduplicated-cond -Wnull-dereference -fdelete-null-pointer-checks -Wshift-negative-value -Wshift-overflow=2 -Walloc-zero -Wduplicated-branches -Wno-format-overflow -Wformat-truncation=2 -Wimplicit-fallthrough -Wrestrict -Warith-conversion -Wdouble-promotion -Wenum-conversion -Wpragmas -Wunused-const-variable -O3 -DNDEBUG -fPIC -fvisibility=hidden -Wno-dev -MD -MT _deps/curl-build/lib/CMakeFiles/libcurl_shared.dir/pop3.c.o -MF _deps/curl-build/lib/CMakeFiles/libcurl_shared.dir/pop3.c.o.d -o _deps/curl-build/lib/CMakeFiles/libcurl_shared.dir/pop3.c.o -c /project/build/cp310-cp310-linux_x86_64/_deps/curl-src/lib/pop3.c
[101/514] /opt/rh/devtoolset-10/root/usr/bin/gcc  -pthread -DBUILDING_LIBCURL -DCURL_HIDDEN_SYMBOLS -DHAVE_CONFIG_H -Dlibcurl_shared_EXPORTS -I/project/build/cp310-cp310-linux_x86_64/_deps/curl-src/include -I/project/build/cp310-cp310-linux_x86_64/_deps/curl-build/lib -I/project/build/cp310-cp310-linux_x86_64/_deps/curl-src/lib -Werror-implicit-function-declaration -W -Wall -pedantic -Wbad-function-cast -Wconversion -Winline -Wmissing-declarations -Wmissing-prototypes -Wnested-externs -Wno-long-long -Wno-multichar -Wpointer-arith -Wshadow -Wsign-compare -Wundef -Wunused -Wwrite-strings -Waddress -Wattributes -Wcast-align -Wdeclaration-after-statement -Wdiv-by-zero -Wempty-body -Wendif-labels -Wfloat-equal -Wformat-security -Wignored-qualifiers -Wmissing-field-initializers -Wmissing-noreturn -Wno-format-nonliteral -Wno-system-headers -Wold-style-definition -Wredundant-decls -Wsign-conversion -Wno-error=sign-conversion -Wstrict-prototypes -Wtype-limits -Wunreachable-code -Wunused-parameter -Wvla -Wclobbered -Wmissing-parameter-type -Wold-style-declaration -Wstrict-aliasing=3 -Wtrampolines -Wformat=2 -Warray-bounds=2 -ftree-vrp -Wduplicated-cond -Wnull-dereference -fdelete-null-pointer-checks -Wshift-negative-value -Wshift-overflow=2 -Walloc-zero -Wduplicated-branches -Wno-format-overflow -Wformat-truncation=2 -Wimplicit-fallthrough -Wrestrict -Warith-conversion -Wdouble-promotion -Wenum-conversion -Wpragmas -Wunused-const-variable -O3 -DNDEBUG -fPIC -fvisibility=hidden -Wno-dev -MD -MT _deps/curl-build/lib/CMakeFiles/libcurl_shared.dir/mime.c.o -MF _deps/curl-build/lib/CMakeFiles/libcurl_shared.dir/mime.c.o.d -o _deps/curl-build/lib/CMakeFiles/libcurl_shared.dir/mime.c.o -c /project/build/cp310-cp310-linux_x86_64/_deps/curl-src/lib/mime.c
[102/514] /opt/rh/devtoolset-10/root/usr/bin/gcc  -pthread -DBUILDING_LIBCURL -DCURL_HIDDEN_SYMBOLS -DHAVE_CONFIG_H -Dlibcurl_shared_EXPORTS -I/project/build/cp310-cp310-linux_x86_64/_deps/curl-src/include -I/project/build/cp310-cp310-linux_x86_64/_deps/curl-build/lib -I/project/build/cp310-cp310-linux_x86_64/_deps/curl-src/lib -Werror-implicit-function-declaration -W -Wall -pedantic -Wbad-function-cast -Wconversion -Winline -Wmissing-declarations -Wmissing-prototypes -Wnested-externs -Wno-long-long -Wno-multichar -Wpointer-arith -Wshadow -Wsign-compare -Wundef -Wunused -Wwrite-strings -Waddress -Wattributes -Wcast-align -Wdeclaration-after-statement -Wdiv-by-zero -Wempty-body -Wendif-labels -Wfloat-equal -Wformat-security -Wignored-qualifiers -Wmissing-field-initializers -Wmissing-noreturn -Wno-format-nonliteral -Wno-system-headers -Wold-style-definition -Wredundant-decls -Wsign-conversion -Wno-error=sign-conversion -Wstrict-prototypes -Wtype-limits -Wunreachable-code -Wunused-parameter -Wvla -Wclobbered -Wmissing-parameter-type -Wold-style-declaration -Wstrict-aliasing=3 -Wtrampolines -Wformat=2 -Warray-bounds=2 -ftree-vrp -Wduplicated-cond -Wnull-dereference -fdelete-null-pointer-checks -Wshift-negative-value -Wshift-overflow=2 -Walloc-zero -Wduplicated-branches -Wno-format-overflow -Wformat-truncation=2 -Wimplicit-fallthrough -Wrestrict -Warith-conversion -Wdouble-promotion -Wenum-conversion -Wpragmas -Wunused-const-variable -O3 -DNDEBUG -fPIC -fvisibility=hidden -Wno-dev -MD -MT _deps/curl-build/lib/CMakeFiles/libcurl_shared.dir/request.c.o -MF _deps/curl-build/lib/CMakeFiles/libcurl_shared.dir/request.c.o.d -o _deps/curl-build/lib/CMakeFiles/libcurl_shared.dir/request.c.o -c /project/build/cp310-cp310-linux_x86_64/_deps/curl-src/lib/request.c
[103/514] /opt/rh/devtoolset-10/root/usr/bin/gcc  -pthread -DBUILDING_LIBCURL -DCURL_HIDDEN_SYMBOLS -DHAVE_CONFIG_H -Dlibcurl_shared_EXPORTS -I/project/build/cp310-cp310-linux_x86_64/_deps/curl-src/include -I/project/build/cp310-cp310-linux_x86_64/_deps/curl-build/lib -I/project/build/cp310-cp310-linux_x86_64/_deps/curl-src/lib -Werror-implicit-function-declaration -W -Wall -pedantic -Wbad-function-cast -Wconversion -Winline -Wmissing-declarations -Wmissing-prototypes -Wnested-externs -Wno-long-long -Wno-multichar -Wpointer-arith -Wshadow -Wsign-compare -Wundef -Wunused -Wwrite-strings -Waddress -Wattributes -Wcast-align -Wdeclaration-after-statement -Wdiv-by-zero -Wempty-body -Wendif-labels -Wfloat-equal -Wformat-security -Wignored-qualifiers -Wmissing-field-initializers -Wmissing-noreturn -Wno-format-nonliteral -Wno-system-headers -Wold-style-definition -Wredundant-decls -Wsign-conversion -Wno-error=sign-conversion -Wstrict-prototypes -Wtype-limits -Wunreachable-code -Wunused-parameter -Wvla -Wclobbered -Wmissing-parameter-type -Wold-style-declaration -Wstrict-aliasing=3 -Wtrampolines -Wformat=2 -Warray-bounds=2 -ftree-vrp -Wduplicated-cond -Wnull-dereference -fdelete-null-pointer-checks -Wshift-negative-value -Wshift-overflow=2 -Walloc-zero -Wduplicated-branches -Wno-format-overflow -Wformat-truncation=2 -Wimplicit-fallthrough -Wrestrict -Warith-conversion -Wdouble-promotion -Wenum-conversion -Wpragmas -Wunused-const-variable -O3 -DNDEBUG -fPIC -fvisibility=hidden -Wno-dev -MD -MT _deps/curl-build/lib/CMakeFiles/libcurl_shared.dir/select.c.o -MF _deps/curl-build/lib/CMakeFiles/libcurl_shared.dir/select.c.o.d -o _deps/curl-build/lib/CMakeFiles/libcurl_shared.dir/select.c.o -c /project/build/cp310-cp310-linux_x86_64/_deps/curl-src/lib/select.c
[104/514] /opt/rh/devtoolset-10/root/usr/bin/gcc  -pthread -DBUILDING_LIBCURL -DCURL_HIDDEN_SYMBOLS -DHAVE_CONFIG_H -Dlibcurl_shared_EXPORTS -I/project/build/cp310-cp310-linux_x86_64/_deps/curl-src/include -I/project/build/cp310-cp310-linux_x86_64/_deps/curl-build/lib -I/project/build/cp310-cp310-linux_x86_64/_deps/curl-src/lib -Werror-implicit-function-declaration -W -Wall -pedantic -Wbad-function-cast -Wconversion -Winline -Wmissing-declarations -Wmissing-prototypes -Wnested-externs -Wno-long-long -Wno-multichar -Wpointer-arith -Wshadow -Wsign-compare -Wundef -Wunused -Wwrite-strings -Waddress -Wattributes -Wcast-align -Wdeclaration-after-statement -Wdiv-by-zero -Wempty-body -Wendif-labels -Wfloat-equal -Wformat-security -Wignored-qualifiers -Wmissing-field-initializers -Wmissing-noreturn -Wno-format-nonliteral -Wno-system-headers -Wold-style-definition -Wredundant-decls -Wsign-conversion -Wno-error=sign-conversion -Wstrict-prototypes -Wtype-limits -Wunreachable-code -Wunused-parameter -Wvla -Wclobbered -Wmissing-parameter-type -Wold-style-declaration -Wstrict-aliasing=3 -Wtrampolines -Wformat=2 -Warray-bounds=2 -ftree-vrp -Wduplicated-cond -Wnull-dereference -fdelete-null-pointer-checks -Wshift-negative-value -Wshift-overflow=2 -Walloc-zero -Wduplicated-branches -Wno-format-overflow -Wformat-truncation=2 -Wimplicit-fallthrough -Wrestrict -Warith-conversion -Wdouble-promotion -Wenum-conversion -Wpragmas -Wunused-const-variable -O3 -DNDEBUG -fPIC -fvisibility=hidden -Wno-dev -MD -MT _deps/curl-build/lib/CMakeFiles/libcurl_shared.dir/ftp.c.o -MF _deps/curl-build/lib/CMakeFiles/libcurl_shared.dir/ftp.c.o.d -o _deps/curl-build/lib/CMakeFiles/libcurl_shared.dir/ftp.c.o -c /project/build/cp310-cp310-linux_x86_64/_deps/curl-src/lib/ftp.c
[105/514] /opt/rh/devtoolset-10/root/usr/bin/gcc  -pthread -DBUILDING_LIBCURL -DCURL_HIDDEN_SYMBOLS -DHAVE_CONFIG_H -Dlibcurl_shared_EXPORTS -I/project/build/cp310-cp310-linux_x86_64/_deps/curl-src/include -I/project/build/cp310-cp310-linux_x86_64/_deps/curl-build/lib -I/project/build/cp310-cp310-linux_x86_64/_deps/curl-src/lib -Werror-implicit-function-declaration -W -Wall -pedantic -Wbad-function-cast -Wconversion -Winline -Wmissing-declarations -Wmissing-prototypes -Wnested-externs -Wno-long-long -Wno-multichar -Wpointer-arith -Wshadow -Wsign-compare -Wundef -Wunused -Wwrite-strings -Waddress -Wattributes -Wcast-align -Wdeclaration-after-statement -Wdiv-by-zero -Wempty-body -Wendif-labels -Wfloat-equal -Wformat-security -Wignored-qualifiers -Wmissing-field-initializers -Wmissing-noreturn -Wno-format-nonliteral -Wno-system-headers -Wold-style-definition -Wredundant-decls -Wsign-conversion -Wno-error=sign-conversion -Wstrict-prototypes -Wtype-limits -Wunreachable-code -Wunused-parameter -Wvla -Wclobbered -Wmissing-parameter-type -Wold-style-declaration -Wstrict-aliasing=3 -Wtrampolines -Wformat=2 -Warray-bounds=2 -ftree-vrp -Wduplicated-cond -Wnull-dereference -fdelete-null-pointer-checks -Wshift-negative-value -Wshift-overflow=2 -Walloc-zero -Wduplicated-branches -Wno-format-overflow -Wformat-truncation=2 -Wimplicit-fallthrough -Wrestrict -Warith-conversion -Wdouble-promotion -Wenum-conversion -Wpragmas -Wunused-const-variable -O3 -DNDEBUG -fPIC -fvisibility=hidden -Wno-dev -MD -MT _deps/curl-build/lib/CMakeFiles/libcurl_shared.dir/sha256.c.o -MF _deps/curl-build/lib/CMakeFiles/libcurl_shared.dir/sha256.c.o.d -o _deps/curl-build/lib/CMakeFiles/libcurl_shared.dir/sha256.c.o -c /project/build/cp310-cp310-linux_x86_64/_deps/curl-src/lib/sha256.c
[106/514] /opt/rh/devtoolset-10/root/usr/bin/gcc  -pthread -DBUILDING_LIBCURL -DCURL_HIDDEN_SYMBOLS -DHAVE_CONFIG_H -Dlibcurl_shared_EXPORTS -I/project/build/cp310-cp310-linux_x86_64/_deps/curl-src/include -I/project/build/cp310-cp310-linux_x86_64/_deps/curl-build/lib -I/project/build/cp310-cp310-linux_x86_64/_deps/curl-src/lib -Werror-implicit-function-declaration -W -Wall -pedantic -Wbad-function-cast -Wconversion -Winline -Wmissing-declarations -Wmissing-prototypes -Wnested-externs -Wno-long-long -Wno-multichar -Wpointer-arith -Wshadow -Wsign-compare -Wundef -Wunused -Wwrite-strings -Waddress -Wattributes -Wcast-align -Wdeclaration-after-statement -Wdiv-by-zero -Wempty-body -Wendif-labels -Wfloat-equal -Wformat-security -Wignored-qualifiers -Wmissing-field-initializers -Wmissing-noreturn -Wno-format-nonliteral -Wno-system-headers -Wold-style-definition -Wredundant-decls -Wsign-conversion -Wno-error=sign-conversion -Wstrict-prototypes -Wtype-limits -Wunreachable-code -Wunused-parameter -Wvla -Wclobbered -Wmissing-parameter-type -Wold-style-declaration -Wstrict-aliasing=3 -Wtrampolines -Wformat=2 -Warray-bounds=2 -ftree-vrp -Wduplicated-cond -Wnull-dereference -fdelete-null-pointer-checks -Wshift-negative-value -Wshift-overflow=2 -Walloc-zero -Wduplicated-branches -Wno-format-overflow -Wformat-truncation=2 -Wimplicit-fallthrough -Wrestrict -Warith-conversion -Wdouble-promotion -Wenum-conversion -Wpragmas -Wunused-const-variable -O3 -DNDEBUG -fPIC -fvisibility=hidden -Wno-dev -MD -MT _deps/curl-build/lib/CMakeFiles/libcurl_shared.dir/slist.c.o -MF _deps/curl-build/lib/CMakeFiles/libcurl_shared.dir/slist.c.o.d -o _deps/curl-build/lib/CMakeFiles/libcurl_shared.dir/slist.c.o -c /project/build/cp310-cp310-linux_x86_64/_deps/curl-src/lib/slist.c
[107/514] /opt/rh/devtoolset-10/root/usr/bin/gcc  -pthread -DBUILDING_LIBCURL -DCURL_HIDDEN_SYMBOLS -DHAVE_CONFIG_H -Dlibcurl_shared_EXPORTS -I/project/build/cp310-cp310-linux_x86_64/_deps/curl-src/include -I/project/build/cp310-cp310-linux_x86_64/_deps/curl-build/lib -I/project/build/cp310-cp310-linux_x86_64/_deps/curl-src/lib -Werror-implicit-function-declaration -W -Wall -pedantic -Wbad-function-cast -Wconversion -Winline -Wmissing-declarations -Wmissing-prototypes -Wnested-externs -Wno-long-long -Wno-multichar -Wpointer-arith -Wshadow -Wsign-compare -Wundef -Wunused -Wwrite-strings -Waddress -Wattributes -Wcast-align -Wdeclaration-after-statement -Wdiv-by-zero -Wempty-body -Wendif-labels -Wfloat-equal -Wformat-security -Wignored-qualifiers -Wmissing-field-initializers -Wmissing-noreturn -Wno-format-nonliteral -Wno-system-headers -Wold-style-definition -Wredundant-decls -Wsign-conversion -Wno-error=sign-conversion -Wstrict-prototypes -Wtype-limits -Wunreachable-code -Wunused-parameter -Wvla -Wclobbered -Wmissing-parameter-type -Wold-style-declaration -Wstrict-aliasing=3 -Wtrampolines -Wformat=2 -Warray-bounds=2 -ftree-vrp -Wduplicated-cond -Wnull-dereference -fdelete-null-pointer-checks -Wshift-negative-value -Wshift-overflow=2 -Walloc-zero -Wduplicated-branches -Wno-format-overflow -Wformat-truncation=2 -Wimplicit-fallthrough -Wrestrict -Warith-conversion -Wdouble-promotion -Wenum-conversion -Wpragmas -Wunused-const-variable -O3 -DNDEBUG -fPIC -fvisibility=hidden -Wno-dev -MD -MT _deps/curl-build/lib/CMakeFiles/libcurl_shared.dir/rtsp.c.o -MF _deps/curl-build/lib/CMakeFiles/libcurl_shared.dir/rtsp.c.o.d -o _deps/curl-build/lib/CMakeFiles/libcurl_shared.dir/rtsp.c.o -c /project/build/cp310-cp310-linux_x86_64/_deps/curl-src/lib/rtsp.c
[108/514] /opt/rh/devtoolset-10/root/usr/bin/gcc  -pthread -DBUILDING_LIBCURL -DCURL_HIDDEN_SYMBOLS -DHAVE_CONFIG_H -Dlibcurl_shared_EXPORTS -I/project/build/cp310-cp310-linux_x86_64/_deps/curl-src/include -I/project/build/cp310-cp310-linux_x86_64/_deps/curl-build/lib -I/project/build/cp310-cp310-linux_x86_64/_deps/curl-src/lib -Werror-implicit-function-declaration -W -Wall -pedantic -Wbad-function-cast -Wconversion -Winline -Wmissing-declarations -Wmissing-prototypes -Wnested-externs -Wno-long-long -Wno-multichar -Wpointer-arith -Wshadow -Wsign-compare -Wundef -Wunused -Wwrite-strings -Waddress -Wattributes -Wcast-align -Wdeclaration-after-statement -Wdiv-by-zero -Wempty-body -Wendif-labels -Wfloat-equal -Wformat-security -Wignored-qualifiers -Wmissing-field-initializers -Wmissing-noreturn -Wno-format-nonliteral -Wno-system-headers -Wold-style-definition -Wredundant-decls -Wsign-conversion -Wno-error=sign-conversion -Wstrict-prototypes -Wtype-limits -Wunreachable-code -Wunused-parameter -Wvla -Wclobbered -Wmissing-parameter-type -Wold-style-declaration -Wstrict-aliasing=3 -Wtrampolines -Wformat=2 -Warray-bounds=2 -ftree-vrp -Wduplicated-cond -Wnull-dereference -fdelete-null-pointer-checks -Wshift-negative-value -Wshift-overflow=2 -Walloc-zero -Wduplicated-branches -Wno-format-overflow -Wformat-truncation=2 -Wimplicit-fallthrough -Wrestrict -Warith-conversion -Wdouble-promotion -Wenum-conversion -Wpragmas -Wunused-const-variable -O3 -DNDEBUG -fPIC -fvisibility=hidden -Wno-dev -MD -MT _deps/curl-build/lib/CMakeFiles/libcurl_shared.dir/share.c.o -MF _deps/curl-build/lib/CMakeFiles/libcurl_shared.dir/share.c.o.d -o _deps/curl-build/lib/CMakeFiles/libcurl_shared.dir/share.c.o -c /project/build/cp310-cp310-linux_x86_64/_deps/curl-src/lib/share.c
[109/514] /opt/rh/devtoolset-10/root/usr/bin/gcc  -pthread -DBUILDING_LIBCURL -DCURL_HIDDEN_SYMBOLS -DHAVE_CONFIG_H -Dlibcurl_shared_EXPORTS -I/project/build/cp310-cp310-linux_x86_64/_deps/curl-src/include -I/project/build/cp310-cp310-linux_x86_64/_deps/curl-build/lib -I/project/build/cp310-cp310-linux_x86_64/_deps/curl-src/lib -Werror-implicit-function-declaration -W -Wall -pedantic -Wbad-function-cast -Wconversion -Winline -Wmissing-declarations -Wmissing-prototypes -Wnested-externs -Wno-long-long -Wno-multichar -Wpointer-arith -Wshadow -Wsign-compare -Wundef -Wunused -Wwrite-strings -Waddress -Wattributes -Wcast-align -Wdeclaration-after-statement -Wdiv-by-zero -Wempty-body -Wendif-labels -Wfloat-equal -Wformat-security -Wignored-qualifiers -Wmissing-field-initializers -Wmissing-noreturn -Wno-format-nonliteral -Wno-system-headers -Wold-style-definition -Wredundant-decls -Wsign-conversion -Wno-error=sign-conversion -Wstrict-prototypes -Wtype-limits -Wunreachable-code -Wunused-parameter -Wvla -Wclobbered -Wmissing-parameter-type -Wold-style-declaration -Wstrict-aliasing=3 -Wtrampolines -Wformat=2 -Warray-bounds=2 -ftree-vrp -Wduplicated-cond -Wnull-dereference -fdelete-null-pointer-checks -Wshift-negative-value -Wshift-overflow=2 -Walloc-zero -Wduplicated-branches -Wno-format-overflow -Wformat-truncation=2 -Wimplicit-fallthrough -Wrestrict -Warith-conversion -Wdouble-promotion -Wenum-conversion -Wpragmas -Wunused-const-variable -O3 -DNDEBUG -fPIC -fvisibility=hidden -Wno-dev -MD -MT _deps/curl-build/lib/CMakeFiles/libcurl_shared.dir/socks_gssapi.c.o -MF _deps/curl-build/lib/CMakeFiles/libcurl_shared.dir/socks_gssapi.c.o.d -o _deps/curl-build/lib/CMakeFiles/libcurl_shared.dir/socks_gssapi.c.o -c /project/build/cp310-cp310-linux_x86_64/_deps/curl-src/lib/socks_gssapi.c
[110/514] /opt/rh/devtoolset-10/root/usr/bin/gcc  -pthread -DBUILDING_LIBCURL -DCURL_HIDDEN_SYMBOLS -DHAVE_CONFIG_H -Dlibcurl_shared_EXPORTS -I/project/build/cp310-cp310-linux_x86_64/_deps/curl-src/include -I/project/build/cp310-cp310-linux_x86_64/_deps/curl-build/lib -I/project/build/cp310-cp310-linux_x86_64/_deps/curl-src/lib -Werror-implicit-function-declaration -W -Wall -pedantic -Wbad-function-cast -Wconversion -Winline -Wmissing-declarations -Wmissing-prototypes -Wnested-externs -Wno-long-long -Wno-multichar -Wpointer-arith -Wshadow -Wsign-compare -Wundef -Wunused -Wwrite-strings -Waddress -Wattributes -Wcast-align -Wdeclaration-after-statement -Wdiv-by-zero -Wempty-body -Wendif-labels -Wfloat-equal -Wformat-security -Wignored-qualifiers -Wmissing-field-initializers -Wmissing-noreturn -Wno-format-nonliteral -Wno-system-headers -Wold-style-definition -Wredundant-decls -Wsign-conversion -Wno-error=sign-conversion -Wstrict-prototypes -Wtype-limits -Wunreachable-code -Wunused-parameter -Wvla -Wclobbered -Wmissing-parameter-type -Wold-style-declaration -Wstrict-aliasing=3 -Wtrampolines -Wformat=2 -Warray-bounds=2 -ftree-vrp -Wduplicated-cond -Wnull-dereference -fdelete-null-pointer-checks -Wshift-negative-value -Wshift-overflow=2 -Walloc-zero -Wduplicated-branches -Wno-format-overflow -Wformat-truncation=2 -Wimplicit-fallthrough -Wrestrict -Warith-conversion -Wdouble-promotion -Wenum-conversion -Wpragmas -Wunused-const-variable -O3 -DNDEBUG -fPIC -fvisibility=hidden -Wno-dev -MD -MT _deps/curl-build/lib/CMakeFiles/libcurl_shared.dir/socks_sspi.c.o -MF _deps/curl-build/lib/CMakeFiles/libcurl_shared.dir/socks_sspi.c.o.d -o _deps/curl-build/lib/CMakeFiles/libcurl_shared.dir/socks_sspi.c.o -c /project/build/cp310-cp310-linux_x86_64/_deps/curl-src/lib/socks_sspi.c
[111/514] /opt/rh/devtoolset-10/root/usr/bin/gcc  -pthread -DBUILDING_LIBCURL -DCURL_HIDDEN_SYMBOLS -DHAVE_CONFIG_H -Dlibcurl_shared_EXPORTS -I/project/build/cp310-cp310-linux_x86_64/_deps/curl-src/include -I/project/build/cp310-cp310-linux_x86_64/_deps/curl-build/lib -I/project/build/cp310-cp310-linux_x86_64/_deps/curl-src/lib -Werror-implicit-function-declaration -W -Wall -pedantic -Wbad-function-cast -Wconversion -Winline -Wmissing-declarations -Wmissing-prototypes -Wnested-externs -Wno-long-long -Wno-multichar -Wpointer-arith -Wshadow -Wsign-compare -Wundef -Wunused -Wwrite-strings -Waddress -Wattributes -Wcast-align -Wdeclaration-after-statement -Wdiv-by-zero -Wempty-body -Wendif-labels -Wfloat-equal -Wformat-security -Wignored-qualifiers -Wmissing-field-initializers -Wmissing-noreturn -Wno-format-nonliteral -Wno-system-headers -Wold-style-definition -Wredundant-decls -Wsign-conversion -Wno-error=sign-conversion -Wstrict-prototypes -Wtype-limits -Wunreachable-code -Wunused-parameter -Wvla -Wclobbered -Wmissing-parameter-type -Wold-style-declaration -Wstrict-aliasing=3 -Wtrampolines -Wformat=2 -Warray-bounds=2 -ftree-vrp -Wduplicated-cond -Wnull-dereference -fdelete-null-pointer-checks -Wshift-negative-value -Wshift-overflow=2 -Walloc-zero -Wduplicated-branches -Wno-format-overflow -Wformat-truncation=2 -Wimplicit-fallthrough -Wrestrict -Warith-conversion -Wdouble-promotion -Wenum-conversion -Wpragmas -Wunused-const-variable -O3 -DNDEBUG -fPIC -fvisibility=hidden -Wno-dev -MD -MT _deps/curl-build/lib/CMakeFiles/libcurl_shared.dir/socketpair.c.o -MF _deps/curl-build/lib/CMakeFiles/libcurl_shared.dir/socketpair.c.o.d -o _deps/curl-build/lib/CMakeFiles/libcurl_shared.dir/socketpair.c.o -c /project/build/cp310-cp310-linux_x86_64/_deps/curl-src/lib/socketpair.c
[112/514] /opt/rh/devtoolset-10/root/usr/bin/gcc  -pthread -DBUILDING_LIBCURL -DCURL_HIDDEN_SYMBOLS -DHAVE_CONFIG_H -Dlibcurl_shared_EXPORTS -I/project/build/cp310-cp310-linux_x86_64/_deps/curl-src/include -I/project/build/cp310-cp310-linux_x86_64/_deps/curl-build/lib -I/project/build/cp310-cp310-linux_x86_64/_deps/curl-src/lib -Werror-implicit-function-declaration -W -Wall -pedantic -Wbad-function-cast -Wconversion -Winline -Wmissing-declarations -Wmissing-prototypes -Wnested-externs -Wno-long-long -Wno-multichar -Wpointer-arith -Wshadow -Wsign-compare -Wundef -Wunused -Wwrite-strings -Waddress -Wattributes -Wcast-align -Wdeclaration-after-statement -Wdiv-by-zero -Wempty-body -Wendif-labels -Wfloat-equal -Wformat-security -Wignored-qualifiers -Wmissing-field-initializers -Wmissing-noreturn -Wno-format-nonliteral -Wno-system-headers -Wold-style-definition -Wredundant-decls -Wsign-conversion -Wno-error=sign-conversion -Wstrict-prototypes -Wtype-limits -Wunreachable-code -Wunused-parameter -Wvla -Wclobbered -Wmissing-parameter-type -Wold-style-declaration -Wstrict-aliasing=3 -Wtrampolines -Wformat=2 -Warray-bounds=2 -ftree-vrp -Wduplicated-cond -Wnull-dereference -fdelete-null-pointer-checks -Wshift-negative-value -Wshift-overflow=2 -Walloc-zero -Wduplicated-branches -Wno-format-overflow -Wformat-truncation=2 -Wimplicit-fallthrough -Wrestrict -Warith-conversion -Wdouble-promotion -Wenum-conversion -Wpragmas -Wunused-const-variable -O3 -DNDEBUG -fPIC -fvisibility=hidden -Wno-dev -MD -MT _deps/curl-build/lib/CMakeFiles/libcurl_shared.dir/mprintf.c.o -MF _deps/curl-build/lib/CMakeFiles/libcurl_shared.dir/mprintf.c.o.d -o _deps/curl-build/lib/CMakeFiles/libcurl_shared.dir/mprintf.c.o -c /project/build/cp310-cp310-linux_x86_64/_deps/curl-src/lib/mprintf.c
[113/514] /opt/rh/devtoolset-10/root/usr/bin/gcc  -pthread -DBUILDING_LIBCURL -DCURL_HIDDEN_SYMBOLS -DHAVE_CONFIG_H -Dlibcurl_shared_EXPORTS -I/project/build/cp310-cp310-linux_x86_64/_deps/curl-src/include -I/project/build/cp310-cp310-linux_x86_64/_deps/curl-build/lib -I/project/build/cp310-cp310-linux_x86_64/_deps/curl-src/lib -Werror-implicit-function-declaration -W -Wall -pedantic -Wbad-function-cast -Wconversion -Winline -Wmissing-declarations -Wmissing-prototypes -Wnested-externs -Wno-long-long -Wno-multichar -Wpointer-arith -Wshadow -Wsign-compare -Wundef -Wunused -Wwrite-strings -Waddress -Wattributes -Wcast-align -Wdeclaration-after-statement -Wdiv-by-zero -Wempty-body -Wendif-labels -Wfloat-equal -Wformat-security -Wignored-qualifiers -Wmissing-field-initializers -Wmissing-noreturn -Wno-format-nonliteral -Wno-system-headers -Wold-style-definition -Wredundant-decls -Wsign-conversion -Wno-error=sign-conversion -Wstrict-prototypes -Wtype-limits -Wunreachable-code -Wunused-parameter -Wvla -Wclobbered -Wmissing-parameter-type -Wold-style-declaration -Wstrict-aliasing=3 -Wtrampolines -Wformat=2 -Warray-bounds=2 -ftree-vrp -Wduplicated-cond -Wnull-dereference -fdelete-null-pointer-checks -Wshift-negative-value -Wshift-overflow=2 -Walloc-zero -Wduplicated-branches -Wno-format-overflow -Wformat-truncation=2 -Wimplicit-fallthrough -Wrestrict -Warith-conversion -Wdouble-promotion -Wenum-conversion -Wpragmas -Wunused-const-variable -O3 -DNDEBUG -fPIC -fvisibility=hidden -Wno-dev -MD -MT _deps/curl-build/lib/CMakeFiles/libcurl_shared.dir/sendf.c.o -MF _deps/curl-build/lib/CMakeFiles/libcurl_shared.dir/sendf.c.o.d -o _deps/curl-build/lib/CMakeFiles/libcurl_shared.dir/sendf.c.o -c /project/build/cp310-cp310-linux_x86_64/_deps/curl-src/lib/sendf.c
[114/514] /opt/rh/devtoolset-10/root/usr/bin/gcc  -pthread -DBUILDING_LIBCURL -DCURL_HIDDEN_SYMBOLS -DHAVE_CONFIG_H -Dlibcurl_shared_EXPORTS -I/project/build/cp310-cp310-linux_x86_64/_deps/curl-src/include -I/project/build/cp310-cp310-linux_x86_64/_deps/curl-build/lib -I/project/build/cp310-cp310-linux_x86_64/_deps/curl-src/lib -Werror-implicit-function-declaration -W -Wall -pedantic -Wbad-function-cast -Wconversion -Winline -Wmissing-declarations -Wmissing-prototypes -Wnested-externs -Wno-long-long -Wno-multichar -Wpointer-arith -Wshadow -Wsign-compare -Wundef -Wunused -Wwrite-strings -Waddress -Wattributes -Wcast-align -Wdeclaration-after-statement -Wdiv-by-zero -Wempty-body -Wendif-labels -Wfloat-equal -Wformat-security -Wignored-qualifiers -Wmissing-field-initializers -Wmissing-noreturn -Wno-format-nonliteral -Wno-system-headers -Wold-style-definition -Wredundant-decls -Wsign-conversion -Wno-error=sign-conversion -Wstrict-prototypes -Wtype-limits -Wunreachable-code -Wunused-parameter -Wvla -Wclobbered -Wmissing-parameter-type -Wold-style-declaration -Wstrict-aliasing=3 -Wtrampolines -Wformat=2 -Warray-bounds=2 -ftree-vrp -Wduplicated-cond -Wnull-dereference -fdelete-null-pointer-checks -Wshift-negative-value -Wshift-overflow=2 -Walloc-zero -Wduplicated-branches -Wno-format-overflow -Wformat-truncation=2 -Wimplicit-fallthrough -Wrestrict -Warith-conversion -Wdouble-promotion -Wenum-conversion -Wpragmas -Wunused-const-variable -O3 -DNDEBUG -fPIC -fvisibility=hidden -Wno-dev -MD -MT _deps/curl-build/lib/CMakeFiles/libcurl_shared.dir/http.c.o -MF _deps/curl-build/lib/CMakeFiles/libcurl_shared.dir/http.c.o.d -o _deps/curl-build/lib/CMakeFiles/libcurl_shared.dir/http.c.o -c /project/build/cp310-cp310-linux_x86_64/_deps/curl-src/lib/http.c
[115/514] /opt/rh/devtoolset-10/root/usr/bin/gcc  -pthread -DBUILDING_LIBCURL -DCURL_HIDDEN_SYMBOLS -DHAVE_CONFIG_H -Dlibcurl_shared_EXPORTS -I/project/build/cp310-cp310-linux_x86_64/_deps/curl-src/include -I/project/build/cp310-cp310-linux_x86_64/_deps/curl-build/lib -I/project/build/cp310-cp310-linux_x86_64/_deps/curl-src/lib -Werror-implicit-function-declaration -W -Wall -pedantic -Wbad-function-cast -Wconversion -Winline -Wmissing-declarations -Wmissing-prototypes -Wnested-externs -Wno-long-long -Wno-multichar -Wpointer-arith -Wshadow -Wsign-compare -Wundef -Wunused -Wwrite-strings -Waddress -Wattributes -Wcast-align -Wdeclaration-after-statement -Wdiv-by-zero -Wempty-body -Wendif-labels -Wfloat-equal -Wformat-security -Wignored-qualifiers -Wmissing-field-initializers -Wmissing-noreturn -Wno-format-nonliteral -Wno-system-headers -Wold-style-definition -Wredundant-decls -Wsign-conversion -Wno-error=sign-conversion -Wstrict-prototypes -Wtype-limits -Wunreachable-code -Wunused-parameter -Wvla -Wclobbered -Wmissing-parameter-type -Wold-style-declaration -Wstrict-aliasing=3 -Wtrampolines -Wformat=2 -Warray-bounds=2 -ftree-vrp -Wduplicated-cond -Wnull-dereference -fdelete-null-pointer-checks -Wshift-negative-value -Wshift-overflow=2 -Walloc-zero -Wduplicated-branches -Wno-format-overflow -Wformat-truncation=2 -Wimplicit-fallthrough -Wrestrict -Warith-conversion -Wdouble-promotion -Wenum-conversion -Wpragmas -Wunused-const-variable -O3 -DNDEBUG -fPIC -fvisibility=hidden -Wno-dev -MD -MT _deps/curl-build/lib/CMakeFiles/libcurl_shared.dir/smb.c.o -MF _deps/curl-build/lib/CMakeFiles/libcurl_shared.dir/smb.c.o.d -o _deps/curl-build/lib/CMakeFiles/libcurl_shared.dir/smb.c.o -c /project/build/cp310-cp310-linux_x86_64/_deps/curl-src/lib/smb.c
[116/514] /opt/rh/devtoolset-10/root/usr/bin/gcc  -pthread -DBUILDING_LIBCURL -DCURL_HIDDEN_SYMBOLS -DHAVE_CONFIG_H -Dlibcurl_shared_EXPORTS -I/project/build/cp310-cp310-linux_x86_64/_deps/curl-src/include -I/project/build/cp310-cp310-linux_x86_64/_deps/curl-build/lib -I/project/build/cp310-cp310-linux_x86_64/_deps/curl-src/lib -Werror-implicit-function-declaration -W -Wall -pedantic -Wbad-function-cast -Wconversion -Winline -Wmissing-declarations -Wmissing-prototypes -Wnested-externs -Wno-long-long -Wno-multichar -Wpointer-arith -Wshadow -Wsign-compare -Wundef -Wunused -Wwrite-strings -Waddress -Wattributes -Wcast-align -Wdeclaration-after-statement -Wdiv-by-zero -Wempty-body -Wendif-labels -Wfloat-equal -Wformat-security -Wignored-qualifiers -Wmissing-field-initializers -Wmissing-noreturn -Wno-format-nonliteral -Wno-system-headers -Wold-style-definition -Wredundant-decls -Wsign-conversion -Wno-error=sign-conversion -Wstrict-prototypes -Wtype-limits -Wunreachable-code -Wunused-parameter -Wvla -Wclobbered -Wmissing-parameter-type -Wold-style-declaration -Wstrict-aliasing=3 -Wtrampolines -Wformat=2 -Warray-bounds=2 -ftree-vrp -Wduplicated-cond -Wnull-dereference -fdelete-null-pointer-checks -Wshift-negative-value -Wshift-overflow=2 -Walloc-zero -Wduplicated-branches -Wno-format-overflow -Wformat-truncation=2 -Wimplicit-fallthrough -Wrestrict -Warith-conversion -Wdouble-promotion -Wenum-conversion -Wpragmas -Wunused-const-variable -O3 -DNDEBUG -fPIC -fvisibility=hidden -Wno-dev -MD -MT _deps/curl-build/lib/CMakeFiles/libcurl_shared.dir/multi.c.o -MF _deps/curl-build/lib/CMakeFiles/libcurl_shared.dir/multi.c.o.d -o _deps/curl-build/lib/CMakeFiles/libcurl_shared.dir/multi.c.o -c /project/build/cp310-cp310-linux_x86_64/_deps/curl-src/lib/multi.c
[117/514] /opt/rh/devtoolset-10/root/usr/bin/gcc  -pthread -DBUILDING_LIBCURL -DCURL_HIDDEN_SYMBOLS -DHAVE_CONFIG_H -Dlibcurl_shared_EXPORTS -I/project/build/cp310-cp310-linux_x86_64/_deps/curl-src/include -I/project/build/cp310-cp310-linux_x86_64/_deps/curl-build/lib -I/project/build/cp310-cp310-linux_x86_64/_deps/curl-src/lib -Werror-implicit-function-declaration -W -Wall -pedantic -Wbad-function-cast -Wconversion -Winline -Wmissing-declarations -Wmissing-prototypes -Wnested-externs -Wno-long-long -Wno-multichar -Wpointer-arith -Wshadow -Wsign-compare -Wundef -Wunused -Wwrite-strings -Waddress -Wattributes -Wcast-align -Wdeclaration-after-statement -Wdiv-by-zero -Wempty-body -Wendif-labels -Wfloat-equal -Wformat-security -Wignored-qualifiers -Wmissing-field-initializers -Wmissing-noreturn -Wno-format-nonliteral -Wno-system-headers -Wold-style-definition -Wredundant-decls -Wsign-conversion -Wno-error=sign-conversion -Wstrict-prototypes -Wtype-limits -Wunreachable-code -Wunused-parameter -Wvla -Wclobbered -Wmissing-parameter-type -Wold-style-declaration -Wstrict-aliasing=3 -Wtrampolines -Wformat=2 -Warray-bounds=2 -ftree-vrp -Wduplicated-cond -Wnull-dereference -fdelete-null-pointer-checks -Wshift-negative-value -Wshift-overflow=2 -Walloc-zero -Wduplicated-branches -Wno-format-overflow -Wformat-truncation=2 -Wimplicit-fallthrough -Wrestrict -Warith-conversion -Wdouble-promotion -Wenum-conversion -Wpragmas -Wunused-const-variable -O3 -DNDEBUG -fPIC -fvisibility=hidden -Wno-dev -MD -MT _deps/curl-build/lib/CMakeFiles/libcurl_shared.dir/strdup.c.o -MF _deps/curl-build/lib/CMakeFiles/libcurl_shared.dir/strdup.c.o.d -o _deps/curl-build/lib/CMakeFiles/libcurl_shared.dir/strdup.c.o -c /project/build/cp310-cp310-linux_x86_64/_deps/curl-src/lib/strdup.c
[118/514] /opt/rh/devtoolset-10/root/usr/bin/gcc  -pthread -DBUILDING_LIBCURL -DCURL_HIDDEN_SYMBOLS -DHAVE_CONFIG_H -Dlibcurl_shared_EXPORTS -I/project/build/cp310-cp310-linux_x86_64/_deps/curl-src/include -I/project/build/cp310-cp310-linux_x86_64/_deps/curl-build/lib -I/project/build/cp310-cp310-linux_x86_64/_deps/curl-src/lib -Werror-implicit-function-declaration -W -Wall -pedantic -Wbad-function-cast -Wconversion -Winline -Wmissing-declarations -Wmissing-prototypes -Wnested-externs -Wno-long-long -Wno-multichar -Wpointer-arith -Wshadow -Wsign-compare -Wundef -Wunused -Wwrite-strings -Waddress -Wattributes -Wcast-align -Wdeclaration-after-statement -Wdiv-by-zero -Wempty-body -Wendif-labels -Wfloat-equal -Wformat-security -Wignored-qualifiers -Wmissing-field-initializers -Wmissing-noreturn -Wno-format-nonliteral -Wno-system-headers -Wold-style-definition -Wredundant-decls -Wsign-conversion -Wno-error=sign-conversion -Wstrict-prototypes -Wtype-limits -Wunreachable-code -Wunused-parameter -Wvla -Wclobbered -Wmissing-parameter-type -Wold-style-declaration -Wstrict-aliasing=3 -Wtrampolines -Wformat=2 -Warray-bounds=2 -ftree-vrp -Wduplicated-cond -Wnull-dereference -fdelete-null-pointer-checks -Wshift-negative-value -Wshift-overflow=2 -Walloc-zero -Wduplicated-branches -Wno-format-overflow -Wformat-truncation=2 -Wimplicit-fallthrough -Wrestrict -Warith-conversion -Wdouble-promotion -Wenum-conversion -Wpragmas -Wunused-const-variable -O3 -DNDEBUG -fPIC -fvisibility=hidden -Wno-dev -MD -MT _deps/curl-build/lib/CMakeFiles/libcurl_shared.dir/splay.c.o -MF _deps/curl-build/lib/CMakeFiles/libcurl_shared.dir/splay.c.o.d -o _deps/curl-build/lib/CMakeFiles/libcurl_shared.dir/splay.c.o -c /project/build/cp310-cp310-linux_x86_64/_deps/curl-src/lib/splay.c
[119/514] /opt/rh/devtoolset-10/root/usr/bin/gcc  -pthread -DBUILDING_LIBCURL -DCURL_HIDDEN_SYMBOLS -DHAVE_CONFIG_H -Dlibcurl_shared_EXPORTS -I/project/build/cp310-cp310-linux_x86_64/_deps/curl-src/include -I/project/build/cp310-cp310-linux_x86_64/_deps/curl-build/lib -I/project/build/cp310-cp310-linux_x86_64/_deps/curl-src/lib -Werror-implicit-function-declaration -W -Wall -pedantic -Wbad-function-cast -Wconversion -Winline -Wmissing-declarations -Wmissing-prototypes -Wnested-externs -Wno-long-long -Wno-multichar -Wpointer-arith -Wshadow -Wsign-compare -Wundef -Wunused -Wwrite-strings -Waddress -Wattributes -Wcast-align -Wdeclaration-after-statement -Wdiv-by-zero -Wempty-body -Wendif-labels -Wfloat-equal -Wformat-security -Wignored-qualifiers -Wmissing-field-initializers -Wmissing-noreturn -Wno-format-nonliteral -Wno-system-headers -Wold-style-definition -Wredundant-decls -Wsign-conversion -Wno-error=sign-conversion -Wstrict-prototypes -Wtype-limits -Wunreachable-code -Wunused-parameter -Wvla -Wclobbered -Wmissing-parameter-type -Wold-style-declaration -Wstrict-aliasing=3 -Wtrampolines -Wformat=2 -Warray-bounds=2 -ftree-vrp -Wduplicated-cond -Wnull-dereference -fdelete-null-pointer-checks -Wshift-negative-value -Wshift-overflow=2 -Walloc-zero -Wduplicated-branches -Wno-format-overflow -Wformat-truncation=2 -Wimplicit-fallthrough -Wrestrict -Warith-conversion -Wdouble-promotion -Wenum-conversion -Wpragmas -Wunused-const-variable -O3 -DNDEBUG -fPIC -fvisibility=hidden -Wno-dev -MD -MT _deps/curl-build/lib/CMakeFiles/libcurl_shared.dir/speedcheck.c.o -MF _deps/curl-build/lib/CMakeFiles/libcurl_shared.dir/speedcheck.c.o.d -o _deps/curl-build/lib/CMakeFiles/libcurl_shared.dir/speedcheck.c.o -c /project/build/cp310-cp310-linux_x86_64/_deps/curl-src/lib/speedcheck.c
[120/514] /opt/rh/devtoolset-10/root/usr/bin/gcc  -pthread -DBUILDING_LIBCURL -DCURL_HIDDEN_SYMBOLS -DHAVE_CONFIG_H -Dlibcurl_shared_EXPORTS -I/project/build/cp310-cp310-linux_x86_64/_deps/curl-src/include -I/project/build/cp310-cp310-linux_x86_64/_deps/curl-build/lib -I/project/build/cp310-cp310-linux_x86_64/_deps/curl-src/lib -Werror-implicit-function-declaration -W -Wall -pedantic -Wbad-function-cast -Wconversion -Winline -Wmissing-declarations -Wmissing-prototypes -Wnested-externs -Wno-long-long -Wno-multichar -Wpointer-arith -Wshadow -Wsign-compare -Wundef -Wunused -Wwrite-strings -Waddress -Wattributes -Wcast-align -Wdeclaration-after-statement -Wdiv-by-zero -Wempty-body -Wendif-labels -Wfloat-equal -Wformat-security -Wignored-qualifiers -Wmissing-field-initializers -Wmissing-noreturn -Wno-format-nonliteral -Wno-system-headers -Wold-style-definition -Wredundant-decls -Wsign-conversion -Wno-error=sign-conversion -Wstrict-prototypes -Wtype-limits -Wunreachable-code -Wunused-parameter -Wvla -Wclobbered -Wmissing-parameter-type -Wold-style-declaration -Wstrict-aliasing=3 -Wtrampolines -Wformat=2 -Warray-bounds=2 -ftree-vrp -Wduplicated-cond -Wnull-dereference -fdelete-null-pointer-checks -Wshift-negative-value -Wshift-overflow=2 -Walloc-zero -Wduplicated-branches -Wno-format-overflow -Wformat-truncation=2 -Wimplicit-fallthrough -Wrestrict -Warith-conversion -Wdouble-promotion -Wenum-conversion -Wpragmas -Wunused-const-variable -O3 -DNDEBUG -fPIC -fvisibility=hidden -Wno-dev -MD -MT _deps/curl-build/lib/CMakeFiles/libcurl_shared.dir/strtok.c.o -MF _deps/curl-build/lib/CMakeFiles/libcurl_shared.dir/strtok.c.o.d -o _deps/curl-build/lib/CMakeFiles/libcurl_shared.dir/strtok.c.o -c /project/build/cp310-cp310-linux_x86_64/_deps/curl-src/lib/strtok.c
[121/514] /opt/rh/devtoolset-10/root/usr/bin/gcc  -pthread -DBUILDING_LIBCURL -DCURL_HIDDEN_SYMBOLS -DHAVE_CONFIG_H -Dlibcurl_shared_EXPORTS -I/project/build/cp310-cp310-linux_x86_64/_deps/curl-src/include -I/project/build/cp310-cp310-linux_x86_64/_deps/curl-build/lib -I/project/build/cp310-cp310-linux_x86_64/_deps/curl-src/lib -Werror-implicit-function-declaration -W -Wall -pedantic -Wbad-function-cast -Wconversion -Winline -Wmissing-declarations -Wmissing-prototypes -Wnested-externs -Wno-long-long -Wno-multichar -Wpointer-arith -Wshadow -Wsign-compare -Wundef -Wunused -Wwrite-strings -Waddress -Wattributes -Wcast-align -Wdeclaration-after-statement -Wdiv-by-zero -Wempty-body -Wendif-labels -Wfloat-equal -Wformat-security -Wignored-qualifiers -Wmissing-field-initializers -Wmissing-noreturn -Wno-format-nonliteral -Wno-system-headers -Wold-style-definition -Wredundant-decls -Wsign-conversion -Wno-error=sign-conversion -Wstrict-prototypes -Wtype-limits -Wunreachable-code -Wunused-parameter -Wvla -Wclobbered -Wmissing-parameter-type -Wold-style-declaration -Wstrict-aliasing=3 -Wtrampolines -Wformat=2 -Warray-bounds=2 -ftree-vrp -Wduplicated-cond -Wnull-dereference -fdelete-null-pointer-checks -Wshift-negative-value -Wshift-overflow=2 -Walloc-zero -Wduplicated-branches -Wno-format-overflow -Wformat-truncation=2 -Wimplicit-fallthrough -Wrestrict -Warith-conversion -Wdouble-promotion -Wenum-conversion -Wpragmas -Wunused-const-variable -O3 -DNDEBUG -fPIC -fvisibility=hidden -Wno-dev -MD -MT _deps/curl-build/lib/CMakeFiles/libcurl_shared.dir/strcase.c.o -MF _deps/curl-build/lib/CMakeFiles/libcurl_shared.dir/strcase.c.o.d -o _deps/curl-build/lib/CMakeFiles/libcurl_shared.dir/strcase.c.o -c /project/build/cp310-cp310-linux_x86_64/_deps/curl-src/lib/strcase.c
[122/514] /opt/rh/devtoolset-10/root/usr/bin/gcc  -pthread -DBUILDING_LIBCURL -DCURL_HIDDEN_SYMBOLS -DHAVE_CONFIG_H -Dlibcurl_shared_EXPORTS -I/project/build/cp310-cp310-linux_x86_64/_deps/curl-src/include -I/project/build/cp310-cp310-linux_x86_64/_deps/curl-build/lib -I/project/build/cp310-cp310-linux_x86_64/_deps/curl-src/lib -Werror-implicit-function-declaration -W -Wall -pedantic -Wbad-function-cast -Wconversion -Winline -Wmissing-declarations -Wmissing-prototypes -Wnested-externs -Wno-long-long -Wno-multichar -Wpointer-arith -Wshadow -Wsign-compare -Wundef -Wunused -Wwrite-strings -Waddress -Wattributes -Wcast-align -Wdeclaration-after-statement -Wdiv-by-zero -Wempty-body -Wendif-labels -Wfloat-equal -Wformat-security -Wignored-qualifiers -Wmissing-field-initializers -Wmissing-noreturn -Wno-format-nonliteral -Wno-system-headers -Wold-style-definition -Wredundant-decls -Wsign-conversion -Wno-error=sign-conversion -Wstrict-prototypes -Wtype-limits -Wunreachable-code -Wunused-parameter -Wvla -Wclobbered -Wmissing-parameter-type -Wold-style-declaration -Wstrict-aliasing=3 -Wtrampolines -Wformat=2 -Warray-bounds=2 -ftree-vrp -Wduplicated-cond -Wnull-dereference -fdelete-null-pointer-checks -Wshift-negative-value -Wshift-overflow=2 -Walloc-zero -Wduplicated-branches -Wno-format-overflow -Wformat-truncation=2 -Wimplicit-fallthrough -Wrestrict -Warith-conversion -Wdouble-promotion -Wenum-conversion -Wpragmas -Wunused-const-variable -O3 -DNDEBUG -fPIC -fvisibility=hidden -Wno-dev -MD -MT _deps/curl-build/lib/CMakeFiles/libcurl_shared.dir/system_win32.c.o -MF _deps/curl-build/lib/CMakeFiles/libcurl_shared.dir/system_win32.c.o.d -o _deps/curl-build/lib/CMakeFiles/libcurl_shared.dir/system_win32.c.o -c /project/build/cp310-cp310-linux_x86_64/_deps/curl-src/lib/system_win32.c
[123/514] /opt/rh/devtoolset-10/root/usr/bin/gcc  -pthread -DBUILDING_LIBCURL -DCURL_HIDDEN_SYMBOLS -DHAVE_CONFIG_H -Dlibcurl_shared_EXPORTS -I/project/build/cp310-cp310-linux_x86_64/_deps/curl-src/include -I/project/build/cp310-cp310-linux_x86_64/_deps/curl-build/lib -I/project/build/cp310-cp310-linux_x86_64/_deps/curl-src/lib -Werror-implicit-function-declaration -W -Wall -pedantic -Wbad-function-cast -Wconversion -Winline -Wmissing-declarations -Wmissing-prototypes -Wnested-externs -Wno-long-long -Wno-multichar -Wpointer-arith -Wshadow -Wsign-compare -Wundef -Wunused -Wwrite-strings -Waddress -Wattributes -Wcast-align -Wdeclaration-after-statement -Wdiv-by-zero -Wempty-body -Wendif-labels -Wfloat-equal -Wformat-security -Wignored-qualifiers -Wmissing-field-initializers -Wmissing-noreturn -Wno-format-nonliteral -Wno-system-headers -Wold-style-definition -Wredundant-decls -Wsign-conversion -Wno-error=sign-conversion -Wstrict-prototypes -Wtype-limits -Wunreachable-code -Wunused-parameter -Wvla -Wclobbered -Wmissing-parameter-type -Wold-style-declaration -Wstrict-aliasing=3 -Wtrampolines -Wformat=2 -Warray-bounds=2 -ftree-vrp -Wduplicated-cond -Wnull-dereference -fdelete-null-pointer-checks -Wshift-negative-value -Wshift-overflow=2 -Walloc-zero -Wduplicated-branches -Wno-format-overflow -Wformat-truncation=2 -Wimplicit-fallthrough -Wrestrict -Warith-conversion -Wdouble-promotion -Wenum-conversion -Wpragmas -Wunused-const-variable -O3 -DNDEBUG -fPIC -fvisibility=hidden -Wno-dev -MD -MT _deps/curl-build/lib/CMakeFiles/libcurl_shared.dir/strtoofft.c.o -MF _deps/curl-build/lib/CMakeFiles/libcurl_shared.dir/strtoofft.c.o.d -o _deps/curl-build/lib/CMakeFiles/libcurl_shared.dir/strtoofft.c.o -c /project/build/cp310-cp310-linux_x86_64/_deps/curl-src/lib/strtoofft.c
[124/514] /opt/rh/devtoolset-10/root/usr/bin/gcc  -pthread -DBUILDING_LIBCURL -DCURL_HIDDEN_SYMBOLS -DHAVE_CONFIG_H -Dlibcurl_shared_EXPORTS -I/project/build/cp310-cp310-linux_x86_64/_deps/curl-src/include -I/project/build/cp310-cp310-linux_x86_64/_deps/curl-build/lib -I/project/build/cp310-cp310-linux_x86_64/_deps/curl-src/lib -Werror-implicit-function-declaration -W -Wall -pedantic -Wbad-function-cast -Wconversion -Winline -Wmissing-declarations -Wmissing-prototypes -Wnested-externs -Wno-long-long -Wno-multichar -Wpointer-arith -Wshadow -Wsign-compare -Wundef -Wunused -Wwrite-strings -Waddress -Wattributes -Wcast-align -Wdeclaration-after-statement -Wdiv-by-zero -Wempty-body -Wendif-labels -Wfloat-equal -Wformat-security -Wignored-qualifiers -Wmissing-field-initializers -Wmissing-noreturn -Wno-format-nonliteral -Wno-system-headers -Wold-style-definition -Wredundant-decls -Wsign-conversion -Wno-error=sign-conversion -Wstrict-prototypes -Wtype-limits -Wunreachable-code -Wunused-parameter -Wvla -Wclobbered -Wmissing-parameter-type -Wold-style-declaration -Wstrict-aliasing=3 -Wtrampolines -Wformat=2 -Warray-bounds=2 -ftree-vrp -Wduplicated-cond -Wnull-dereference -fdelete-null-pointer-checks -Wshift-negative-value -Wshift-overflow=2 -Walloc-zero -Wduplicated-branches -Wno-format-overflow -Wformat-truncation=2 -Wimplicit-fallthrough -Wrestrict -Warith-conversion -Wdouble-promotion -Wenum-conversion -Wpragmas -Wunused-const-variable -O3 -DNDEBUG -fPIC -fvisibility=hidden -Wno-dev -MD -MT _deps/curl-build/lib/CMakeFiles/libcurl_shared.dir/timeval.c.o -MF _deps/curl-build/lib/CMakeFiles/libcurl_shared.dir/timeval.c.o.d -o _deps/curl-build/lib/CMakeFiles/libcurl_shared.dir/timeval.c.o -c /project/build/cp310-cp310-linux_x86_64/_deps/curl-src/lib/timeval.c
[125/514] /opt/rh/devtoolset-10/root/usr/bin/gcc  -pthread -DBUILDING_LIBCURL -DCURL_HIDDEN_SYMBOLS -DHAVE_CONFIG_H -Dlibcurl_shared_EXPORTS -I/project/build/cp310-cp310-linux_x86_64/_deps/curl-src/include -I/project/build/cp310-cp310-linux_x86_64/_deps/curl-build/lib -I/project/build/cp310-cp310-linux_x86_64/_deps/curl-src/lib -Werror-implicit-function-declaration -W -Wall -pedantic -Wbad-function-cast -Wconversion -Winline -Wmissing-declarations -Wmissing-prototypes -Wnested-externs -Wno-long-long -Wno-multichar -Wpointer-arith -Wshadow -Wsign-compare -Wundef -Wunused -Wwrite-strings -Waddress -Wattributes -Wcast-align -Wdeclaration-after-statement -Wdiv-by-zero -Wempty-body -Wendif-labels -Wfloat-equal -Wformat-security -Wignored-qualifiers -Wmissing-field-initializers -Wmissing-noreturn -Wno-format-nonliteral -Wno-system-headers -Wold-style-definition -Wredundant-decls -Wsign-conversion -Wno-error=sign-conversion -Wstrict-prototypes -Wtype-limits -Wunreachable-code -Wunused-parameter -Wvla -Wclobbered -Wmissing-parameter-type -Wold-style-declaration -Wstrict-aliasing=3 -Wtrampolines -Wformat=2 -Warray-bounds=2 -ftree-vrp -Wduplicated-cond -Wnull-dereference -fdelete-null-pointer-checks -Wshift-negative-value -Wshift-overflow=2 -Walloc-zero -Wduplicated-branches -Wno-format-overflow -Wformat-truncation=2 -Wimplicit-fallthrough -Wrestrict -Warith-conversion -Wdouble-promotion -Wenum-conversion -Wpragmas -Wunused-const-variable -O3 -DNDEBUG -fPIC -fvisibility=hidden -Wno-dev -MD -MT _deps/curl-build/lib/CMakeFiles/libcurl_shared.dir/timediff.c.o -MF _deps/curl-build/lib/CMakeFiles/libcurl_shared.dir/timediff.c.o.d -o _deps/curl-build/lib/CMakeFiles/libcurl_shared.dir/timediff.c.o -c /project/build/cp310-cp310-linux_x86_64/_deps/curl-src/lib/timediff.c
[126/514] /opt/rh/devtoolset-10/root/usr/bin/gcc  -pthread -DBUILDING_LIBCURL -DCURL_HIDDEN_SYMBOLS -DHAVE_CONFIG_H -Dlibcurl_shared_EXPORTS -I/project/build/cp310-cp310-linux_x86_64/_deps/curl-src/include -I/project/build/cp310-cp310-linux_x86_64/_deps/curl-build/lib -I/project/build/cp310-cp310-linux_x86_64/_deps/curl-src/lib -Werror-implicit-function-declaration -W -Wall -pedantic -Wbad-function-cast -Wconversion -Winline -Wmissing-declarations -Wmissing-prototypes -Wnested-externs -Wno-long-long -Wno-multichar -Wpointer-arith -Wshadow -Wsign-compare -Wundef -Wunused -Wwrite-strings -Waddress -Wattributes -Wcast-align -Wdeclaration-after-statement -Wdiv-by-zero -Wempty-body -Wendif-labels -Wfloat-equal -Wformat-security -Wignored-qualifiers -Wmissing-field-initializers -Wmissing-noreturn -Wno-format-nonliteral -Wno-system-headers -Wold-style-definition -Wredundant-decls -Wsign-conversion -Wno-error=sign-conversion -Wstrict-prototypes -Wtype-limits -Wunreachable-code -Wunused-parameter -Wvla -Wclobbered -Wmissing-parameter-type -Wold-style-declaration -Wstrict-aliasing=3 -Wtrampolines -Wformat=2 -Warray-bounds=2 -ftree-vrp -Wduplicated-cond -Wnull-dereference -fdelete-null-pointer-checks -Wshift-negative-value -Wshift-overflow=2 -Walloc-zero -Wduplicated-branches -Wno-format-overflow -Wformat-truncation=2 -Wimplicit-fallthrough -Wrestrict -Warith-conversion -Wdouble-promotion -Wenum-conversion -Wpragmas -Wunused-const-variable -O3 -DNDEBUG -fPIC -fvisibility=hidden -Wno-dev -MD -MT _deps/curl-build/lib/CMakeFiles/libcurl_shared.dir/socks.c.o -MF _deps/curl-build/lib/CMakeFiles/libcurl_shared.dir/socks.c.o.d -o _deps/curl-build/lib/CMakeFiles/libcurl_shared.dir/socks.c.o -c /project/build/cp310-cp310-linux_x86_64/_deps/curl-src/lib/socks.c
[127/514] /opt/rh/devtoolset-10/root/usr/bin/gcc  -pthread -DBUILDING_LIBCURL -DCURL_HIDDEN_SYMBOLS -DHAVE_CONFIG_H -Dlibcurl_shared_EXPORTS -I/project/build/cp310-cp310-linux_x86_64/_deps/curl-src/include -I/project/build/cp310-cp310-linux_x86_64/_deps/curl-build/lib -I/project/build/cp310-cp310-linux_x86_64/_deps/curl-src/lib -Werror-implicit-function-declaration -W -Wall -pedantic -Wbad-function-cast -Wconversion -Winline -Wmissing-declarations -Wmissing-prototypes -Wnested-externs -Wno-long-long -Wno-multichar -Wpointer-arith -Wshadow -Wsign-compare -Wundef -Wunused -Wwrite-strings -Waddress -Wattributes -Wcast-align -Wdeclaration-after-statement -Wdiv-by-zero -Wempty-body -Wendif-labels -Wfloat-equal -Wformat-security -Wignored-qualifiers -Wmissing-field-initializers -Wmissing-noreturn -Wno-format-nonliteral -Wno-system-headers -Wold-style-definition -Wredundant-decls -Wsign-conversion -Wno-error=sign-conversion -Wstrict-prototypes -Wtype-limits -Wunreachable-code -Wunused-parameter -Wvla -Wclobbered -Wmissing-parameter-type -Wold-style-declaration -Wstrict-aliasing=3 -Wtrampolines -Wformat=2 -Warray-bounds=2 -ftree-vrp -Wduplicated-cond -Wnull-dereference -fdelete-null-pointer-checks -Wshift-negative-value -Wshift-overflow=2 -Walloc-zero -Wduplicated-branches -Wno-format-overflow -Wformat-truncation=2 -Wimplicit-fallthrough -Wrestrict -Warith-conversion -Wdouble-promotion -Wenum-conversion -Wpragmas -Wunused-const-variable -O3 -DNDEBUG -fPIC -fvisibility=hidden -Wno-dev -MD -MT _deps/curl-build/lib/CMakeFiles/libcurl_shared.dir/strerror.c.o -MF _deps/curl-build/lib/CMakeFiles/libcurl_shared.dir/strerror.c.o.d -o _deps/curl-build/lib/CMakeFiles/libcurl_shared.dir/strerror.c.o -c /project/build/cp310-cp310-linux_x86_64/_deps/curl-src/lib/strerror.c
[128/514] /opt/rh/devtoolset-10/root/usr/bin/gcc  -pthread -DBUILDING_LIBCURL -DCURL_HIDDEN_SYMBOLS -DHAVE_CONFIG_H -Dlibcurl_shared_EXPORTS -I/project/build/cp310-cp310-linux_x86_64/_deps/curl-src/include -I/project/build/cp310-cp310-linux_x86_64/_deps/curl-build/lib -I/project/build/cp310-cp310-linux_x86_64/_deps/curl-src/lib -Werror-implicit-function-declaration -W -Wall -pedantic -Wbad-function-cast -Wconversion -Winline -Wmissing-declarations -Wmissing-prototypes -Wnested-externs -Wno-long-long -Wno-multichar -Wpointer-arith -Wshadow -Wsign-compare -Wundef -Wunused -Wwrite-strings -Waddress -Wattributes -Wcast-align -Wdeclaration-after-statement -Wdiv-by-zero -Wempty-body -Wendif-labels -Wfloat-equal -Wformat-security -Wignored-qualifiers -Wmissing-field-initializers -Wmissing-noreturn -Wno-format-nonliteral -Wno-system-headers -Wold-style-definition -Wredundant-decls -Wsign-conversion -Wno-error=sign-conversion -Wstrict-prototypes -Wtype-limits -Wunreachable-code -Wunused-parameter -Wvla -Wclobbered -Wmissing-parameter-type -Wold-style-declaration -Wstrict-aliasing=3 -Wtrampolines -Wformat=2 -Warray-bounds=2 -ftree-vrp -Wduplicated-cond -Wnull-dereference -fdelete-null-pointer-checks -Wshift-negative-value -Wshift-overflow=2 -Walloc-zero -Wduplicated-branches -Wno-format-overflow -Wformat-truncation=2 -Wimplicit-fallthrough -Wrestrict -Warith-conversion -Wdouble-promotion -Wenum-conversion -Wpragmas -Wunused-const-variable -O3 -DNDEBUG -fPIC -fvisibility=hidden -Wno-dev -MD -MT _deps/curl-build/lib/CMakeFiles/libcurl_shared.dir/version_win32.c.o -MF _deps/curl-build/lib/CMakeFiles/libcurl_shared.dir/version_win32.c.o.d -o _deps/curl-build/lib/CMakeFiles/libcurl_shared.dir/version_win32.c.o -c /project/build/cp310-cp310-linux_x86_64/_deps/curl-src/lib/version_win32.c
[129/514] /opt/rh/devtoolset-10/root/usr/bin/gcc  -pthread -DBUILDING_LIBCURL -DCURL_HIDDEN_SYMBOLS -DHAVE_CONFIG_H -Dlibcurl_shared_EXPORTS -I/project/build/cp310-cp310-linux_x86_64/_deps/curl-src/include -I/project/build/cp310-cp310-linux_x86_64/_deps/curl-build/lib -I/project/build/cp310-cp310-linux_x86_64/_deps/curl-src/lib -Werror-implicit-function-declaration -W -Wall -pedantic -Wbad-function-cast -Wconversion -Winline -Wmissing-declarations -Wmissing-prototypes -Wnested-externs -Wno-long-long -Wno-multichar -Wpointer-arith -Wshadow -Wsign-compare -Wundef -Wunused -Wwrite-strings -Waddress -Wattributes -Wcast-align -Wdeclaration-after-statement -Wdiv-by-zero -Wempty-body -Wendif-labels -Wfloat-equal -Wformat-security -Wignored-qualifiers -Wmissing-field-initializers -Wmissing-noreturn -Wno-format-nonliteral -Wno-system-headers -Wold-style-definition -Wredundant-decls -Wsign-conversion -Wno-error=sign-conversion -Wstrict-prototypes -Wtype-limits -Wunreachable-code -Wunused-parameter -Wvla -Wclobbered -Wmissing-parameter-type -Wold-style-declaration -Wstrict-aliasing=3 -Wtrampolines -Wformat=2 -Warray-bounds=2 -ftree-vrp -Wduplicated-cond -Wnull-dereference -fdelete-null-pointer-checks -Wshift-negative-value -Wshift-overflow=2 -Walloc-zero -Wduplicated-branches -Wno-format-overflow -Wformat-truncation=2 -Wimplicit-fallthrough -Wrestrict -Warith-conversion -Wdouble-promotion -Wenum-conversion -Wpragmas -Wunused-const-variable -O3 -DNDEBUG -fPIC -fvisibility=hidden -Wno-dev -MD -MT _deps/curl-build/lib/CMakeFiles/libcurl_shared.dir/warnless.c.o -MF _deps/curl-build/lib/CMakeFiles/libcurl_shared.dir/warnless.c.o.d -o _deps/curl-build/lib/CMakeFiles/libcurl_shared.dir/warnless.c.o -c /project/build/cp310-cp310-linux_x86_64/_deps/curl-src/lib/warnless.c
[130/514] /opt/rh/devtoolset-10/root/usr/bin/gcc  -pthread -DBUILDING_LIBCURL -DCURL_HIDDEN_SYMBOLS -DHAVE_CONFIG_H -Dlibcurl_shared_EXPORTS -I/project/build/cp310-cp310-linux_x86_64/_deps/curl-src/include -I/project/build/cp310-cp310-linux_x86_64/_deps/curl-build/lib -I/project/build/cp310-cp310-linux_x86_64/_deps/curl-src/lib -Werror-implicit-function-declaration -W -Wall -pedantic -Wbad-function-cast -Wconversion -Winline -Wmissing-declarations -Wmissing-prototypes -Wnested-externs -Wno-long-long -Wno-multichar -Wpointer-arith -Wshadow -Wsign-compare -Wundef -Wunused -Wwrite-strings -Waddress -Wattributes -Wcast-align -Wdeclaration-after-statement -Wdiv-by-zero -Wempty-body -Wendif-labels -Wfloat-equal -Wformat-security -Wignored-qualifiers -Wmissing-field-initializers -Wmissing-noreturn -Wno-format-nonliteral -Wno-system-headers -Wold-style-definition -Wredundant-decls -Wsign-conversion -Wno-error=sign-conversion -Wstrict-prototypes -Wtype-limits -Wunreachable-code -Wunused-parameter -Wvla -Wclobbered -Wmissing-parameter-type -Wold-style-declaration -Wstrict-aliasing=3 -Wtrampolines -Wformat=2 -Warray-bounds=2 -ftree-vrp -Wduplicated-cond -Wnull-dereference -fdelete-null-pointer-checks -Wshift-negative-value -Wshift-overflow=2 -Walloc-zero -Wduplicated-branches -Wno-format-overflow -Wformat-truncation=2 -Wimplicit-fallthrough -Wrestrict -Warith-conversion -Wdouble-promotion -Wenum-conversion -Wpragmas -Wunused-const-variable -O3 -DNDEBUG -fPIC -fvisibility=hidden -Wno-dev -MD -MT _deps/curl-build/lib/CMakeFiles/libcurl_shared.dir/version.c.o -MF _deps/curl-build/lib/CMakeFiles/libcurl_shared.dir/version.c.o.d -o _deps/curl-build/lib/CMakeFiles/libcurl_shared.dir/version.c.o -c /project/build/cp310-cp310-linux_x86_64/_deps/curl-src/lib/version.c
[131/514] /opt/rh/devtoolset-10/root/usr/bin/gcc  -pthread -DBUILDING_LIBCURL -DCURL_HIDDEN_SYMBOLS -DHAVE_CONFIG_H -Dlibcurl_shared_EXPORTS -I/project/build/cp310-cp310-linux_x86_64/_deps/curl-src/include -I/project/build/cp310-cp310-linux_x86_64/_deps/curl-build/lib -I/project/build/cp310-cp310-linux_x86_64/_deps/curl-src/lib -Werror-implicit-function-declaration -W -Wall -pedantic -Wbad-function-cast -Wconversion -Winline -Wmissing-declarations -Wmissing-prototypes -Wnested-externs -Wno-long-long -Wno-multichar -Wpointer-arith -Wshadow -Wsign-compare -Wundef -Wunused -Wwrite-strings -Waddress -Wattributes -Wcast-align -Wdeclaration-after-statement -Wdiv-by-zero -Wempty-body -Wendif-labels -Wfloat-equal -Wformat-security -Wignored-qualifiers -Wmissing-field-initializers -Wmissing-noreturn -Wno-format-nonliteral -Wno-system-headers -Wold-style-definition -Wredundant-decls -Wsign-conversion -Wno-error=sign-conversion -Wstrict-prototypes -Wtype-limits -Wunreachable-code -Wunused-parameter -Wvla -Wclobbered -Wmissing-parameter-type -Wold-style-declaration -Wstrict-aliasing=3 -Wtrampolines -Wformat=2 -Warray-bounds=2 -ftree-vrp -Wduplicated-cond -Wnull-dereference -fdelete-null-pointer-checks -Wshift-negative-value -Wshift-overflow=2 -Walloc-zero -Wduplicated-branches -Wno-format-overflow -Wformat-truncation=2 -Wimplicit-fallthrough -Wrestrict -Warith-conversion -Wdouble-promotion -Wenum-conversion -Wpragmas -Wunused-const-variable -O3 -DNDEBUG -fPIC -fvisibility=hidden -Wno-dev -MD -MT _deps/curl-build/lib/CMakeFiles/libcurl_shared.dir/smtp.c.o -MF _deps/curl-build/lib/CMakeFiles/libcurl_shared.dir/smtp.c.o.d -o _deps/curl-build/lib/CMakeFiles/libcurl_shared.dir/smtp.c.o -c /project/build/cp310-cp310-linux_x86_64/_deps/curl-src/lib/smtp.c
[132/514] /opt/rh/devtoolset-10/root/usr/bin/gcc  -pthread -DBUILDING_LIBCURL -DCURL_HIDDEN_SYMBOLS -DHAVE_CONFIG_H -Dlibcurl_shared_EXPORTS -I/project/build/cp310-cp310-linux_x86_64/_deps/curl-src/include -I/project/build/cp310-cp310-linux_x86_64/_deps/curl-build/lib -I/project/build/cp310-cp310-linux_x86_64/_deps/curl-src/lib -Werror-implicit-function-declaration -W -Wall -pedantic -Wbad-function-cast -Wconversion -Winline -Wmissing-declarations -Wmissing-prototypes -Wnested-externs -Wno-long-long -Wno-multichar -Wpointer-arith -Wshadow -Wsign-compare -Wundef -Wunused -Wwrite-strings -Waddress -Wattributes -Wcast-align -Wdeclaration-after-statement -Wdiv-by-zero -Wempty-body -Wendif-labels -Wfloat-equal -Wformat-security -Wignored-qualifiers -Wmissing-field-initializers -Wmissing-noreturn -Wno-format-nonliteral -Wno-system-headers -Wold-style-definition -Wredundant-decls -Wsign-conversion -Wno-error=sign-conversion -Wstrict-prototypes -Wtype-limits -Wunreachable-code -Wunused-parameter -Wvla -Wclobbered -Wmissing-parameter-type -Wold-style-declaration -Wstrict-aliasing=3 -Wtrampolines -Wformat=2 -Warray-bounds=2 -ftree-vrp -Wduplicated-cond -Wnull-dereference -fdelete-null-pointer-checks -Wshift-negative-value -Wshift-overflow=2 -Walloc-zero -Wduplicated-branches -Wno-format-overflow -Wformat-truncation=2 -Wimplicit-fallthrough -Wrestrict -Warith-conversion -Wdouble-promotion -Wenum-conversion -Wpragmas -Wunused-const-variable -O3 -DNDEBUG -fPIC -fvisibility=hidden -Wno-dev -MD -MT _deps/curl-build/lib/CMakeFiles/libcurl_shared.dir/ws.c.o -MF _deps/curl-build/lib/CMakeFiles/libcurl_shared.dir/ws.c.o.d -o _deps/curl-build/lib/CMakeFiles/libcurl_shared.dir/ws.c.o -c /project/build/cp310-cp310-linux_x86_64/_deps/curl-src/lib/ws.c
[133/514] /opt/rh/devtoolset-10/root/usr/bin/gcc  -pthread -DBUILDING_LIBCURL -DCURL_HIDDEN_SYMBOLS -DHAVE_CONFIG_H -Dlibcurl_shared_EXPORTS -I/project/build/cp310-cp310-linux_x86_64/_deps/curl-src/include -I/project/build/cp310-cp310-linux_x86_64/_deps/curl-build/lib -I/project/build/cp310-cp310-linux_x86_64/_deps/curl-src/lib -Werror-implicit-function-declaration -W -Wall -pedantic -Wbad-function-cast -Wconversion -Winline -Wmissing-declarations -Wmissing-prototypes -Wnested-externs -Wno-long-long -Wno-multichar -Wpointer-arith -Wshadow -Wsign-compare -Wundef -Wunused -Wwrite-strings -Waddress -Wattributes -Wcast-align -Wdeclaration-after-statement -Wdiv-by-zero -Wempty-body -Wendif-labels -Wfloat-equal -Wformat-security -Wignored-qualifiers -Wmissing-field-initializers -Wmissing-noreturn -Wno-format-nonliteral -Wno-system-headers -Wold-style-definition -Wredundant-decls -Wsign-conversion -Wno-error=sign-conversion -Wstrict-prototypes -Wtype-limits -Wunreachable-code -Wunused-parameter -Wvla -Wclobbered -Wmissing-parameter-type -Wold-style-declaration -Wstrict-aliasing=3 -Wtrampolines -Wformat=2 -Warray-bounds=2 -ftree-vrp -Wduplicated-cond -Wnull-dereference -fdelete-null-pointer-checks -Wshift-negative-value -Wshift-overflow=2 -Walloc-zero -Wduplicated-branches -Wno-format-overflow -Wformat-truncation=2 -Wimplicit-fallthrough -Wrestrict -Warith-conversion -Wdouble-promotion -Wenum-conversion -Wpragmas -Wunused-const-variable -O3 -DNDEBUG -fPIC -fvisibility=hidden -Wno-dev -MD -MT _deps/curl-build/lib/CMakeFiles/libcurl_shared.dir/vauth/cram.c.o -MF _deps/curl-build/lib/CMakeFiles/libcurl_shared.dir/vauth/cram.c.o.d -o _deps/curl-build/lib/CMakeFiles/libcurl_shared.dir/vauth/cram.c.o -c /project/build/cp310-cp310-linux_x86_64/_deps/curl-src/lib/vauth/cram.c
[134/514] /opt/rh/devtoolset-10/root/usr/bin/gcc  -pthread -DBUILDING_LIBCURL -DCURL_HIDDEN_SYMBOLS -DHAVE_CONFIG_H -Dlibcurl_shared_EXPORTS -I/project/build/cp310-cp310-linux_x86_64/_deps/curl-src/include -I/project/build/cp310-cp310-linux_x86_64/_deps/curl-build/lib -I/project/build/cp310-cp310-linux_x86_64/_deps/curl-src/lib -Werror-implicit-function-declaration -W -Wall -pedantic -Wbad-function-cast -Wconversion -Winline -Wmissing-declarations -Wmissing-prototypes -Wnested-externs -Wno-long-long -Wno-multichar -Wpointer-arith -Wshadow -Wsign-compare -Wundef -Wunused -Wwrite-strings -Waddress -Wattributes -Wcast-align -Wdeclaration-after-statement -Wdiv-by-zero -Wempty-body -Wendif-labels -Wfloat-equal -Wformat-security -Wignored-qualifiers -Wmissing-field-initializers -Wmissing-noreturn -Wno-format-nonliteral -Wno-system-headers -Wold-style-definition -Wredundant-decls -Wsign-conversion -Wno-error=sign-conversion -Wstrict-prototypes -Wtype-limits -Wunreachable-code -Wunused-parameter -Wvla -Wclobbered -Wmissing-parameter-type -Wold-style-declaration -Wstrict-aliasing=3 -Wtrampolines -Wformat=2 -Warray-bounds=2 -ftree-vrp -Wduplicated-cond -Wnull-dereference -fdelete-null-pointer-checks -Wshift-negative-value -Wshift-overflow=2 -Walloc-zero -Wduplicated-branches -Wno-format-overflow -Wformat-truncation=2 -Wimplicit-fallthrough -Wrestrict -Warith-conversion -Wdouble-promotion -Wenum-conversion -Wpragmas -Wunused-const-variable -O3 -DNDEBUG -fPIC -fvisibility=hidden -Wno-dev -MD -MT _deps/curl-build/lib/CMakeFiles/libcurl_shared.dir/vauth/cleartext.c.o -MF _deps/curl-build/lib/CMakeFiles/libcurl_shared.dir/vauth/cleartext.c.o.d -o _deps/curl-build/lib/CMakeFiles/libcurl_shared.dir/vauth/cleartext.c.o -c /project/build/cp310-cp310-linux_x86_64/_deps/curl-src/lib/vauth/cleartext.c
[135/514] /opt/rh/devtoolset-10/root/usr/bin/gcc  -pthread -DBUILDING_LIBCURL -DCURL_HIDDEN_SYMBOLS -DHAVE_CONFIG_H -Dlibcurl_shared_EXPORTS -I/project/build/cp310-cp310-linux_x86_64/_deps/curl-src/include -I/project/build/cp310-cp310-linux_x86_64/_deps/curl-build/lib -I/project/build/cp310-cp310-linux_x86_64/_deps/curl-src/lib -Werror-implicit-function-declaration -W -Wall -pedantic -Wbad-function-cast -Wconversion -Winline -Wmissing-declarations -Wmissing-prototypes -Wnested-externs -Wno-long-long -Wno-multichar -Wpointer-arith -Wshadow -Wsign-compare -Wundef -Wunused -Wwrite-strings -Waddress -Wattributes -Wcast-align -Wdeclaration-after-statement -Wdiv-by-zero -Wempty-body -Wendif-labels -Wfloat-equal -Wformat-security -Wignored-qualifiers -Wmissing-field-initializers -Wmissing-noreturn -Wno-format-nonliteral -Wno-system-headers -Wold-style-definition -Wredundant-decls -Wsign-conversion -Wno-error=sign-conversion -Wstrict-prototypes -Wtype-limits -Wunreachable-code -Wunused-parameter -Wvla -Wclobbered -Wmissing-parameter-type -Wold-style-declaration -Wstrict-aliasing=3 -Wtrampolines -Wformat=2 -Warray-bounds=2 -ftree-vrp -Wduplicated-cond -Wnull-dereference -fdelete-null-pointer-checks -Wshift-negative-value -Wshift-overflow=2 -Walloc-zero -Wduplicated-branches -Wno-format-overflow -Wformat-truncation=2 -Wimplicit-fallthrough -Wrestrict -Warith-conversion -Wdouble-promotion -Wenum-conversion -Wpragmas -Wunused-const-variable -O3 -DNDEBUG -fPIC -fvisibility=hidden -Wno-dev -MD -MT _deps/curl-build/lib/CMakeFiles/libcurl_shared.dir/tftp.c.o -MF _deps/curl-build/lib/CMakeFiles/libcurl_shared.dir/tftp.c.o.d -o _deps/curl-build/lib/CMakeFiles/libcurl_shared.dir/tftp.c.o -c /project/build/cp310-cp310-linux_x86_64/_deps/curl-src/lib/tftp.c
[136/514] /opt/rh/devtoolset-10/root/usr/bin/gcc  -pthread -DBUILDING_LIBCURL -DCURL_HIDDEN_SYMBOLS -DHAVE_CONFIG_H -Dlibcurl_shared_EXPORTS -I/project/build/cp310-cp310-linux_x86_64/_deps/curl-src/include -I/project/build/cp310-cp310-linux_x86_64/_deps/curl-build/lib -I/project/build/cp310-cp310-linux_x86_64/_deps/curl-src/lib -Werror-implicit-function-declaration -W -Wall -pedantic -Wbad-function-cast -Wconversion -Winline -Wmissing-declarations -Wmissing-prototypes -Wnested-externs -Wno-long-long -Wno-multichar -Wpointer-arith -Wshadow -Wsign-compare -Wundef -Wunused -Wwrite-strings -Waddress -Wattributes -Wcast-align -Wdeclaration-after-statement -Wdiv-by-zero -Wempty-body -Wendif-labels -Wfloat-equal -Wformat-security -Wignored-qualifiers -Wmissing-field-initializers -Wmissing-noreturn -Wno-format-nonliteral -Wno-system-headers -Wold-style-definition -Wredundant-decls -Wsign-conversion -Wno-error=sign-conversion -Wstrict-prototypes -Wtype-limits -Wunreachable-code -Wunused-parameter -Wvla -Wclobbered -Wmissing-parameter-type -Wold-style-declaration -Wstrict-aliasing=3 -Wtrampolines -Wformat=2 -Warray-bounds=2 -ftree-vrp -Wduplicated-cond -Wnull-dereference -fdelete-null-pointer-checks -Wshift-negative-value -Wshift-overflow=2 -Walloc-zero -Wduplicated-branches -Wno-format-overflow -Wformat-truncation=2 -Wimplicit-fallthrough -Wrestrict -Warith-conversion -Wdouble-promotion -Wenum-conversion -Wpragmas -Wunused-const-variable -O3 -DNDEBUG -fPIC -fvisibility=hidden -Wno-dev -MD -MT _deps/curl-build/lib/CMakeFiles/libcurl_shared.dir/vauth/digest_sspi.c.o -MF _deps/curl-build/lib/CMakeFiles/libcurl_shared.dir/vauth/digest_sspi.c.o.d -o _deps/curl-build/lib/CMakeFiles/libcurl_shared.dir/vauth/digest_sspi.c.o -c /project/build/cp310-cp310-linux_x86_64/_deps/curl-src/lib/vauth/digest_sspi.c
[137/514] /opt/rh/devtoolset-10/root/usr/bin/gcc  -pthread -DBUILDING_LIBCURL -DCURL_HIDDEN_SYMBOLS -DHAVE_CONFIG_H -Dlibcurl_shared_EXPORTS -I/project/build/cp310-cp310-linux_x86_64/_deps/curl-src/include -I/project/build/cp310-cp310-linux_x86_64/_deps/curl-build/lib -I/project/build/cp310-cp310-linux_x86_64/_deps/curl-src/lib -Werror-implicit-function-declaration -W -Wall -pedantic -Wbad-function-cast -Wconversion -Winline -Wmissing-declarations -Wmissing-prototypes -Wnested-externs -Wno-long-long -Wno-multichar -Wpointer-arith -Wshadow -Wsign-compare -Wundef -Wunused -Wwrite-strings -Waddress -Wattributes -Wcast-align -Wdeclaration-after-statement -Wdiv-by-zero -Wempty-body -Wendif-labels -Wfloat-equal -Wformat-security -Wignored-qualifiers -Wmissing-field-initializers -Wmissing-noreturn -Wno-format-nonliteral -Wno-system-headers -Wold-style-definition -Wredundant-decls -Wsign-conversion -Wno-error=sign-conversion -Wstrict-prototypes -Wtype-limits -Wunreachable-code -Wunused-parameter -Wvla -Wclobbered -Wmissing-parameter-type -Wold-style-declaration -Wstrict-aliasing=3 -Wtrampolines -Wformat=2 -Warray-bounds=2 -ftree-vrp -Wduplicated-cond -Wnull-dereference -fdelete-null-pointer-checks -Wshift-negative-value -Wshift-overflow=2 -Walloc-zero -Wduplicated-branches -Wno-format-overflow -Wformat-truncation=2 -Wimplicit-fallthrough -Wrestrict -Warith-conversion -Wdouble-promotion -Wenum-conversion -Wpragmas -Wunused-const-variable -O3 -DNDEBUG -fPIC -fvisibility=hidden -Wno-dev -MD -MT _deps/curl-build/lib/CMakeFiles/libcurl_shared.dir/vauth/gsasl.c.o -MF _deps/curl-build/lib/CMakeFiles/libcurl_shared.dir/vauth/gsasl.c.o.d -o _deps/curl-build/lib/CMakeFiles/libcurl_shared.dir/vauth/gsasl.c.o -c /project/build/cp310-cp310-linux_x86_64/_deps/curl-src/lib/vauth/gsasl.c
[138/514] /opt/rh/devtoolset-10/root/usr/bin/gcc  -pthread -DBUILDING_LIBCURL -DCURL_HIDDEN_SYMBOLS -DHAVE_CONFIG_H -Dlibcurl_shared_EXPORTS -I/project/build/cp310-cp310-linux_x86_64/_deps/curl-src/include -I/project/build/cp310-cp310-linux_x86_64/_deps/curl-build/lib -I/project/build/cp310-cp310-linux_x86_64/_deps/curl-src/lib -Werror-implicit-function-declaration -W -Wall -pedantic -Wbad-function-cast -Wconversion -Winline -Wmissing-declarations -Wmissing-prototypes -Wnested-externs -Wno-long-long -Wno-multichar -Wpointer-arith -Wshadow -Wsign-compare -Wundef -Wunused -Wwrite-strings -Waddress -Wattributes -Wcast-align -Wdeclaration-after-statement -Wdiv-by-zero -Wempty-body -Wendif-labels -Wfloat-equal -Wformat-security -Wignored-qualifiers -Wmissing-field-initializers -Wmissing-noreturn -Wno-format-nonliteral -Wno-system-headers -Wold-style-definition -Wredundant-decls -Wsign-conversion -Wno-error=sign-conversion -Wstrict-prototypes -Wtype-limits -Wunreachable-code -Wunused-parameter -Wvla -Wclobbered -Wmissing-parameter-type -Wold-style-declaration -Wstrict-aliasing=3 -Wtrampolines -Wformat=2 -Warray-bounds=2 -ftree-vrp -Wduplicated-cond -Wnull-dereference -fdelete-null-pointer-checks -Wshift-negative-value -Wshift-overflow=2 -Walloc-zero -Wduplicated-branches -Wno-format-overflow -Wformat-truncation=2 -Wimplicit-fallthrough -Wrestrict -Warith-conversion -Wdouble-promotion -Wenum-conversion -Wpragmas -Wunused-const-variable -O3 -DNDEBUG -fPIC -fvisibility=hidden -Wno-dev -MD -MT _deps/curl-build/lib/CMakeFiles/libcurl_shared.dir/vauth/krb5_gssapi.c.o -MF _deps/curl-build/lib/CMakeFiles/libcurl_shared.dir/vauth/krb5_gssapi.c.o.d -o _deps/curl-build/lib/CMakeFiles/libcurl_shared.dir/vauth/krb5_gssapi.c.o -c /project/build/cp310-cp310-linux_x86_64/_deps/curl-src/lib/vauth/krb5_gssapi.c
[139/514] /opt/rh/devtoolset-10/root/usr/bin/gcc  -pthread -DBUILDING_LIBCURL -DCURL_HIDDEN_SYMBOLS -DHAVE_CONFIG_H -Dlibcurl_shared_EXPORTS -I/project/build/cp310-cp310-linux_x86_64/_deps/curl-src/include -I/project/build/cp310-cp310-linux_x86_64/_deps/curl-build/lib -I/project/build/cp310-cp310-linux_x86_64/_deps/curl-src/lib -Werror-implicit-function-declaration -W -Wall -pedantic -Wbad-function-cast -Wconversion -Winline -Wmissing-declarations -Wmissing-prototypes -Wnested-externs -Wno-long-long -Wno-multichar -Wpointer-arith -Wshadow -Wsign-compare -Wundef -Wunused -Wwrite-strings -Waddress -Wattributes -Wcast-align -Wdeclaration-after-statement -Wdiv-by-zero -Wempty-body -Wendif-labels -Wfloat-equal -Wformat-security -Wignored-qualifiers -Wmissing-field-initializers -Wmissing-noreturn -Wno-format-nonliteral -Wno-system-headers -Wold-style-definition -Wredundant-decls -Wsign-conversion -Wno-error=sign-conversion -Wstrict-prototypes -Wtype-limits -Wunreachable-code -Wunused-parameter -Wvla -Wclobbered -Wmissing-parameter-type -Wold-style-declaration -Wstrict-aliasing=3 -Wtrampolines -Wformat=2 -Warray-bounds=2 -ftree-vrp -Wduplicated-cond -Wnull-dereference -fdelete-null-pointer-checks -Wshift-negative-value -Wshift-overflow=2 -Walloc-zero -Wduplicated-branches -Wno-format-overflow -Wformat-truncation=2 -Wimplicit-fallthrough -Wrestrict -Warith-conversion -Wdouble-promotion -Wenum-conversion -Wpragmas -Wunused-const-variable -O3 -DNDEBUG -fPIC -fvisibility=hidden -Wno-dev -MD -MT _deps/curl-build/lib/CMakeFiles/libcurl_shared.dir/vauth/krb5_sspi.c.o -MF _deps/curl-build/lib/CMakeFiles/libcurl_shared.dir/vauth/krb5_sspi.c.o.d -o _deps/curl-build/lib/CMakeFiles/libcurl_shared.dir/vauth/krb5_sspi.c.o -c /project/build/cp310-cp310-linux_x86_64/_deps/curl-src/lib/vauth/krb5_sspi.c
[140/514] /opt/rh/devtoolset-10/root/usr/bin/gcc  -pthread -DBUILDING_LIBCURL -DCURL_HIDDEN_SYMBOLS -DHAVE_CONFIG_H -Dlibcurl_shared_EXPORTS -I/project/build/cp310-cp310-linux_x86_64/_deps/curl-src/include -I/project/build/cp310-cp310-linux_x86_64/_deps/curl-build/lib -I/project/build/cp310-cp310-linux_x86_64/_deps/curl-src/lib -Werror-implicit-function-declaration -W -Wall -pedantic -Wbad-function-cast -Wconversion -Winline -Wmissing-declarations -Wmissing-prototypes -Wnested-externs -Wno-long-long -Wno-multichar -Wpointer-arith -Wshadow -Wsign-compare -Wundef -Wunused -Wwrite-strings -Waddress -Wattributes -Wcast-align -Wdeclaration-after-statement -Wdiv-by-zero -Wempty-body -Wendif-labels -Wfloat-equal -Wformat-security -Wignored-qualifiers -Wmissing-field-initializers -Wmissing-noreturn -Wno-format-nonliteral -Wno-system-headers -Wold-style-definition -Wredundant-decls -Wsign-conversion -Wno-error=sign-conversion -Wstrict-prototypes -Wtype-limits -Wunreachable-code -Wunused-parameter -Wvla -Wclobbered -Wmissing-parameter-type -Wold-style-declaration -Wstrict-aliasing=3 -Wtrampolines -Wformat=2 -Warray-bounds=2 -ftree-vrp -Wduplicated-cond -Wnull-dereference -fdelete-null-pointer-checks -Wshift-negative-value -Wshift-overflow=2 -Walloc-zero -Wduplicated-branches -Wno-format-overflow -Wformat-truncation=2 -Wimplicit-fallthrough -Wrestrict -Warith-conversion -Wdouble-promotion -Wenum-conversion -Wpragmas -Wunused-const-variable -O3 -DNDEBUG -fPIC -fvisibility=hidden -Wno-dev -MD -MT _deps/curl-build/lib/CMakeFiles/libcurl_shared.dir/transfer.c.o -MF _deps/curl-build/lib/CMakeFiles/libcurl_shared.dir/transfer.c.o.d -o _deps/curl-build/lib/CMakeFiles/libcurl_shared.dir/transfer.c.o -c /project/build/cp310-cp310-linux_x86_64/_deps/curl-src/lib/transfer.c
[141/514] /opt/rh/devtoolset-10/root/usr/bin/gcc  -pthread -DBUILDING_LIBCURL -DCURL_HIDDEN_SYMBOLS -DHAVE_CONFIG_H -Dlibcurl_shared_EXPORTS -I/project/build/cp310-cp310-linux_x86_64/_deps/curl-src/include -I/project/build/cp310-cp310-linux_x86_64/_deps/curl-build/lib -I/project/build/cp310-cp310-linux_x86_64/_deps/curl-src/lib -Werror-implicit-function-declaration -W -Wall -pedantic -Wbad-function-cast -Wconversion -Winline -Wmissing-declarations -Wmissing-prototypes -Wnested-externs -Wno-long-long -Wno-multichar -Wpointer-arith -Wshadow -Wsign-compare -Wundef -Wunused -Wwrite-strings -Waddress -Wattributes -Wcast-align -Wdeclaration-after-statement -Wdiv-by-zero -Wempty-body -Wendif-labels -Wfloat-equal -Wformat-security -Wignored-qualifiers -Wmissing-field-initializers -Wmissing-noreturn -Wno-format-nonliteral -Wno-system-headers -Wold-style-definition -Wredundant-decls -Wsign-conversion -Wno-error=sign-conversion -Wstrict-prototypes -Wtype-limits -Wunreachable-code -Wunused-parameter -Wvla -Wclobbered -Wmissing-parameter-type -Wold-style-declaration -Wstrict-aliasing=3 -Wtrampolines -Wformat=2 -Warray-bounds=2 -ftree-vrp -Wduplicated-cond -Wnull-dereference -fdelete-null-pointer-checks -Wshift-negative-value -Wshift-overflow=2 -Walloc-zero -Wduplicated-branches -Wno-format-overflow -Wformat-truncation=2 -Wimplicit-fallthrough -Wrestrict -Warith-conversion -Wdouble-promotion -Wenum-conversion -Wpragmas -Wunused-const-variable -O3 -DNDEBUG -fPIC -fvisibility=hidden -Wno-dev -MD -MT _deps/curl-build/lib/CMakeFiles/libcurl_shared.dir/vauth/ntlm_sspi.c.o -MF _deps/curl-build/lib/CMakeFiles/libcurl_shared.dir/vauth/ntlm_sspi.c.o.d -o _deps/curl-build/lib/CMakeFiles/libcurl_shared.dir/vauth/ntlm_sspi.c.o -c /project/build/cp310-cp310-linux_x86_64/_deps/curl-src/lib/vauth/ntlm_sspi.c
[142/514] /opt/rh/devtoolset-10/root/usr/bin/gcc  -pthread -DBUILDING_LIBCURL -DCURL_HIDDEN_SYMBOLS -DHAVE_CONFIG_H -Dlibcurl_shared_EXPORTS -I/project/build/cp310-cp310-linux_x86_64/_deps/curl-src/include -I/project/build/cp310-cp310-linux_x86_64/_deps/curl-build/lib -I/project/build/cp310-cp310-linux_x86_64/_deps/curl-src/lib -Werror-implicit-function-declaration -W -Wall -pedantic -Wbad-function-cast -Wconversion -Winline -Wmissing-declarations -Wmissing-prototypes -Wnested-externs -Wno-long-long -Wno-multichar -Wpointer-arith -Wshadow -Wsign-compare -Wundef -Wunused -Wwrite-strings -Waddress -Wattributes -Wcast-align -Wdeclaration-after-statement -Wdiv-by-zero -Wempty-body -Wendif-labels -Wfloat-equal -Wformat-security -Wignored-qualifiers -Wmissing-field-initializers -Wmissing-noreturn -Wno-format-nonliteral -Wno-system-headers -Wold-style-definition -Wredundant-decls -Wsign-conversion -Wno-error=sign-conversion -Wstrict-prototypes -Wtype-limits -Wunreachable-code -Wunused-parameter -Wvla -Wclobbered -Wmissing-parameter-type -Wold-style-declaration -Wstrict-aliasing=3 -Wtrampolines -Wformat=2 -Warray-bounds=2 -ftree-vrp -Wduplicated-cond -Wnull-dereference -fdelete-null-pointer-checks -Wshift-negative-value -Wshift-overflow=2 -Walloc-zero -Wduplicated-branches -Wno-format-overflow -Wformat-truncation=2 -Wimplicit-fallthrough -Wrestrict -Warith-conversion -Wdouble-promotion -Wenum-conversion -Wpragmas -Wunused-const-variable -O3 -DNDEBUG -fPIC -fvisibility=hidden -Wno-dev -MD -MT _deps/curl-build/lib/CMakeFiles/libcurl_shared.dir/vauth/spnego_gssapi.c.o -MF _deps/curl-build/lib/CMakeFiles/libcurl_shared.dir/vauth/spnego_gssapi.c.o.d -o _deps/curl-build/lib/CMakeFiles/libcurl_shared.dir/vauth/spnego_gssapi.c.o -c /project/build/cp310-cp310-linux_x86_64/_deps/curl-src/lib/vauth/spnego_gssapi.c
[143/514] /opt/rh/devtoolset-10/root/usr/bin/gcc  -pthread -DBUILDING_LIBCURL -DCURL_HIDDEN_SYMBOLS -DHAVE_CONFIG_H -Dlibcurl_shared_EXPORTS -I/project/build/cp310-cp310-linux_x86_64/_deps/curl-src/include -I/project/build/cp310-cp310-linux_x86_64/_deps/curl-build/lib -I/project/build/cp310-cp310-linux_x86_64/_deps/curl-src/lib -Werror-implicit-function-declaration -W -Wall -pedantic -Wbad-function-cast -Wconversion -Winline -Wmissing-declarations -Wmissing-prototypes -Wnested-externs -Wno-long-long -Wno-multichar -Wpointer-arith -Wshadow -Wsign-compare -Wundef -Wunused -Wwrite-strings -Waddress -Wattributes -Wcast-align -Wdeclaration-after-statement -Wdiv-by-zero -Wempty-body -Wendif-labels -Wfloat-equal -Wformat-security -Wignored-qualifiers -Wmissing-field-initializers -Wmissing-noreturn -Wno-format-nonliteral -Wno-system-headers -Wold-style-definition -Wredundant-decls -Wsign-conversion -Wno-error=sign-conversion -Wstrict-prototypes -Wtype-limits -Wunreachable-code -Wunused-parameter -Wvla -Wclobbered -Wmissing-parameter-type -Wold-style-declaration -Wstrict-aliasing=3 -Wtrampolines -Wformat=2 -Warray-bounds=2 -ftree-vrp -Wduplicated-cond -Wnull-dereference -fdelete-null-pointer-checks -Wshift-negative-value -Wshift-overflow=2 -Walloc-zero -Wduplicated-branches -Wno-format-overflow -Wformat-truncation=2 -Wimplicit-fallthrough -Wrestrict -Warith-conversion -Wdouble-promotion -Wenum-conversion -Wpragmas -Wunused-const-variable -O3 -DNDEBUG -fPIC -fvisibility=hidden -Wno-dev -MD -MT _deps/curl-build/lib/CMakeFiles/libcurl_shared.dir/vauth/oauth2.c.o -MF _deps/curl-build/lib/CMakeFiles/libcurl_shared.dir/vauth/oauth2.c.o.d -o _deps/curl-build/lib/CMakeFiles/libcurl_shared.dir/vauth/oauth2.c.o -c /project/build/cp310-cp310-linux_x86_64/_deps/curl-src/lib/vauth/oauth2.c
[144/514] /opt/rh/devtoolset-10/root/usr/bin/gcc  -pthread -DBUILDING_LIBCURL -DCURL_HIDDEN_SYMBOLS -DHAVE_CONFIG_H -Dlibcurl_shared_EXPORTS -I/project/build/cp310-cp310-linux_x86_64/_deps/curl-src/include -I/project/build/cp310-cp310-linux_x86_64/_deps/curl-build/lib -I/project/build/cp310-cp310-linux_x86_64/_deps/curl-src/lib -Werror-implicit-function-declaration -W -Wall -pedantic -Wbad-function-cast -Wconversion -Winline -Wmissing-declarations -Wmissing-prototypes -Wnested-externs -Wno-long-long -Wno-multichar -Wpointer-arith -Wshadow -Wsign-compare -Wundef -Wunused -Wwrite-strings -Waddress -Wattributes -Wcast-align -Wdeclaration-after-statement -Wdiv-by-zero -Wempty-body -Wendif-labels -Wfloat-equal -Wformat-security -Wignored-qualifiers -Wmissing-field-initializers -Wmissing-noreturn -Wno-format-nonliteral -Wno-system-headers -Wold-style-definition -Wredundant-decls -Wsign-conversion -Wno-error=sign-conversion -Wstrict-prototypes -Wtype-limits -Wunreachable-code -Wunused-parameter -Wvla -Wclobbered -Wmissing-parameter-type -Wold-style-declaration -Wstrict-aliasing=3 -Wtrampolines -Wformat=2 -Warray-bounds=2 -ftree-vrp -Wduplicated-cond -Wnull-dereference -fdelete-null-pointer-checks -Wshift-negative-value -Wshift-overflow=2 -Walloc-zero -Wduplicated-branches -Wno-format-overflow -Wformat-truncation=2 -Wimplicit-fallthrough -Wrestrict -Warith-conversion -Wdouble-promotion -Wenum-conversion -Wpragmas -Wunused-const-variable -O3 -DNDEBUG -fPIC -fvisibility=hidden -Wno-dev -MD -MT _deps/curl-build/lib/CMakeFiles/libcurl_shared.dir/vauth/spnego_sspi.c.o -MF _deps/curl-build/lib/CMakeFiles/libcurl_shared.dir/vauth/spnego_sspi.c.o.d -o _deps/curl-build/lib/CMakeFiles/libcurl_shared.dir/vauth/spnego_sspi.c.o -c /project/build/cp310-cp310-linux_x86_64/_deps/curl-src/lib/vauth/spnego_sspi.c
[145/514] /opt/rh/devtoolset-10/root/usr/bin/gcc  -pthread -DBUILDING_LIBCURL -DCURL_HIDDEN_SYMBOLS -DHAVE_CONFIG_H -Dlibcurl_shared_EXPORTS -I/project/build/cp310-cp310-linux_x86_64/_deps/curl-src/include -I/project/build/cp310-cp310-linux_x86_64/_deps/curl-build/lib -I/project/build/cp310-cp310-linux_x86_64/_deps/curl-src/lib -Werror-implicit-function-declaration -W -Wall -pedantic -Wbad-function-cast -Wconversion -Winline -Wmissing-declarations -Wmissing-prototypes -Wnested-externs -Wno-long-long -Wno-multichar -Wpointer-arith -Wshadow -Wsign-compare -Wundef -Wunused -Wwrite-strings -Waddress -Wattributes -Wcast-align -Wdeclaration-after-statement -Wdiv-by-zero -Wempty-body -Wendif-labels -Wfloat-equal -Wformat-security -Wignored-qualifiers -Wmissing-field-initializers -Wmissing-noreturn -Wno-format-nonliteral -Wno-system-headers -Wold-style-definition -Wredundant-decls -Wsign-conversion -Wno-error=sign-conversion -Wstrict-prototypes -Wtype-limits -Wunreachable-code -Wunused-parameter -Wvla -Wclobbered -Wmissing-parameter-type -Wold-style-declaration -Wstrict-aliasing=3 -Wtrampolines -Wformat=2 -Warray-bounds=2 -ftree-vrp -Wduplicated-cond -Wnull-dereference -fdelete-null-pointer-checks -Wshift-negative-value -Wshift-overflow=2 -Walloc-zero -Wduplicated-branches -Wno-format-overflow -Wformat-truncation=2 -Wimplicit-fallthrough -Wrestrict -Warith-conversion -Wdouble-promotion -Wenum-conversion -Wpragmas -Wunused-const-variable -O3 -DNDEBUG -fPIC -fvisibility=hidden -Wno-dev -MD -MT _deps/curl-build/lib/CMakeFiles/libcurl_shared.dir/vauth/digest.c.o -MF _deps/curl-build/lib/CMakeFiles/libcurl_shared.dir/vauth/digest.c.o.d -o _deps/curl-build/lib/CMakeFiles/libcurl_shared.dir/vauth/digest.c.o -c /project/build/cp310-cp310-linux_x86_64/_deps/curl-src/lib/vauth/digest.c
[146/514] /opt/rh/devtoolset-10/root/usr/bin/gcc  -pthread -DBUILDING_LIBCURL -DCURL_HIDDEN_SYMBOLS -DHAVE_CONFIG_H -Dlibcurl_shared_EXPORTS -I/project/build/cp310-cp310-linux_x86_64/_deps/curl-src/include -I/project/build/cp310-cp310-linux_x86_64/_deps/curl-build/lib -I/project/build/cp310-cp310-linux_x86_64/_deps/curl-src/lib -Werror-implicit-function-declaration -W -Wall -pedantic -Wbad-function-cast -Wconversion -Winline -Wmissing-declarations -Wmissing-prototypes -Wnested-externs -Wno-long-long -Wno-multichar -Wpointer-arith -Wshadow -Wsign-compare -Wundef -Wunused -Wwrite-strings -Waddress -Wattributes -Wcast-align -Wdeclaration-after-statement -Wdiv-by-zero -Wempty-body -Wendif-labels -Wfloat-equal -Wformat-security -Wignored-qualifiers -Wmissing-field-initializers -Wmissing-noreturn -Wno-format-nonliteral -Wno-system-headers -Wold-style-definition -Wredundant-decls -Wsign-conversion -Wno-error=sign-conversion -Wstrict-prototypes -Wtype-limits -Wunreachable-code -Wunused-parameter -Wvla -Wclobbered -Wmissing-parameter-type -Wold-style-declaration -Wstrict-aliasing=3 -Wtrampolines -Wformat=2 -Warray-bounds=2 -ftree-vrp -Wduplicated-cond -Wnull-dereference -fdelete-null-pointer-checks -Wshift-negative-value -Wshift-overflow=2 -Walloc-zero -Wduplicated-branches -Wno-format-overflow -Wformat-truncation=2 -Wimplicit-fallthrough -Wrestrict -Warith-conversion -Wdouble-promotion -Wenum-conversion -Wpragmas -Wunused-const-variable -O3 -DNDEBUG -fPIC -fvisibility=hidden -Wno-dev -MD -MT _deps/curl-build/lib/CMakeFiles/libcurl_shared.dir/vtls/bearssl.c.o -MF _deps/curl-build/lib/CMakeFiles/libcurl_shared.dir/vtls/bearssl.c.o.d -o _deps/curl-build/lib/CMakeFiles/libcurl_shared.dir/vtls/bearssl.c.o -c /project/build/cp310-cp310-linux_x86_64/_deps/curl-src/lib/vtls/bearssl.c
[147/514] /opt/rh/devtoolset-10/root/usr/bin/gcc  -pthread -DBUILDING_LIBCURL -DCURL_HIDDEN_SYMBOLS -DHAVE_CONFIG_H -Dlibcurl_shared_EXPORTS -I/project/build/cp310-cp310-linux_x86_64/_deps/curl-src/include -I/project/build/cp310-cp310-linux_x86_64/_deps/curl-build/lib -I/project/build/cp310-cp310-linux_x86_64/_deps/curl-src/lib -Werror-implicit-function-declaration -W -Wall -pedantic -Wbad-function-cast -Wconversion -Winline -Wmissing-declarations -Wmissing-prototypes -Wnested-externs -Wno-long-long -Wno-multichar -Wpointer-arith -Wshadow -Wsign-compare -Wundef -Wunused -Wwrite-strings -Waddress -Wattributes -Wcast-align -Wdeclaration-after-statement -Wdiv-by-zero -Wempty-body -Wendif-labels -Wfloat-equal -Wformat-security -Wignored-qualifiers -Wmissing-field-initializers -Wmissing-noreturn -Wno-format-nonliteral -Wno-system-headers -Wold-style-definition -Wredundant-decls -Wsign-conversion -Wno-error=sign-conversion -Wstrict-prototypes -Wtype-limits -Wunreachable-code -Wunused-parameter -Wvla -Wclobbered -Wmissing-parameter-type -Wold-style-declaration -Wstrict-aliasing=3 -Wtrampolines -Wformat=2 -Warray-bounds=2 -ftree-vrp -Wduplicated-cond -Wnull-dereference -fdelete-null-pointer-checks -Wshift-negative-value -Wshift-overflow=2 -Walloc-zero -Wduplicated-branches -Wno-format-overflow -Wformat-truncation=2 -Wimplicit-fallthrough -Wrestrict -Warith-conversion -Wdouble-promotion -Wenum-conversion -Wpragmas -Wunused-const-variable -O3 -DNDEBUG -fPIC -fvisibility=hidden -Wno-dev -MD -MT _deps/curl-build/lib/CMakeFiles/libcurl_shared.dir/vauth/ntlm.c.o -MF _deps/curl-build/lib/CMakeFiles/libcurl_shared.dir/vauth/ntlm.c.o.d -o _deps/curl-build/lib/CMakeFiles/libcurl_shared.dir/vauth/ntlm.c.o -c /project/build/cp310-cp310-linux_x86_64/_deps/curl-src/lib/vauth/ntlm.c
[148/514] /opt/rh/devtoolset-10/root/usr/bin/gcc  -pthread -DBUILDING_LIBCURL -DCURL_HIDDEN_SYMBOLS -DHAVE_CONFIG_H -Dlibcurl_shared_EXPORTS -I/project/build/cp310-cp310-linux_x86_64/_deps/curl-src/include -I/project/build/cp310-cp310-linux_x86_64/_deps/curl-build/lib -I/project/build/cp310-cp310-linux_x86_64/_deps/curl-src/lib -Werror-implicit-function-declaration -W -Wall -pedantic -Wbad-function-cast -Wconversion -Winline -Wmissing-declarations -Wmissing-prototypes -Wnested-externs -Wno-long-long -Wno-multichar -Wpointer-arith -Wshadow -Wsign-compare -Wundef -Wunused -Wwrite-strings -Waddress -Wattributes -Wcast-align -Wdeclaration-after-statement -Wdiv-by-zero -Wempty-body -Wendif-labels -Wfloat-equal -Wformat-security -Wignored-qualifiers -Wmissing-field-initializers -Wmissing-noreturn -Wno-format-nonliteral -Wno-system-headers -Wold-style-definition -Wredundant-decls -Wsign-conversion -Wno-error=sign-conversion -Wstrict-prototypes -Wtype-limits -Wunreachable-code -Wunused-parameter -Wvla -Wclobbered -Wmissing-parameter-type -Wold-style-declaration -Wstrict-aliasing=3 -Wtrampolines -Wformat=2 -Warray-bounds=2 -ftree-vrp -Wduplicated-cond -Wnull-dereference -fdelete-null-pointer-checks -Wshift-negative-value -Wshift-overflow=2 -Walloc-zero -Wduplicated-branches -Wno-format-overflow -Wformat-truncation=2 -Wimplicit-fallthrough -Wrestrict -Warith-conversion -Wdouble-promotion -Wenum-conversion -Wpragmas -Wunused-const-variable -O3 -DNDEBUG -fPIC -fvisibility=hidden -Wno-dev -MD -MT _deps/curl-build/lib/CMakeFiles/libcurl_shared.dir/vauth/vauth.c.o -MF _deps/curl-build/lib/CMakeFiles/libcurl_shared.dir/vauth/vauth.c.o.d -o _deps/curl-build/lib/CMakeFiles/libcurl_shared.dir/vauth/vauth.c.o -c /project/build/cp310-cp310-linux_x86_64/_deps/curl-src/lib/vauth/vauth.c
[149/514] /opt/rh/devtoolset-10/root/usr/bin/gcc  -pthread -DBUILDING_LIBCURL -DCURL_HIDDEN_SYMBOLS -DHAVE_CONFIG_H -Dlibcurl_shared_EXPORTS -I/project/build/cp310-cp310-linux_x86_64/_deps/curl-src/include -I/project/build/cp310-cp310-linux_x86_64/_deps/curl-build/lib -I/project/build/cp310-cp310-linux_x86_64/_deps/curl-src/lib -Werror-implicit-function-declaration -W -Wall -pedantic -Wbad-function-cast -Wconversion -Winline -Wmissing-declarations -Wmissing-prototypes -Wnested-externs -Wno-long-long -Wno-multichar -Wpointer-arith -Wshadow -Wsign-compare -Wundef -Wunused -Wwrite-strings -Waddress -Wattributes -Wcast-align -Wdeclaration-after-statement -Wdiv-by-zero -Wempty-body -Wendif-labels -Wfloat-equal -Wformat-security -Wignored-qualifiers -Wmissing-field-initializers -Wmissing-noreturn -Wno-format-nonliteral -Wno-system-headers -Wold-style-definition -Wredundant-decls -Wsign-conversion -Wno-error=sign-conversion -Wstrict-prototypes -Wtype-limits -Wunreachable-code -Wunused-parameter -Wvla -Wclobbered -Wmissing-parameter-type -Wold-style-declaration -Wstrict-aliasing=3 -Wtrampolines -Wformat=2 -Warray-bounds=2 -ftree-vrp -Wduplicated-cond -Wnull-dereference -fdelete-null-pointer-checks -Wshift-negative-value -Wshift-overflow=2 -Walloc-zero -Wduplicated-branches -Wno-format-overflow -Wformat-truncation=2 -Wimplicit-fallthrough -Wrestrict -Warith-conversion -Wdouble-promotion -Wenum-conversion -Wpragmas -Wunused-const-variable -O3 -DNDEBUG -fPIC -fvisibility=hidden -Wno-dev -MD -MT _deps/curl-build/lib/CMakeFiles/libcurl_shared.dir/vtls/cipher_suite.c.o -MF _deps/curl-build/lib/CMakeFiles/libcurl_shared.dir/vtls/cipher_suite.c.o.d -o _deps/curl-build/lib/CMakeFiles/libcurl_shared.dir/vtls/cipher_suite.c.o -c /project/build/cp310-cp310-linux_x86_64/_deps/curl-src/lib/vtls/cipher_suite.c
[150/514] /opt/rh/devtoolset-10/root/usr/bin/gcc  -pthread -DBUILDING_LIBCURL -DCURL_HIDDEN_SYMBOLS -DHAVE_CONFIG_H -Dlibcurl_shared_EXPORTS -I/project/build/cp310-cp310-linux_x86_64/_deps/curl-src/include -I/project/build/cp310-cp310-linux_x86_64/_deps/curl-build/lib -I/project/build/cp310-cp310-linux_x86_64/_deps/curl-src/lib -Werror-implicit-function-declaration -W -Wall -pedantic -Wbad-function-cast -Wconversion -Winline -Wmissing-declarations -Wmissing-prototypes -Wnested-externs -Wno-long-long -Wno-multichar -Wpointer-arith -Wshadow -Wsign-compare -Wundef -Wunused -Wwrite-strings -Waddress -Wattributes -Wcast-align -Wdeclaration-after-statement -Wdiv-by-zero -Wempty-body -Wendif-labels -Wfloat-equal -Wformat-security -Wignored-qualifiers -Wmissing-field-initializers -Wmissing-noreturn -Wno-format-nonliteral -Wno-system-headers -Wold-style-definition -Wredundant-decls -Wsign-conversion -Wno-error=sign-conversion -Wstrict-prototypes -Wtype-limits -Wunreachable-code -Wunused-parameter -Wvla -Wclobbered -Wmissing-parameter-type -Wold-style-declaration -Wstrict-aliasing=3 -Wtrampolines -Wformat=2 -Warray-bounds=2 -ftree-vrp -Wduplicated-cond -Wnull-dereference -fdelete-null-pointer-checks -Wshift-negative-value -Wshift-overflow=2 -Walloc-zero -Wduplicated-branches -Wno-format-overflow -Wformat-truncation=2 -Wimplicit-fallthrough -Wrestrict -Warith-conversion -Wdouble-promotion -Wenum-conversion -Wpragmas -Wunused-const-variable -O3 -DNDEBUG -fPIC -fvisibility=hidden -Wno-dev -MD -MT _deps/curl-build/lib/CMakeFiles/libcurl_shared.dir/vtls/gtls.c.o -MF _deps/curl-build/lib/CMakeFiles/libcurl_shared.dir/vtls/gtls.c.o.d -o _deps/curl-build/lib/CMakeFiles/libcurl_shared.dir/vtls/gtls.c.o -c /project/build/cp310-cp310-linux_x86_64/_deps/curl-src/lib/vtls/gtls.c
[151/514] /opt/rh/devtoolset-10/root/usr/bin/gcc  -pthread -DBUILDING_LIBCURL -DCURL_HIDDEN_SYMBOLS -DHAVE_CONFIG_H -Dlibcurl_shared_EXPORTS -I/project/build/cp310-cp310-linux_x86_64/_deps/curl-src/include -I/project/build/cp310-cp310-linux_x86_64/_deps/curl-build/lib -I/project/build/cp310-cp310-linux_x86_64/_deps/curl-src/lib -Werror-implicit-function-declaration -W -Wall -pedantic -Wbad-function-cast -Wconversion -Winline -Wmissing-declarations -Wmissing-prototypes -Wnested-externs -Wno-long-long -Wno-multichar -Wpointer-arith -Wshadow -Wsign-compare -Wundef -Wunused -Wwrite-strings -Waddress -Wattributes -Wcast-align -Wdeclaration-after-statement -Wdiv-by-zero -Wempty-body -Wendif-labels -Wfloat-equal -Wformat-security -Wignored-qualifiers -Wmissing-field-initializers -Wmissing-noreturn -Wno-format-nonliteral -Wno-system-headers -Wold-style-definition -Wredundant-decls -Wsign-conversion -Wno-error=sign-conversion -Wstrict-prototypes -Wtype-limits -Wunreachable-code -Wunused-parameter -Wvla -Wclobbered -Wmissing-parameter-type -Wold-style-declaration -Wstrict-aliasing=3 -Wtrampolines -Wformat=2 -Warray-bounds=2 -ftree-vrp -Wduplicated-cond -Wnull-dereference -fdelete-null-pointer-checks -Wshift-negative-value -Wshift-overflow=2 -Walloc-zero -Wduplicated-branches -Wno-format-overflow -Wformat-truncation=2 -Wimplicit-fallthrough -Wrestrict -Warith-conversion -Wdouble-promotion -Wenum-conversion -Wpragmas -Wunused-const-variable -O3 -DNDEBUG -fPIC -fvisibility=hidden -Wno-dev -MD -MT _deps/curl-build/lib/CMakeFiles/libcurl_shared.dir/telnet.c.o -MF _deps/curl-build/lib/CMakeFiles/libcurl_shared.dir/telnet.c.o.d -o _deps/curl-build/lib/CMakeFiles/libcurl_shared.dir/telnet.c.o -c /project/build/cp310-cp310-linux_x86_64/_deps/curl-src/lib/telnet.c
[152/514] /opt/rh/devtoolset-10/root/usr/bin/gcc  -pthread -DBUILDING_LIBCURL -DCURL_HIDDEN_SYMBOLS -DHAVE_CONFIG_H -Dlibcurl_shared_EXPORTS -I/project/build/cp310-cp310-linux_x86_64/_deps/curl-src/include -I/project/build/cp310-cp310-linux_x86_64/_deps/curl-build/lib -I/project/build/cp310-cp310-linux_x86_64/_deps/curl-src/lib -Werror-implicit-function-declaration -W -Wall -pedantic -Wbad-function-cast -Wconversion -Winline -Wmissing-declarations -Wmissing-prototypes -Wnested-externs -Wno-long-long -Wno-multichar -Wpointer-arith -Wshadow -Wsign-compare -Wundef -Wunused -Wwrite-strings -Waddress -Wattributes -Wcast-align -Wdeclaration-after-statement -Wdiv-by-zero -Wempty-body -Wendif-labels -Wfloat-equal -Wformat-security -Wignored-qualifiers -Wmissing-field-initializers -Wmissing-noreturn -Wno-format-nonliteral -Wno-system-headers -Wold-style-definition -Wredundant-decls -Wsign-conversion -Wno-error=sign-conversion -Wstrict-prototypes -Wtype-limits -Wunreachable-code -Wunused-parameter -Wvla -Wclobbered -Wmissing-parameter-type -Wold-style-declaration -Wstrict-aliasing=3 -Wtrampolines -Wformat=2 -Warray-bounds=2 -ftree-vrp -Wduplicated-cond -Wnull-dereference -fdelete-null-pointer-checks -Wshift-negative-value -Wshift-overflow=2 -Walloc-zero -Wduplicated-branches -Wno-format-overflow -Wformat-truncation=2 -Wimplicit-fallthrough -Wrestrict -Warith-conversion -Wdouble-promotion -Wenum-conversion -Wpragmas -Wunused-const-variable -O3 -DNDEBUG -fPIC -fvisibility=hidden -Wno-dev -MD -MT _deps/curl-build/lib/CMakeFiles/libcurl_shared.dir/vtls/hostcheck.c.o -MF _deps/curl-build/lib/CMakeFiles/libcurl_shared.dir/vtls/hostcheck.c.o.d -o _deps/curl-build/lib/CMakeFiles/libcurl_shared.dir/vtls/hostcheck.c.o -c /project/build/cp310-cp310-linux_x86_64/_deps/curl-src/lib/vtls/hostcheck.c
[153/514] /opt/rh/devtoolset-10/root/usr/bin/gcc  -pthread -DBUILDING_LIBCURL -DCURL_HIDDEN_SYMBOLS -DHAVE_CONFIG_H -Dlibcurl_shared_EXPORTS -I/project/build/cp310-cp310-linux_x86_64/_deps/curl-src/include -I/project/build/cp310-cp310-linux_x86_64/_deps/curl-build/lib -I/project/build/cp310-cp310-linux_x86_64/_deps/curl-src/lib -Werror-implicit-function-declaration -W -Wall -pedantic -Wbad-function-cast -Wconversion -Winline -Wmissing-declarations -Wmissing-prototypes -Wnested-externs -Wno-long-long -Wno-multichar -Wpointer-arith -Wshadow -Wsign-compare -Wundef -Wunused -Wwrite-strings -Waddress -Wattributes -Wcast-align -Wdeclaration-after-statement -Wdiv-by-zero -Wempty-body -Wendif-labels -Wfloat-equal -Wformat-security -Wignored-qualifiers -Wmissing-field-initializers -Wmissing-noreturn -Wno-format-nonliteral -Wno-system-headers -Wold-style-definition -Wredundant-decls -Wsign-conversion -Wno-error=sign-conversion -Wstrict-prototypes -Wtype-limits -Wunreachable-code -Wunused-parameter -Wvla -Wclobbered -Wmissing-parameter-type -Wold-style-declaration -Wstrict-aliasing=3 -Wtrampolines -Wformat=2 -Warray-bounds=2 -ftree-vrp -Wduplicated-cond -Wnull-dereference -fdelete-null-pointer-checks -Wshift-negative-value -Wshift-overflow=2 -Walloc-zero -Wduplicated-branches -Wno-format-overflow -Wformat-truncation=2 -Wimplicit-fallthrough -Wrestrict -Warith-conversion -Wdouble-promotion -Wenum-conversion -Wpragmas -Wunused-const-variable -O3 -DNDEBUG -fPIC -fvisibility=hidden -Wno-dev -MD -MT _deps/curl-build/lib/CMakeFiles/libcurl_shared.dir/vtls/mbedtls.c.o -MF _deps/curl-build/lib/CMakeFiles/libcurl_shared.dir/vtls/mbedtls.c.o.d -o _deps/curl-build/lib/CMakeFiles/libcurl_shared.dir/vtls/mbedtls.c.o -c /project/build/cp310-cp310-linux_x86_64/_deps/curl-src/lib/vtls/mbedtls.c
[154/514] /opt/rh/devtoolset-10/root/usr/bin/gcc  -pthread -DBUILDING_LIBCURL -DCURL_HIDDEN_SYMBOLS -DHAVE_CONFIG_H -Dlibcurl_shared_EXPORTS -I/project/build/cp310-cp310-linux_x86_64/_deps/curl-src/include -I/project/build/cp310-cp310-linux_x86_64/_deps/curl-build/lib -I/project/build/cp310-cp310-linux_x86_64/_deps/curl-src/lib -Werror-implicit-function-declaration -W -Wall -pedantic -Wbad-function-cast -Wconversion -Winline -Wmissing-declarations -Wmissing-prototypes -Wnested-externs -Wno-long-long -Wno-multichar -Wpointer-arith -Wshadow -Wsign-compare -Wundef -Wunused -Wwrite-strings -Waddress -Wattributes -Wcast-align -Wdeclaration-after-statement -Wdiv-by-zero -Wempty-body -Wendif-labels -Wfloat-equal -Wformat-security -Wignored-qualifiers -Wmissing-field-initializers -Wmissing-noreturn -Wno-format-nonliteral -Wno-system-headers -Wold-style-definition -Wredundant-decls -Wsign-conversion -Wno-error=sign-conversion -Wstrict-prototypes -Wtype-limits -Wunreachable-code -Wunused-parameter -Wvla -Wclobbered -Wmissing-parameter-type -Wold-style-declaration -Wstrict-aliasing=3 -Wtrampolines -Wformat=2 -Warray-bounds=2 -ftree-vrp -Wduplicated-cond -Wnull-dereference -fdelete-null-pointer-checks -Wshift-negative-value -Wshift-overflow=2 -Walloc-zero -Wduplicated-branches -Wno-format-overflow -Wformat-truncation=2 -Wimplicit-fallthrough -Wrestrict -Warith-conversion -Wdouble-promotion -Wenum-conversion -Wpragmas -Wunused-const-variable -O3 -DNDEBUG -fPIC -fvisibility=hidden -Wno-dev -MD -MT _deps/curl-build/lib/CMakeFiles/libcurl_shared.dir/vtls/mbedtls_threadlock.c.o -MF _deps/curl-build/lib/CMakeFiles/libcurl_shared.dir/vtls/mbedtls_threadlock.c.o.d -o _deps/curl-build/lib/CMakeFiles/libcurl_shared.dir/vtls/mbedtls_threadlock.c.o -c /project/build/cp310-cp310-linux_x86_64/_deps/curl-src/lib/vtls/mbedtls_threadlock.c
[155/514] /opt/rh/devtoolset-10/root/usr/bin/gcc  -pthread -DBUILDING_LIBCURL -DCURL_HIDDEN_SYMBOLS -DHAVE_CONFIG_H -Dlibcurl_shared_EXPORTS -I/project/build/cp310-cp310-linux_x86_64/_deps/curl-src/include -I/project/build/cp310-cp310-linux_x86_64/_deps/curl-build/lib -I/project/build/cp310-cp310-linux_x86_64/_deps/curl-src/lib -Werror-implicit-function-declaration -W -Wall -pedantic -Wbad-function-cast -Wconversion -Winline -Wmissing-declarations -Wmissing-prototypes -Wnested-externs -Wno-long-long -Wno-multichar -Wpointer-arith -Wshadow -Wsign-compare -Wundef -Wunused -Wwrite-strings -Waddress -Wattributes -Wcast-align -Wdeclaration-after-statement -Wdiv-by-zero -Wempty-body -Wendif-labels -Wfloat-equal -Wformat-security -Wignored-qualifiers -Wmissing-field-initializers -Wmissing-noreturn -Wno-format-nonliteral -Wno-system-headers -Wold-style-definition -Wredundant-decls -Wsign-conversion -Wno-error=sign-conversion -Wstrict-prototypes -Wtype-limits -Wunreachable-code -Wunused-parameter -Wvla -Wclobbered -Wmissing-parameter-type -Wold-style-declaration -Wstrict-aliasing=3 -Wtrampolines -Wformat=2 -Warray-bounds=2 -ftree-vrp -Wduplicated-cond -Wnull-dereference -fdelete-null-pointer-checks -Wshift-negative-value -Wshift-overflow=2 -Walloc-zero -Wduplicated-branches -Wno-format-overflow -Wformat-truncation=2 -Wimplicit-fallthrough -Wrestrict -Warith-conversion -Wdouble-promotion -Wenum-conversion -Wpragmas -Wunused-const-variable -O3 -DNDEBUG -fPIC -fvisibility=hidden -Wno-dev -MD -MT _deps/curl-build/lib/CMakeFiles/libcurl_shared.dir/vtls/rustls.c.o -MF _deps/curl-build/lib/CMakeFiles/libcurl_shared.dir/vtls/rustls.c.o.d -o _deps/curl-build/lib/CMakeFiles/libcurl_shared.dir/vtls/rustls.c.o -c /project/build/cp310-cp310-linux_x86_64/_deps/curl-src/lib/vtls/rustls.c
[156/514] /opt/rh/devtoolset-10/root/usr/bin/gcc  -pthread -DBUILDING_LIBCURL -DCURL_HIDDEN_SYMBOLS -DHAVE_CONFIG_H -Dlibcurl_shared_EXPORTS -I/project/build/cp310-cp310-linux_x86_64/_deps/curl-src/include -I/project/build/cp310-cp310-linux_x86_64/_deps/curl-build/lib -I/project/build/cp310-cp310-linux_x86_64/_deps/curl-src/lib -Werror-implicit-function-declaration -W -Wall -pedantic -Wbad-function-cast -Wconversion -Winline -Wmissing-declarations -Wmissing-prototypes -Wnested-externs -Wno-long-long -Wno-multichar -Wpointer-arith -Wshadow -Wsign-compare -Wundef -Wunused -Wwrite-strings -Waddress -Wattributes -Wcast-align -Wdeclaration-after-statement -Wdiv-by-zero -Wempty-body -Wendif-labels -Wfloat-equal -Wformat-security -Wignored-qualifiers -Wmissing-field-initializers -Wmissing-noreturn -Wno-format-nonliteral -Wno-system-headers -Wold-style-definition -Wredundant-decls -Wsign-conversion -Wno-error=sign-conversion -Wstrict-prototypes -Wtype-limits -Wunreachable-code -Wunused-parameter -Wvla -Wclobbered -Wmissing-parameter-type -Wold-style-declaration -Wstrict-aliasing=3 -Wtrampolines -Wformat=2 -Warray-bounds=2 -ftree-vrp -Wduplicated-cond -Wnull-dereference -fdelete-null-pointer-checks -Wshift-negative-value -Wshift-overflow=2 -Walloc-zero -Wduplicated-branches -Wno-format-overflow -Wformat-truncation=2 -Wimplicit-fallthrough -Wrestrict -Warith-conversion -Wdouble-promotion -Wenum-conversion -Wpragmas -Wunused-const-variable -O3 -DNDEBUG -fPIC -fvisibility=hidden -Wno-dev -MD -MT _deps/curl-build/lib/CMakeFiles/libcurl_shared.dir/urlapi.c.o -MF _deps/curl-build/lib/CMakeFiles/libcurl_shared.dir/urlapi.c.o.d -o _deps/curl-build/lib/CMakeFiles/libcurl_shared.dir/urlapi.c.o -c /project/build/cp310-cp310-linux_x86_64/_deps/curl-src/lib/urlapi.c
[157/514] /opt/rh/devtoolset-10/root/usr/bin/gcc  -pthread -DBUILDING_LIBCURL -DCURL_HIDDEN_SYMBOLS -DHAVE_CONFIG_H -Dlibcurl_shared_EXPORTS -I/project/build/cp310-cp310-linux_x86_64/_deps/curl-src/include -I/project/build/cp310-cp310-linux_x86_64/_deps/curl-build/lib -I/project/build/cp310-cp310-linux_x86_64/_deps/curl-src/lib -Werror-implicit-function-declaration -W -Wall -pedantic -Wbad-function-cast -Wconversion -Winline -Wmissing-declarations -Wmissing-prototypes -Wnested-externs -Wno-long-long -Wno-multichar -Wpointer-arith -Wshadow -Wsign-compare -Wundef -Wunused -Wwrite-strings -Waddress -Wattributes -Wcast-align -Wdeclaration-after-statement -Wdiv-by-zero -Wempty-body -Wendif-labels -Wfloat-equal -Wformat-security -Wignored-qualifiers -Wmissing-field-initializers -Wmissing-noreturn -Wno-format-nonliteral -Wno-system-headers -Wold-style-definition -Wredundant-decls -Wsign-conversion -Wno-error=sign-conversion -Wstrict-prototypes -Wtype-limits -Wunreachable-code -Wunused-parameter -Wvla -Wclobbered -Wmissing-parameter-type -Wold-style-declaration -Wstrict-aliasing=3 -Wtrampolines -Wformat=2 -Warray-bounds=2 -ftree-vrp -Wduplicated-cond -Wnull-dereference -fdelete-null-pointer-checks -Wshift-negative-value -Wshift-overflow=2 -Walloc-zero -Wduplicated-branches -Wno-format-overflow -Wformat-truncation=2 -Wimplicit-fallthrough -Wrestrict -Warith-conversion -Wdouble-promotion -Wenum-conversion -Wpragmas -Wunused-const-variable -O3 -DNDEBUG -fPIC -fvisibility=hidden -Wno-dev -MD -MT _deps/curl-build/lib/CMakeFiles/libcurl_shared.dir/vtls/sectransp.c.o -MF _deps/curl-build/lib/CMakeFiles/libcurl_shared.dir/vtls/sectransp.c.o.d -o _deps/curl-build/lib/CMakeFiles/libcurl_shared.dir/vtls/sectransp.c.o -c /project/build/cp310-cp310-linux_x86_64/_deps/curl-src/lib/vtls/sectransp.c
[158/514] /opt/rh/devtoolset-10/root/usr/bin/gcc  -pthread -DBUILDING_LIBCURL -DCURL_HIDDEN_SYMBOLS -DHAVE_CONFIG_H -Dlibcurl_shared_EXPORTS -I/project/build/cp310-cp310-linux_x86_64/_deps/curl-src/include -I/project/build/cp310-cp310-linux_x86_64/_deps/curl-build/lib -I/project/build/cp310-cp310-linux_x86_64/_deps/curl-src/lib -Werror-implicit-function-declaration -W -Wall -pedantic -Wbad-function-cast -Wconversion -Winline -Wmissing-declarations -Wmissing-prototypes -Wnested-externs -Wno-long-long -Wno-multichar -Wpointer-arith -Wshadow -Wsign-compare -Wundef -Wunused -Wwrite-strings -Waddress -Wattributes -Wcast-align -Wdeclaration-after-statement -Wdiv-by-zero -Wempty-body -Wendif-labels -Wfloat-equal -Wformat-security -Wignored-qualifiers -Wmissing-field-initializers -Wmissing-noreturn -Wno-format-nonliteral -Wno-system-headers -Wold-style-definition -Wredundant-decls -Wsign-conversion -Wno-error=sign-conversion -Wstrict-prototypes -Wtype-limits -Wunreachable-code -Wunused-parameter -Wvla -Wclobbered -Wmissing-parameter-type -Wold-style-declaration -Wstrict-aliasing=3 -Wtrampolines -Wformat=2 -Warray-bounds=2 -ftree-vrp -Wduplicated-cond -Wnull-dereference -fdelete-null-pointer-checks -Wshift-negative-value -Wshift-overflow=2 -Walloc-zero -Wduplicated-branches -Wno-format-overflow -Wformat-truncation=2 -Wimplicit-fallthrough -Wrestrict -Warith-conversion -Wdouble-promotion -Wenum-conversion -Wpragmas -Wunused-const-variable -O3 -DNDEBUG -fPIC -fvisibility=hidden -Wno-dev -MD -MT _deps/curl-build/lib/CMakeFiles/libcurl_shared.dir/vtls/schannel.c.o -MF _deps/curl-build/lib/CMakeFiles/libcurl_shared.dir/vtls/schannel.c.o.d -o _deps/curl-build/lib/CMakeFiles/libcurl_shared.dir/vtls/schannel.c.o -c /project/build/cp310-cp310-linux_x86_64/_deps/curl-src/lib/vtls/schannel.c
[159/514] /opt/rh/devtoolset-10/root/usr/bin/gcc  -pthread -DBUILDING_LIBCURL -DCURL_HIDDEN_SYMBOLS -DHAVE_CONFIG_H -Dlibcurl_shared_EXPORTS -I/project/build/cp310-cp310-linux_x86_64/_deps/curl-src/include -I/project/build/cp310-cp310-linux_x86_64/_deps/curl-build/lib -I/project/build/cp310-cp310-linux_x86_64/_deps/curl-src/lib -Werror-implicit-function-declaration -W -Wall -pedantic -Wbad-function-cast -Wconversion -Winline -Wmissing-declarations -Wmissing-prototypes -Wnested-externs -Wno-long-long -Wno-multichar -Wpointer-arith -Wshadow -Wsign-compare -Wundef -Wunused -Wwrite-strings -Waddress -Wattributes -Wcast-align -Wdeclaration-after-statement -Wdiv-by-zero -Wempty-body -Wendif-labels -Wfloat-equal -Wformat-security -Wignored-qualifiers -Wmissing-field-initializers -Wmissing-noreturn -Wno-format-nonliteral -Wno-system-headers -Wold-style-definition -Wredundant-decls -Wsign-conversion -Wno-error=sign-conversion -Wstrict-prototypes -Wtype-limits -Wunreachable-code -Wunused-parameter -Wvla -Wclobbered -Wmissing-parameter-type -Wold-style-declaration -Wstrict-aliasing=3 -Wtrampolines -Wformat=2 -Warray-bounds=2 -ftree-vrp -Wduplicated-cond -Wnull-dereference -fdelete-null-pointer-checks -Wshift-negative-value -Wshift-overflow=2 -Walloc-zero -Wduplicated-branches -Wno-format-overflow -Wformat-truncation=2 -Wimplicit-fallthrough -Wrestrict -Warith-conversion -Wdouble-promotion -Wenum-conversion -Wpragmas -Wunused-const-variable -O3 -DNDEBUG -fPIC -fvisibility=hidden -Wno-dev -MD -MT _deps/curl-build/lib/CMakeFiles/libcurl_shared.dir/vtls/schannel_verify.c.o -MF _deps/curl-build/lib/CMakeFiles/libcurl_shared.dir/vtls/schannel_verify.c.o.d -o _deps/curl-build/lib/CMakeFiles/libcurl_shared.dir/vtls/schannel_verify.c.o -c /project/build/cp310-cp310-linux_x86_64/_deps/curl-src/lib/vtls/schannel_verify.c
[160/514] /opt/rh/devtoolset-10/root/usr/bin/gcc  -pthread -DBUILDING_LIBCURL -DCURL_HIDDEN_SYMBOLS -DHAVE_CONFIG_H -Dlibcurl_shared_EXPORTS -I/project/build/cp310-cp310-linux_x86_64/_deps/curl-src/include -I/project/build/cp310-cp310-linux_x86_64/_deps/curl-build/lib -I/project/build/cp310-cp310-linux_x86_64/_deps/curl-src/lib -Werror-implicit-function-declaration -W -Wall -pedantic -Wbad-function-cast -Wconversion -Winline -Wmissing-declarations -Wmissing-prototypes -Wnested-externs -Wno-long-long -Wno-multichar -Wpointer-arith -Wshadow -Wsign-compare -Wundef -Wunused -Wwrite-strings -Waddress -Wattributes -Wcast-align -Wdeclaration-after-statement -Wdiv-by-zero -Wempty-body -Wendif-labels -Wfloat-equal -Wformat-security -Wignored-qualifiers -Wmissing-field-initializers -Wmissing-noreturn -Wno-format-nonliteral -Wno-system-headers -Wold-style-definition -Wredundant-decls -Wsign-conversion -Wno-error=sign-conversion -Wstrict-prototypes -Wtype-limits -Wunreachable-code -Wunused-parameter -Wvla -Wclobbered -Wmissing-parameter-type -Wold-style-declaration -Wstrict-aliasing=3 -Wtrampolines -Wformat=2 -Warray-bounds=2 -ftree-vrp -Wduplicated-cond -Wnull-dereference -fdelete-null-pointer-checks -Wshift-negative-value -Wshift-overflow=2 -Walloc-zero -Wduplicated-branches -Wno-format-overflow -Wformat-truncation=2 -Wimplicit-fallthrough -Wrestrict -Warith-conversion -Wdouble-promotion -Wenum-conversion -Wpragmas -Wunused-const-variable -O3 -DNDEBUG -fPIC -fvisibility=hidden -Wno-dev -MD -MT _deps/curl-build/lib/CMakeFiles/libcurl_shared.dir/vtls/keylog.c.o -MF _deps/curl-build/lib/CMakeFiles/libcurl_shared.dir/vtls/keylog.c.o.d -o _deps/curl-build/lib/CMakeFiles/libcurl_shared.dir/vtls/keylog.c.o -c /project/build/cp310-cp310-linux_x86_64/_deps/curl-src/lib/vtls/keylog.c
[161/514] /opt/rh/devtoolset-10/root/usr/bin/gcc  -pthread -DBUILDING_LIBCURL -DCURL_HIDDEN_SYMBOLS -DHAVE_CONFIG_H -Dlibcurl_shared_EXPORTS -I/project/build/cp310-cp310-linux_x86_64/_deps/curl-src/include -I/project/build/cp310-cp310-linux_x86_64/_deps/curl-build/lib -I/project/build/cp310-cp310-linux_x86_64/_deps/curl-src/lib -Werror-implicit-function-declaration -W -Wall -pedantic -Wbad-function-cast -Wconversion -Winline -Wmissing-declarations -Wmissing-prototypes -Wnested-externs -Wno-long-long -Wno-multichar -Wpointer-arith -Wshadow -Wsign-compare -Wundef -Wunused -Wwrite-strings -Waddress -Wattributes -Wcast-align -Wdeclaration-after-statement -Wdiv-by-zero -Wempty-body -Wendif-labels -Wfloat-equal -Wformat-security -Wignored-qualifiers -Wmissing-field-initializers -Wmissing-noreturn -Wno-format-nonliteral -Wno-system-headers -Wold-style-definition -Wredundant-decls -Wsign-conversion -Wno-error=sign-conversion -Wstrict-prototypes -Wtype-limits -Wunreachable-code -Wunused-parameter -Wvla -Wclobbered -Wmissing-parameter-type -Wold-style-declaration -Wstrict-aliasing=3 -Wtrampolines -Wformat=2 -Warray-bounds=2 -ftree-vrp -Wduplicated-cond -Wnull-dereference -fdelete-null-pointer-checks -Wshift-negative-value -Wshift-overflow=2 -Walloc-zero -Wduplicated-branches -Wno-format-overflow -Wformat-truncation=2 -Wimplicit-fallthrough -Wrestrict -Warith-conversion -Wdouble-promotion -Wenum-conversion -Wpragmas -Wunused-const-variable -O3 -DNDEBUG -fPIC -fvisibility=hidden -Wno-dev -MD -MT _deps/curl-build/lib/CMakeFiles/libcurl_shared.dir/vtls/wolfssl.c.o -MF _deps/curl-build/lib/CMakeFiles/libcurl_shared.dir/vtls/wolfssl.c.o.d -o _deps/curl-build/lib/CMakeFiles/libcurl_shared.dir/vtls/wolfssl.c.o -c /project/build/cp310-cp310-linux_x86_64/_deps/curl-src/lib/vtls/wolfssl.c
[162/514] /opt/rh/devtoolset-10/root/usr/bin/gcc  -pthread -DBUILDING_LIBCURL -DCURL_HIDDEN_SYMBOLS -DHAVE_CONFIG_H -Dlibcurl_shared_EXPORTS -I/project/build/cp310-cp310-linux_x86_64/_deps/curl-src/include -I/project/build/cp310-cp310-linux_x86_64/_deps/curl-build/lib -I/project/build/cp310-cp310-linux_x86_64/_deps/curl-src/lib -Werror-implicit-function-declaration -W -Wall -pedantic -Wbad-function-cast -Wconversion -Winline -Wmissing-declarations -Wmissing-prototypes -Wnested-externs -Wno-long-long -Wno-multichar -Wpointer-arith -Wshadow -Wsign-compare -Wundef -Wunused -Wwrite-strings -Waddress -Wattributes -Wcast-align -Wdeclaration-after-statement -Wdiv-by-zero -Wempty-body -Wendif-labels -Wfloat-equal -Wformat-security -Wignored-qualifiers -Wmissing-field-initializers -Wmissing-noreturn -Wno-format-nonliteral -Wno-system-headers -Wold-style-definition -Wredundant-decls -Wsign-conversion -Wno-error=sign-conversion -Wstrict-prototypes -Wtype-limits -Wunreachable-code -Wunused-parameter -Wvla -Wclobbered -Wmissing-parameter-type -Wold-style-declaration -Wstrict-aliasing=3 -Wtrampolines -Wformat=2 -Warray-bounds=2 -ftree-vrp -Wduplicated-cond -Wnull-dereference -fdelete-null-pointer-checks -Wshift-negative-value -Wshift-overflow=2 -Walloc-zero -Wduplicated-branches -Wno-format-overflow -Wformat-truncation=2 -Wimplicit-fallthrough -Wrestrict -Warith-conversion -Wdouble-promotion -Wenum-conversion -Wpragmas -Wunused-const-variable -O3 -DNDEBUG -fPIC -fvisibility=hidden -Wno-dev -MD -MT _deps/curl-build/lib/CMakeFiles/libcurl_shared.dir/vtls/x509asn1.c.o -MF _deps/curl-build/lib/CMakeFiles/libcurl_shared.dir/vtls/x509asn1.c.o.d -o _deps/curl-build/lib/CMakeFiles/libcurl_shared.dir/vtls/x509asn1.c.o -c /project/build/cp310-cp310-linux_x86_64/_deps/curl-src/lib/vtls/x509asn1.c
[163/514] /opt/rh/devtoolset-10/root/usr/bin/gcc  -pthread -DBUILDING_LIBCURL -DCURL_HIDDEN_SYMBOLS -DHAVE_CONFIG_H -Dlibcurl_shared_EXPORTS -I/project/build/cp310-cp310-linux_x86_64/_deps/curl-src/include -I/project/build/cp310-cp310-linux_x86_64/_deps/curl-build/lib -I/project/build/cp310-cp310-linux_x86_64/_deps/curl-src/lib -Werror-implicit-function-declaration -W -Wall -pedantic -Wbad-function-cast -Wconversion -Winline -Wmissing-declarations -Wmissing-prototypes -Wnested-externs -Wno-long-long -Wno-multichar -Wpointer-arith -Wshadow -Wsign-compare -Wundef -Wunused -Wwrite-strings -Waddress -Wattributes -Wcast-align -Wdeclaration-after-statement -Wdiv-by-zero -Wempty-body -Wendif-labels -Wfloat-equal -Wformat-security -Wignored-qualifiers -Wmissing-field-initializers -Wmissing-noreturn -Wno-format-nonliteral -Wno-system-headers -Wold-style-definition -Wredundant-decls -Wsign-conversion -Wno-error=sign-conversion -Wstrict-prototypes -Wtype-limits -Wunreachable-code -Wunused-parameter -Wvla -Wclobbered -Wmissing-parameter-type -Wold-style-declaration -Wstrict-aliasing=3 -Wtrampolines -Wformat=2 -Warray-bounds=2 -ftree-vrp -Wduplicated-cond -Wnull-dereference -fdelete-null-pointer-checks -Wshift-negative-value -Wshift-overflow=2 -Walloc-zero -Wduplicated-branches -Wno-format-overflow -Wformat-truncation=2 -Wimplicit-fallthrough -Wrestrict -Warith-conversion -Wdouble-promotion -Wenum-conversion -Wpragmas -Wunused-const-variable -O3 -DNDEBUG -fPIC -fvisibility=hidden -Wno-dev -MD -MT _deps/curl-build/lib/CMakeFiles/libcurl_shared.dir/vquic/curl_quiche.c.o -MF _deps/curl-build/lib/CMakeFiles/libcurl_shared.dir/vquic/curl_quiche.c.o.d -o _deps/curl-build/lib/CMakeFiles/libcurl_shared.dir/vquic/curl_quiche.c.o -c /project/build/cp310-cp310-linux_x86_64/_deps/curl-src/lib/vquic/curl_quiche.c
[164/514] /opt/rh/devtoolset-10/root/usr/bin/gcc  -pthread -DBUILDING_LIBCURL -DCURL_HIDDEN_SYMBOLS -DHAVE_CONFIG_H -Dlibcurl_shared_EXPORTS -I/project/build/cp310-cp310-linux_x86_64/_deps/curl-src/include -I/project/build/cp310-cp310-linux_x86_64/_deps/curl-build/lib -I/project/build/cp310-cp310-linux_x86_64/_deps/curl-src/lib -Werror-implicit-function-declaration -W -Wall -pedantic -Wbad-function-cast -Wconversion -Winline -Wmissing-declarations -Wmissing-prototypes -Wnested-externs -Wno-long-long -Wno-multichar -Wpointer-arith -Wshadow -Wsign-compare -Wundef -Wunused -Wwrite-strings -Waddress -Wattributes -Wcast-align -Wdeclaration-after-statement -Wdiv-by-zero -Wempty-body -Wendif-labels -Wfloat-equal -Wformat-security -Wignored-qualifiers -Wmissing-field-initializers -Wmissing-noreturn -Wno-format-nonliteral -Wno-system-headers -Wold-style-definition -Wredundant-decls -Wsign-conversion -Wno-error=sign-conversion -Wstrict-prototypes -Wtype-limits -Wunreachable-code -Wunused-parameter -Wvla -Wclobbered -Wmissing-parameter-type -Wold-style-declaration -Wstrict-aliasing=3 -Wtrampolines -Wformat=2 -Warray-bounds=2 -ftree-vrp -Wduplicated-cond -Wnull-dereference -fdelete-null-pointer-checks -Wshift-negative-value -Wshift-overflow=2 -Walloc-zero -Wduplicated-branches -Wno-format-overflow -Wformat-truncation=2 -Wimplicit-fallthrough -Wrestrict -Warith-conversion -Wdouble-promotion -Wenum-conversion -Wpragmas -Wunused-const-variable -O3 -DNDEBUG -fPIC -fvisibility=hidden -Wno-dev -MD -MT _deps/curl-build/lib/CMakeFiles/libcurl_shared.dir/vquic/curl_ngtcp2.c.o -MF _deps/curl-build/lib/CMakeFiles/libcurl_shared.dir/vquic/curl_ngtcp2.c.o.d -o _deps/curl-build/lib/CMakeFiles/libcurl_shared.dir/vquic/curl_ngtcp2.c.o -c /project/build/cp310-cp310-linux_x86_64/_deps/curl-src/lib/vquic/curl_ngtcp2.c
[165/514] /opt/rh/devtoolset-10/root/usr/bin/gcc  -pthread -DBUILDING_LIBCURL -DCURL_HIDDEN_SYMBOLS -DHAVE_CONFIG_H -Dlibcurl_shared_EXPORTS -I/project/build/cp310-cp310-linux_x86_64/_deps/curl-src/include -I/project/build/cp310-cp310-linux_x86_64/_deps/curl-build/lib -I/project/build/cp310-cp310-linux_x86_64/_deps/curl-src/lib -Werror-implicit-function-declaration -W -Wall -pedantic -Wbad-function-cast -Wconversion -Winline -Wmissing-declarations -Wmissing-prototypes -Wnested-externs -Wno-long-long -Wno-multichar -Wpointer-arith -Wshadow -Wsign-compare -Wundef -Wunused -Wwrite-strings -Waddress -Wattributes -Wcast-align -Wdeclaration-after-statement -Wdiv-by-zero -Wempty-body -Wendif-labels -Wfloat-equal -Wformat-security -Wignored-qualifiers -Wmissing-field-initializers -Wmissing-noreturn -Wno-format-nonliteral -Wno-system-headers -Wold-style-definition -Wredundant-decls -Wsign-conversion -Wno-error=sign-conversion -Wstrict-prototypes -Wtype-limits -Wunreachable-code -Wunused-parameter -Wvla -Wclobbered -Wmissing-parameter-type -Wold-style-declaration -Wstrict-aliasing=3 -Wtrampolines -Wformat=2 -Warray-bounds=2 -ftree-vrp -Wduplicated-cond -Wnull-dereference -fdelete-null-pointer-checks -Wshift-negative-value -Wshift-overflow=2 -Walloc-zero -Wduplicated-branches -Wno-format-overflow -Wformat-truncation=2 -Wimplicit-fallthrough -Wrestrict -Warith-conversion -Wdouble-promotion -Wenum-conversion -Wpragmas -Wunused-const-variable -O3 -DNDEBUG -fPIC -fvisibility=hidden -Wno-dev -MD -MT _deps/curl-build/lib/CMakeFiles/libcurl_shared.dir/vquic/curl_msh3.c.o -MF _deps/curl-build/lib/CMakeFiles/libcurl_shared.dir/vquic/curl_msh3.c.o.d -o _deps/curl-build/lib/CMakeFiles/libcurl_shared.dir/vquic/curl_msh3.c.o -c /project/build/cp310-cp310-linux_x86_64/_deps/curl-src/lib/vquic/curl_msh3.c
[166/514] /opt/rh/devtoolset-10/root/usr/bin/gcc  -pthread -DBUILDING_LIBCURL -DCURL_HIDDEN_SYMBOLS -DHAVE_CONFIG_H -Dlibcurl_shared_EXPORTS -I/project/build/cp310-cp310-linux_x86_64/_deps/curl-src/include -I/project/build/cp310-cp310-linux_x86_64/_deps/curl-build/lib -I/project/build/cp310-cp310-linux_x86_64/_deps/curl-src/lib -Werror-implicit-function-declaration -W -Wall -pedantic -Wbad-function-cast -Wconversion -Winline -Wmissing-declarations -Wmissing-prototypes -Wnested-externs -Wno-long-long -Wno-multichar -Wpointer-arith -Wshadow -Wsign-compare -Wundef -Wunused -Wwrite-strings -Waddress -Wattributes -Wcast-align -Wdeclaration-after-statement -Wdiv-by-zero -Wempty-body -Wendif-labels -Wfloat-equal -Wformat-security -Wignored-qualifiers -Wmissing-field-initializers -Wmissing-noreturn -Wno-format-nonliteral -Wno-system-headers -Wold-style-definition -Wredundant-decls -Wsign-conversion -Wno-error=sign-conversion -Wstrict-prototypes -Wtype-limits -Wunreachable-code -Wunused-parameter -Wvla -Wclobbered -Wmissing-parameter-type -Wold-style-declaration -Wstrict-aliasing=3 -Wtrampolines -Wformat=2 -Warray-bounds=2 -ftree-vrp -Wduplicated-cond -Wnull-dereference -fdelete-null-pointer-checks -Wshift-negative-value -Wshift-overflow=2 -Walloc-zero -Wduplicated-branches -Wno-format-overflow -Wformat-truncation=2 -Wimplicit-fallthrough -Wrestrict -Warith-conversion -Wdouble-promotion -Wenum-conversion -Wpragmas -Wunused-const-variable -O3 -DNDEBUG -fPIC -fvisibility=hidden -Wno-dev -MD -MT _deps/curl-build/lib/CMakeFiles/libcurl_shared.dir/vquic/curl_osslq.c.o -MF _deps/curl-build/lib/CMakeFiles/libcurl_shared.dir/vquic/curl_osslq.c.o.d -o _deps/curl-build/lib/CMakeFiles/libcurl_shared.dir/vquic/curl_osslq.c.o -c /project/build/cp310-cp310-linux_x86_64/_deps/curl-src/lib/vquic/curl_osslq.c
[167/514] /opt/rh/devtoolset-10/root/usr/bin/gcc  -pthread -DBUILDING_LIBCURL -DCURL_HIDDEN_SYMBOLS -DHAVE_CONFIG_H -Dlibcurl_shared_EXPORTS -I/project/build/cp310-cp310-linux_x86_64/_deps/curl-src/include -I/project/build/cp310-cp310-linux_x86_64/_deps/curl-build/lib -I/project/build/cp310-cp310-linux_x86_64/_deps/curl-src/lib -Werror-implicit-function-declaration -W -Wall -pedantic -Wbad-function-cast -Wconversion -Winline -Wmissing-declarations -Wmissing-prototypes -Wnested-externs -Wno-long-long -Wno-multichar -Wpointer-arith -Wshadow -Wsign-compare -Wundef -Wunused -Wwrite-strings -Waddress -Wattributes -Wcast-align -Wdeclaration-after-statement -Wdiv-by-zero -Wempty-body -Wendif-labels -Wfloat-equal -Wformat-security -Wignored-qualifiers -Wmissing-field-initializers -Wmissing-noreturn -Wno-format-nonliteral -Wno-system-headers -Wold-style-definition -Wredundant-decls -Wsign-conversion -Wno-error=sign-conversion -Wstrict-prototypes -Wtype-limits -Wunreachable-code -Wunused-parameter -Wvla -Wclobbered -Wmissing-parameter-type -Wold-style-declaration -Wstrict-aliasing=3 -Wtrampolines -Wformat=2 -Warray-bounds=2 -ftree-vrp -Wduplicated-cond -Wnull-dereference -fdelete-null-pointer-checks -Wshift-negative-value -Wshift-overflow=2 -Walloc-zero -Wduplicated-branches -Wno-format-overflow -Wformat-truncation=2 -Wimplicit-fallthrough -Wrestrict -Warith-conversion -Wdouble-promotion -Wenum-conversion -Wpragmas -Wunused-const-variable -O3 -DNDEBUG -fPIC -fvisibility=hidden -Wno-dev -MD -MT _deps/curl-build/lib/CMakeFiles/libcurl_shared.dir/vquic/vquic.c.o -MF _deps/curl-build/lib/CMakeFiles/libcurl_shared.dir/vquic/vquic.c.o.d -o _deps/curl-build/lib/CMakeFiles/libcurl_shared.dir/vquic/vquic.c.o -c /project/build/cp310-cp310-linux_x86_64/_deps/curl-src/lib/vquic/vquic.c
[168/514] /opt/rh/devtoolset-10/root/usr/bin/gcc  -pthread -DBUILDING_LIBCURL -DCURL_HIDDEN_SYMBOLS -DHAVE_CONFIG_H -Dlibcurl_shared_EXPORTS -I/project/build/cp310-cp310-linux_x86_64/_deps/curl-src/include -I/project/build/cp310-cp310-linux_x86_64/_deps/curl-build/lib -I/project/build/cp310-cp310-linux_x86_64/_deps/curl-src/lib -Werror-implicit-function-declaration -W -Wall -pedantic -Wbad-function-cast -Wconversion -Winline -Wmissing-declarations -Wmissing-prototypes -Wnested-externs -Wno-long-long -Wno-multichar -Wpointer-arith -Wshadow -Wsign-compare -Wundef -Wunused -Wwrite-strings -Waddress -Wattributes -Wcast-align -Wdeclaration-after-statement -Wdiv-by-zero -Wempty-body -Wendif-labels -Wfloat-equal -Wformat-security -Wignored-qualifiers -Wmissing-field-initializers -Wmissing-noreturn -Wno-format-nonliteral -Wno-system-headers -Wold-style-definition -Wredundant-decls -Wsign-conversion -Wno-error=sign-conversion -Wstrict-prototypes -Wtype-limits -Wunreachable-code -Wunused-parameter -Wvla -Wclobbered -Wmissing-parameter-type -Wold-style-declaration -Wstrict-aliasing=3 -Wtrampolines -Wformat=2 -Warray-bounds=2 -ftree-vrp -Wduplicated-cond -Wnull-dereference -fdelete-null-pointer-checks -Wshift-negative-value -Wshift-overflow=2 -Walloc-zero -Wduplicated-branches -Wno-format-overflow -Wformat-truncation=2 -Wimplicit-fallthrough -Wrestrict -Warith-conversion -Wdouble-promotion -Wenum-conversion -Wpragmas -Wunused-const-variable -O3 -DNDEBUG -fPIC -fvisibility=hidden -Wno-dev -MD -MT _deps/curl-build/lib/CMakeFiles/libcurl_shared.dir/vssh/libssh2.c.o -MF _deps/curl-build/lib/CMakeFiles/libcurl_shared.dir/vssh/libssh2.c.o.d -o _deps/curl-build/lib/CMakeFiles/libcurl_shared.dir/vssh/libssh2.c.o -c /project/build/cp310-cp310-linux_x86_64/_deps/curl-src/lib/vssh/libssh2.c
[169/514] /opt/rh/devtoolset-10/root/usr/bin/gcc  -pthread -DBUILDING_LIBCURL -DCURL_HIDDEN_SYMBOLS -DHAVE_CONFIG_H -Dlibcurl_shared_EXPORTS -I/project/build/cp310-cp310-linux_x86_64/_deps/curl-src/include -I/project/build/cp310-cp310-linux_x86_64/_deps/curl-build/lib -I/project/build/cp310-cp310-linux_x86_64/_deps/curl-src/lib -Werror-implicit-function-declaration -W -Wall -pedantic -Wbad-function-cast -Wconversion -Winline -Wmissing-declarations -Wmissing-prototypes -Wnested-externs -Wno-long-long -Wno-multichar -Wpointer-arith -Wshadow -Wsign-compare -Wundef -Wunused -Wwrite-strings -Waddress -Wattributes -Wcast-align -Wdeclaration-after-statement -Wdiv-by-zero -Wempty-body -Wendif-labels -Wfloat-equal -Wformat-security -Wignored-qualifiers -Wmissing-field-initializers -Wmissing-noreturn -Wno-format-nonliteral -Wno-system-headers -Wold-style-definition -Wredundant-decls -Wsign-conversion -Wno-error=sign-conversion -Wstrict-prototypes -Wtype-limits -Wunreachable-code -Wunused-parameter -Wvla -Wclobbered -Wmissing-parameter-type -Wold-style-declaration -Wstrict-aliasing=3 -Wtrampolines -Wformat=2 -Warray-bounds=2 -ftree-vrp -Wduplicated-cond -Wnull-dereference -fdelete-null-pointer-checks -Wshift-negative-value -Wshift-overflow=2 -Walloc-zero -Wduplicated-branches -Wno-format-overflow -Wformat-truncation=2 -Wimplicit-fallthrough -Wrestrict -Warith-conversion -Wdouble-promotion -Wenum-conversion -Wpragmas -Wunused-const-variable -O3 -DNDEBUG -fPIC -fvisibility=hidden -Wno-dev -MD -MT _deps/curl-build/lib/CMakeFiles/libcurl_shared.dir/vquic/vquic-tls.c.o -MF _deps/curl-build/lib/CMakeFiles/libcurl_shared.dir/vquic/vquic-tls.c.o.d -o _deps/curl-build/lib/CMakeFiles/libcurl_shared.dir/vquic/vquic-tls.c.o -c /project/build/cp310-cp310-linux_x86_64/_deps/curl-src/lib/vquic/vquic-tls.c
[170/514] /opt/rh/devtoolset-10/root/usr/bin/gcc  -pthread -DBUILDING_LIBCURL -DCURL_HIDDEN_SYMBOLS -DHAVE_CONFIG_H -Dlibcurl_shared_EXPORTS -I/project/build/cp310-cp310-linux_x86_64/_deps/curl-src/include -I/project/build/cp310-cp310-linux_x86_64/_deps/curl-build/lib -I/project/build/cp310-cp310-linux_x86_64/_deps/curl-src/lib -Werror-implicit-function-declaration -W -Wall -pedantic -Wbad-function-cast -Wconversion -Winline -Wmissing-declarations -Wmissing-prototypes -Wnested-externs -Wno-long-long -Wno-multichar -Wpointer-arith -Wshadow -Wsign-compare -Wundef -Wunused -Wwrite-strings -Waddress -Wattributes -Wcast-align -Wdeclaration-after-statement -Wdiv-by-zero -Wempty-body -Wendif-labels -Wfloat-equal -Wformat-security -Wignored-qualifiers -Wmissing-field-initializers -Wmissing-noreturn -Wno-format-nonliteral -Wno-system-headers -Wold-style-definition -Wredundant-decls -Wsign-conversion -Wno-error=sign-conversion -Wstrict-prototypes -Wtype-limits -Wunreachable-code -Wunused-parameter -Wvla -Wclobbered -Wmissing-parameter-type -Wold-style-declaration -Wstrict-aliasing=3 -Wtrampolines -Wformat=2 -Warray-bounds=2 -ftree-vrp -Wduplicated-cond -Wnull-dereference -fdelete-null-pointer-checks -Wshift-negative-value -Wshift-overflow=2 -Walloc-zero -Wduplicated-branches -Wno-format-overflow -Wformat-truncation=2 -Wimplicit-fallthrough -Wrestrict -Warith-conversion -Wdouble-promotion -Wenum-conversion -Wpragmas -Wunused-const-variable -O3 -DNDEBUG -fPIC -fvisibility=hidden -Wno-dev -MD -MT _deps/curl-build/lib/CMakeFiles/libcurl_shared.dir/vssh/wolfssh.c.o -MF _deps/curl-build/lib/CMakeFiles/libcurl_shared.dir/vssh/wolfssh.c.o.d -o _deps/curl-build/lib/CMakeFiles/libcurl_shared.dir/vssh/wolfssh.c.o -c /project/build/cp310-cp310-linux_x86_64/_deps/curl-src/lib/vssh/wolfssh.c
[171/514] /opt/rh/devtoolset-10/root/usr/bin/gcc  -pthread -DBUILDING_LIBCURL -DCURL_HIDDEN_SYMBOLS -DHAVE_CONFIG_H -Dlibcurl_shared_EXPORTS -I/project/build/cp310-cp310-linux_x86_64/_deps/curl-src/include -I/project/build/cp310-cp310-linux_x86_64/_deps/curl-build/lib -I/project/build/cp310-cp310-linux_x86_64/_deps/curl-src/lib -Werror-implicit-function-declaration -W -Wall -pedantic -Wbad-function-cast -Wconversion -Winline -Wmissing-declarations -Wmissing-prototypes -Wnested-externs -Wno-long-long -Wno-multichar -Wpointer-arith -Wshadow -Wsign-compare -Wundef -Wunused -Wwrite-strings -Waddress -Wattributes -Wcast-align -Wdeclaration-after-statement -Wdiv-by-zero -Wempty-body -Wendif-labels -Wfloat-equal -Wformat-security -Wignored-qualifiers -Wmissing-field-initializers -Wmissing-noreturn -Wno-format-nonliteral -Wno-system-headers -Wold-style-definition -Wredundant-decls -Wsign-conversion -Wno-error=sign-conversion -Wstrict-prototypes -Wtype-limits -Wunreachable-code -Wunused-parameter -Wvla -Wclobbered -Wmissing-parameter-type -Wold-style-declaration -Wstrict-aliasing=3 -Wtrampolines -Wformat=2 -Warray-bounds=2 -ftree-vrp -Wduplicated-cond -Wnull-dereference -fdelete-null-pointer-checks -Wshift-negative-value -Wshift-overflow=2 -Walloc-zero -Wduplicated-branches -Wno-format-overflow -Wformat-truncation=2 -Wimplicit-fallthrough -Wrestrict -Warith-conversion -Wdouble-promotion -Wenum-conversion -Wpragmas -Wunused-const-variable -O3 -DNDEBUG -fPIC -fvisibility=hidden -Wno-dev -MD -MT _deps/curl-build/lib/CMakeFiles/libcurl_shared.dir/vssh/libssh.c.o -MF _deps/curl-build/lib/CMakeFiles/libcurl_shared.dir/vssh/libssh.c.o.d -o _deps/curl-build/lib/CMakeFiles/libcurl_shared.dir/vssh/libssh.c.o -c /project/build/cp310-cp310-linux_x86_64/_deps/curl-src/lib/vssh/libssh.c
[172/514] cd /project/build/cp310-cp310-linux_x86_64/_deps/curl-build/src && /opt/_internal/pipx/venvs/cmake/lib/python3.12/site-packages/cmake/data/bin/cmake -E echo "#include \"tool_setup.h\"" > tool_hugehelp.c && /opt/_internal/pipx/venvs/cmake/lib/python3.12/site-packages/cmake/data/bin/cmake -E echo "#ifndef HAVE_LIBZ" >> tool_hugehelp.c && /usr/bin/perl /project/build/cp310-cp310-linux_x86_64/_deps/curl-src/src/mkhelp.pl < /project/build/cp310-cp310-linux_x86_64/_deps/curl-build/docs/cmdline-opts/curl.txt >> tool_hugehelp.c && /opt/_internal/pipx/venvs/cmake/lib/python3.12/site-packages/cmake/data/bin/cmake -E echo "#else" >> tool_hugehelp.c && /usr/bin/perl /project/build/cp310-cp310-linux_x86_64/_deps/curl-src/src/mkhelp.pl -c < /project/build/cp310-cp310-linux_x86_64/_deps/curl-build/docs/cmdline-opts/curl.txt >> tool_hugehelp.c && /opt/_internal/pipx/venvs/cmake/lib/python3.12/site-packages/cmake/data/bin/cmake -E echo "#endif /* HAVE_LIBZ */" >> tool_hugehelp.c
Warning: compression requested but Gzip is not available
[173/514] /opt/rh/devtoolset-10/root/usr/bin/gcc  -pthread -DHAVE_CONFIG_H -D__LIBARCHIVE_ENABLE_VISIBILITY -Darchive_EXPORTS -I/project/build/cp310-cp310-linux_x86_64/_deps/libarchive-src/libarchive -I/project/build/cp310-cp310-linux_x86_64/_deps/libarchive-build -I/project/build/cp310-cp310-linux_x86_64/_deps/libarchive-src/libarchive/. -Wall -Wformat -Wformat-security -ffunction-sections -fdata-sections -fvisibility=hidden -O3 -DNDEBUG -fPIC -Wno-dev -MD -MT _deps/libarchive-build/libarchive/CMakeFiles/archive.dir/archive_check_magic.c.o -MF _deps/libarchive-build/libarchive/CMakeFiles/archive.dir/archive_check_magic.c.o.d -o _deps/libarchive-build/libarchive/CMakeFiles/archive.dir/archive_check_magic.c.o -c /project/build/cp310-cp310-linux_x86_64/_deps/libarchive-src/libarchive/archive_check_magic.c
[174/514] /opt/rh/devtoolset-10/root/usr/bin/gcc  -pthread -DHAVE_CONFIG_H -D__LIBARCHIVE_ENABLE_VISIBILITY -Darchive_EXPORTS -I/project/build/cp310-cp310-linux_x86_64/_deps/libarchive-src/libarchive -I/project/build/cp310-cp310-linux_x86_64/_deps/libarchive-build -I/project/build/cp310-cp310-linux_x86_64/_deps/libarchive-src/libarchive/. -Wall -Wformat -Wformat-security -ffunction-sections -fdata-sections -fvisibility=hidden -O3 -DNDEBUG -fPIC -Wno-dev -MD -MT _deps/libarchive-build/libarchive/CMakeFiles/archive.dir/archive_cmdline.c.o -MF _deps/libarchive-build/libarchive/CMakeFiles/archive.dir/archive_cmdline.c.o.d -o _deps/libarchive-build/libarchive/CMakeFiles/archive.dir/archive_cmdline.c.o -c /project/build/cp310-cp310-linux_x86_64/_deps/libarchive-src/libarchive/archive_cmdline.c
[175/514] /opt/rh/devtoolset-10/root/usr/bin/gcc  -pthread -DBUILDING_LIBCURL -DCURL_HIDDEN_SYMBOLS -DHAVE_CONFIG_H -Dlibcurl_shared_EXPORTS -I/project/build/cp310-cp310-linux_x86_64/_deps/curl-src/include -I/project/build/cp310-cp310-linux_x86_64/_deps/curl-build/lib -I/project/build/cp310-cp310-linux_x86_64/_deps/curl-src/lib -Werror-implicit-function-declaration -W -Wall -pedantic -Wbad-function-cast -Wconversion -Winline -Wmissing-declarations -Wmissing-prototypes -Wnested-externs -Wno-long-long -Wno-multichar -Wpointer-arith -Wshadow -Wsign-compare -Wundef -Wunused -Wwrite-strings -Waddress -Wattributes -Wcast-align -Wdeclaration-after-statement -Wdiv-by-zero -Wempty-body -Wendif-labels -Wfloat-equal -Wformat-security -Wignored-qualifiers -Wmissing-field-initializers -Wmissing-noreturn -Wno-format-nonliteral -Wno-system-headers -Wold-style-definition -Wredundant-decls -Wsign-conversion -Wno-error=sign-conversion -Wstrict-prototypes -Wtype-limits -Wunreachable-code -Wunused-parameter -Wvla -Wclobbered -Wmissing-parameter-type -Wold-style-declaration -Wstrict-aliasing=3 -Wtrampolines -Wformat=2 -Warray-bounds=2 -ftree-vrp -Wduplicated-cond -Wnull-dereference -fdelete-null-pointer-checks -Wshift-negative-value -Wshift-overflow=2 -Walloc-zero -Wduplicated-branches -Wno-format-overflow -Wformat-truncation=2 -Wimplicit-fallthrough -Wrestrict -Warith-conversion -Wdouble-promotion -Wenum-conversion -Wpragmas -Wunused-const-variable -O3 -DNDEBUG -fPIC -fvisibility=hidden -Wno-dev -MD -MT _deps/curl-build/lib/CMakeFiles/libcurl_shared.dir/url.c.o -MF _deps/curl-build/lib/CMakeFiles/libcurl_shared.dir/url.c.o.d -o _deps/curl-build/lib/CMakeFiles/libcurl_shared.dir/url.c.o -c /project/build/cp310-cp310-linux_x86_64/_deps/curl-src/lib/url.c
[176/514] /opt/rh/devtoolset-10/root/usr/bin/gcc  -pthread -DBUILDING_CURL -DHAVE_CONFIG_H -DUSE_MANUAL -I/project/build/cp310-cp310-linux_x86_64/_deps/curl-src/include -I/project/build/cp310-cp310-linux_x86_64/_deps/curl-build/lib -I/project/build/cp310-cp310-linux_x86_64/_deps/curl-src/lib -I/project/build/cp310-cp310-linux_x86_64/_deps/curl-src/src -Werror-implicit-function-declaration -W -Wall -pedantic -Wbad-function-cast -Wconversion -Winline -Wmissing-declarations -Wmissing-prototypes -Wnested-externs -Wno-long-long -Wno-multichar -Wpointer-arith -Wshadow -Wsign-compare -Wundef -Wunused -Wwrite-strings -Waddress -Wattributes -Wcast-align -Wdeclaration-after-statement -Wdiv-by-zero -Wempty-body -Wendif-labels -Wfloat-equal -Wformat-security -Wignored-qualifiers -Wmissing-field-initializers -Wmissing-noreturn -Wno-format-nonliteral -Wno-system-headers -Wold-style-definition -Wredundant-decls -Wsign-conversion -Wno-error=sign-conversion -Wstrict-prototypes -Wtype-limits -Wunreachable-code -Wunused-parameter -Wvla -Wclobbered -Wmissing-parameter-type -Wold-style-declaration -Wstrict-aliasing=3 -Wtrampolines -Wformat=2 -Warray-bounds=2 -ftree-vrp -Wduplicated-cond -Wnull-dereference -fdelete-null-pointer-checks -Wshift-negative-value -Wshift-overflow=2 -Walloc-zero -Wduplicated-branches -Wno-format-overflow -Wformat-truncation=2 -Wimplicit-fallthrough -Wrestrict -Warith-conversion -Wdouble-promotion -Wenum-conversion -Wpragmas -Wunused-const-variable -O3 -DNDEBUG -Wno-dev -MD -MT _deps/curl-build/src/CMakeFiles/curl.dir/terminal.c.o -MF _deps/curl-build/src/CMakeFiles/curl.dir/terminal.c.o.d -o _deps/curl-build/src/CMakeFiles/curl.dir/terminal.c.o -c /project/build/cp310-cp310-linux_x86_64/_deps/curl-src/src/terminal.c
[177/514] /opt/rh/devtoolset-10/root/usr/bin/gcc  -pthread -DHAVE_CONFIG_H -D__LIBARCHIVE_ENABLE_VISIBILITY -Darchive_EXPORTS -I/project/build/cp310-cp310-linux_x86_64/_deps/libarchive-src/libarchive -I/project/build/cp310-cp310-linux_x86_64/_deps/libarchive-build -I/project/build/cp310-cp310-linux_x86_64/_deps/libarchive-src/libarchive/. -Wall -Wformat -Wformat-security -ffunction-sections -fdata-sections -fvisibility=hidden -O3 -DNDEBUG -fPIC -Wno-dev -MD -MT _deps/libarchive-build/libarchive/CMakeFiles/archive.dir/archive_digest.c.o -MF _deps/libarchive-build/libarchive/CMakeFiles/archive.dir/archive_digest.c.o.d -o _deps/libarchive-build/libarchive/CMakeFiles/archive.dir/archive_digest.c.o -c /project/build/cp310-cp310-linux_x86_64/_deps/libarchive-src/libarchive/archive_digest.c
[178/514] /opt/rh/devtoolset-10/root/usr/bin/gcc  -pthread -DBUILDING_CURL -DHAVE_CONFIG_H -DUSE_MANUAL -I/project/build/cp310-cp310-linux_x86_64/_deps/curl-src/include -I/project/build/cp310-cp310-linux_x86_64/_deps/curl-build/lib -I/project/build/cp310-cp310-linux_x86_64/_deps/curl-src/lib -I/project/build/cp310-cp310-linux_x86_64/_deps/curl-src/src -Werror-implicit-function-declaration -W -Wall -pedantic -Wbad-function-cast -Wconversion -Winline -Wmissing-declarations -Wmissing-prototypes -Wnested-externs -Wno-long-long -Wno-multichar -Wpointer-arith -Wshadow -Wsign-compare -Wundef -Wunused -Wwrite-strings -Waddress -Wattributes -Wcast-align -Wdeclaration-after-statement -Wdiv-by-zero -Wempty-body -Wendif-labels -Wfloat-equal -Wformat-security -Wignored-qualifiers -Wmissing-field-initializers -Wmissing-noreturn -Wno-format-nonliteral -Wno-system-headers -Wold-style-definition -Wredundant-decls -Wsign-conversion -Wno-error=sign-conversion -Wstrict-prototypes -Wtype-limits -Wunreachable-code -Wunused-parameter -Wvla -Wclobbered -Wmissing-parameter-type -Wold-style-declaration -Wstrict-aliasing=3 -Wtrampolines -Wformat=2 -Warray-bounds=2 -ftree-vrp -Wduplicated-cond -Wnull-dereference -fdelete-null-pointer-checks -Wshift-negative-value -Wshift-overflow=2 -Walloc-zero -Wduplicated-branches -Wno-format-overflow -Wformat-truncation=2 -Wimplicit-fallthrough -Wrestrict -Warith-conversion -Wdouble-promotion -Wenum-conversion -Wpragmas -Wunused-const-variable -O3 -DNDEBUG -Wno-dev -MD -MT _deps/curl-build/src/CMakeFiles/curl.dir/slist_wc.c.o -MF _deps/curl-build/src/CMakeFiles/curl.dir/slist_wc.c.o.d -o _deps/curl-build/src/CMakeFiles/curl.dir/slist_wc.c.o -c /project/build/cp310-cp310-linux_x86_64/_deps/curl-src/src/slist_wc.c
[179/514] /opt/rh/devtoolset-10/root/usr/bin/gcc  -pthread -DBUILDING_CURL -DHAVE_CONFIG_H -DUSE_MANUAL -I/project/build/cp310-cp310-linux_x86_64/_deps/curl-src/include -I/project/build/cp310-cp310-linux_x86_64/_deps/curl-build/lib -I/project/build/cp310-cp310-linux_x86_64/_deps/curl-src/lib -I/project/build/cp310-cp310-linux_x86_64/_deps/curl-src/src -Werror-implicit-function-declaration -W -Wall -pedantic -Wbad-function-cast -Wconversion -Winline -Wmissing-declarations -Wmissing-prototypes -Wnested-externs -Wno-long-long -Wno-multichar -Wpointer-arith -Wshadow -Wsign-compare -Wundef -Wunused -Wwrite-strings -Waddress -Wattributes -Wcast-align -Wdeclaration-after-statement -Wdiv-by-zero -Wempty-body -Wendif-labels -Wfloat-equal -Wformat-security -Wignored-qualifiers -Wmissing-field-initializers -Wmissing-noreturn -Wno-format-nonliteral -Wno-system-headers -Wold-style-definition -Wredundant-decls -Wsign-conversion -Wno-error=sign-conversion -Wstrict-prototypes -Wtype-limits -Wunreachable-code -Wunused-parameter -Wvla -Wclobbered -Wmissing-parameter-type -Wold-style-declaration -Wstrict-aliasing=3 -Wtrampolines -Wformat=2 -Warray-bounds=2 -ftree-vrp -Wduplicated-cond -Wnull-dereference -fdelete-null-pointer-checks -Wshift-negative-value -Wshift-overflow=2 -Walloc-zero -Wduplicated-branches -Wno-format-overflow -Wformat-truncation=2 -Wimplicit-fallthrough -Wrestrict -Warith-conversion -Wdouble-promotion -Wenum-conversion -Wpragmas -Wunused-const-variable -O3 -DNDEBUG -Wno-dev -MD -MT _deps/curl-build/src/CMakeFiles/curl.dir/tool_bname.c.o -MF _deps/curl-build/src/CMakeFiles/curl.dir/tool_bname.c.o.d -o _deps/curl-build/src/CMakeFiles/curl.dir/tool_bname.c.o -c /project/build/cp310-cp310-linux_x86_64/_deps/curl-src/src/tool_bname.c
[180/514] /opt/rh/devtoolset-10/root/usr/bin/gcc  -pthread -DHAVE_CONFIG_H -D__LIBARCHIVE_ENABLE_VISIBILITY -Darchive_EXPORTS -I/project/build/cp310-cp310-linux_x86_64/_deps/libarchive-src/libarchive -I/project/build/cp310-cp310-linux_x86_64/_deps/libarchive-build -I/project/build/cp310-cp310-linux_x86_64/_deps/libarchive-src/libarchive/. -Wall -Wformat -Wformat-security -ffunction-sections -fdata-sections -fvisibility=hidden -O3 -DNDEBUG -fPIC -Wno-dev -MD -MT _deps/libarchive-build/libarchive/CMakeFiles/archive.dir/archive_cryptor.c.o -MF _deps/libarchive-build/libarchive/CMakeFiles/archive.dir/archive_cryptor.c.o.d -o _deps/libarchive-build/libarchive/CMakeFiles/archive.dir/archive_cryptor.c.o -c /project/build/cp310-cp310-linux_x86_64/_deps/libarchive-src/libarchive/archive_cryptor.c
[181/514] /opt/rh/devtoolset-10/root/usr/bin/gcc  -pthread -DBUILDING_CURL -DHAVE_CONFIG_H -DUSE_MANUAL -I/project/build/cp310-cp310-linux_x86_64/_deps/curl-src/include -I/project/build/cp310-cp310-linux_x86_64/_deps/curl-build/lib -I/project/build/cp310-cp310-linux_x86_64/_deps/curl-src/lib -I/project/build/cp310-cp310-linux_x86_64/_deps/curl-src/src -Werror-implicit-function-declaration -W -Wall -pedantic -Wbad-function-cast -Wconversion -Winline -Wmissing-declarations -Wmissing-prototypes -Wnested-externs -Wno-long-long -Wno-multichar -Wpointer-arith -Wshadow -Wsign-compare -Wundef -Wunused -Wwrite-strings -Waddress -Wattributes -Wcast-align -Wdeclaration-after-statement -Wdiv-by-zero -Wempty-body -Wendif-labels -Wfloat-equal -Wformat-security -Wignored-qualifiers -Wmissing-field-initializers -Wmissing-noreturn -Wno-format-nonliteral -Wno-system-headers -Wold-style-definition -Wredundant-decls -Wsign-conversion -Wno-error=sign-conversion -Wstrict-prototypes -Wtype-limits -Wunreachable-code -Wunused-parameter -Wvla -Wclobbered -Wmissing-parameter-type -Wold-style-declaration -Wstrict-aliasing=3 -Wtrampolines -Wformat=2 -Warray-bounds=2 -ftree-vrp -Wduplicated-cond -Wnull-dereference -fdelete-null-pointer-checks -Wshift-negative-value -Wshift-overflow=2 -Walloc-zero -Wduplicated-branches -Wno-format-overflow -Wformat-truncation=2 -Wimplicit-fallthrough -Wrestrict -Warith-conversion -Wdouble-promotion -Wenum-conversion -Wpragmas -Wunused-const-variable -O3 -DNDEBUG -Wno-dev -MD -MT _deps/curl-build/src/CMakeFiles/curl.dir/tool_binmode.c.o -MF _deps/curl-build/src/CMakeFiles/curl.dir/tool_binmode.c.o.d -o _deps/curl-build/src/CMakeFiles/curl.dir/tool_binmode.c.o -c /project/build/cp310-cp310-linux_x86_64/_deps/curl-src/src/tool_binmode.c
[182/514] /opt/rh/devtoolset-10/root/usr/bin/gcc  -pthread -DBUILDING_LIBCURL -DCURL_HIDDEN_SYMBOLS -DHAVE_CONFIG_H -Dlibcurl_shared_EXPORTS -I/project/build/cp310-cp310-linux_x86_64/_deps/curl-src/include -I/project/build/cp310-cp310-linux_x86_64/_deps/curl-build/lib -I/project/build/cp310-cp310-linux_x86_64/_deps/curl-src/lib -Werror-implicit-function-declaration -W -Wall -pedantic -Wbad-function-cast -Wconversion -Winline -Wmissing-declarations -Wmissing-prototypes -Wnested-externs -Wno-long-long -Wno-multichar -Wpointer-arith -Wshadow -Wsign-compare -Wundef -Wunused -Wwrite-strings -Waddress -Wattributes -Wcast-align -Wdeclaration-after-statement -Wdiv-by-zero -Wempty-body -Wendif-labels -Wfloat-equal -Wformat-security -Wignored-qualifiers -Wmissing-field-initializers -Wmissing-noreturn -Wno-format-nonliteral -Wno-system-headers -Wold-style-definition -Wredundant-decls -Wsign-conversion -Wno-error=sign-conversion -Wstrict-prototypes -Wtype-limits -Wunreachable-code -Wunused-parameter -Wvla -Wclobbered -Wmissing-parameter-type -Wold-style-declaration -Wstrict-aliasing=3 -Wtrampolines -Wformat=2 -Warray-bounds=2 -ftree-vrp -Wduplicated-cond -Wnull-dereference -fdelete-null-pointer-checks -Wshift-negative-value -Wshift-overflow=2 -Walloc-zero -Wduplicated-branches -Wno-format-overflow -Wformat-truncation=2 -Wimplicit-fallthrough -Wrestrict -Warith-conversion -Wdouble-promotion -Wenum-conversion -Wpragmas -Wunused-const-variable -O3 -DNDEBUG -fPIC -fvisibility=hidden -Wno-dev -MD -MT _deps/curl-build/lib/CMakeFiles/libcurl_shared.dir/setopt.c.o -MF _deps/curl-build/lib/CMakeFiles/libcurl_shared.dir/setopt.c.o.d -o _deps/curl-build/lib/CMakeFiles/libcurl_shared.dir/setopt.c.o -c /project/build/cp310-cp310-linux_x86_64/_deps/curl-src/lib/setopt.c
[183/514] /opt/rh/devtoolset-10/root/usr/bin/gcc  -pthread -DBUILDING_CURL -DHAVE_CONFIG_H -DUSE_MANUAL -I/project/build/cp310-cp310-linux_x86_64/_deps/curl-src/include -I/project/build/cp310-cp310-linux_x86_64/_deps/curl-build/lib -I/project/build/cp310-cp310-linux_x86_64/_deps/curl-src/lib -I/project/build/cp310-cp310-linux_x86_64/_deps/curl-src/src -Werror-implicit-function-declaration -W -Wall -pedantic -Wbad-function-cast -Wconversion -Winline -Wmissing-declarations -Wmissing-prototypes -Wnested-externs -Wno-long-long -Wno-multichar -Wpointer-arith -Wshadow -Wsign-compare -Wundef -Wunused -Wwrite-strings -Waddress -Wattributes -Wcast-align -Wdeclaration-after-statement -Wdiv-by-zero -Wempty-body -Wendif-labels -Wfloat-equal -Wformat-security -Wignored-qualifiers -Wmissing-field-initializers -Wmissing-noreturn -Wno-format-nonliteral -Wno-system-headers -Wold-style-definition -Wredundant-decls -Wsign-conversion -Wno-error=sign-conversion -Wstrict-prototypes -Wtype-limits -Wunreachable-code -Wunused-parameter -Wvla -Wclobbered -Wmissing-parameter-type -Wold-style-declaration -Wstrict-aliasing=3 -Wtrampolines -Wformat=2 -Warray-bounds=2 -ftree-vrp -Wduplicated-cond -Wnull-dereference -fdelete-null-pointer-checks -Wshift-negative-value -Wshift-overflow=2 -Walloc-zero -Wduplicated-branches -Wno-format-overflow -Wformat-truncation=2 -Wimplicit-fallthrough -Wrestrict -Warith-conversion -Wdouble-promotion -Wenum-conversion -Wpragmas -Wunused-const-variable -O3 -DNDEBUG -Wno-dev -MD -MT _deps/curl-build/src/CMakeFiles/curl.dir/tool_cb_prg.c.o -MF _deps/curl-build/src/CMakeFiles/curl.dir/tool_cb_prg.c.o.d -o _deps/curl-build/src/CMakeFiles/curl.dir/tool_cb_prg.c.o -c /project/build/cp310-cp310-linux_x86_64/_deps/curl-src/src/tool_cb_prg.c
[184/514] /opt/rh/devtoolset-10/root/usr/bin/gcc  -pthread -DBUILDING_CURL -DHAVE_CONFIG_H -DUSE_MANUAL -I/project/build/cp310-cp310-linux_x86_64/_deps/curl-src/include -I/project/build/cp310-cp310-linux_x86_64/_deps/curl-build/lib -I/project/build/cp310-cp310-linux_x86_64/_deps/curl-src/lib -I/project/build/cp310-cp310-linux_x86_64/_deps/curl-src/src -Werror-implicit-function-declaration -W -Wall -pedantic -Wbad-function-cast -Wconversion -Winline -Wmissing-declarations -Wmissing-prototypes -Wnested-externs -Wno-long-long -Wno-multichar -Wpointer-arith -Wshadow -Wsign-compare -Wundef -Wunused -Wwrite-strings -Waddress -Wattributes -Wcast-align -Wdeclaration-after-statement -Wdiv-by-zero -Wempty-body -Wendif-labels -Wfloat-equal -Wformat-security -Wignored-qualifiers -Wmissing-field-initializers -Wmissing-noreturn -Wno-format-nonliteral -Wno-system-headers -Wold-style-definition -Wredundant-decls -Wsign-conversion -Wno-error=sign-conversion -Wstrict-prototypes -Wtype-limits -Wunreachable-code -Wunused-parameter -Wvla -Wclobbered -Wmissing-parameter-type -Wold-style-declaration -Wstrict-aliasing=3 -Wtrampolines -Wformat=2 -Warray-bounds=2 -ftree-vrp -Wduplicated-cond -Wnull-dereference -fdelete-null-pointer-checks -Wshift-negative-value -Wshift-overflow=2 -Walloc-zero -Wduplicated-branches -Wno-format-overflow -Wformat-truncation=2 -Wimplicit-fallthrough -Wrestrict -Warith-conversion -Wdouble-promotion -Wenum-conversion -Wpragmas -Wunused-const-variable -O3 -DNDEBUG -Wno-dev -MD -MT _deps/curl-build/src/CMakeFiles/curl.dir/tool_cb_rea.c.o -MF _deps/curl-build/src/CMakeFiles/curl.dir/tool_cb_rea.c.o.d -o _deps/curl-build/src/CMakeFiles/curl.dir/tool_cb_rea.c.o -c /project/build/cp310-cp310-linux_x86_64/_deps/curl-src/src/tool_cb_rea.c
[185/514] /opt/rh/devtoolset-10/root/usr/bin/gcc  -pthread -DBUILDING_CURL -DHAVE_CONFIG_H -DUSE_MANUAL -I/project/build/cp310-cp310-linux_x86_64/_deps/curl-src/include -I/project/build/cp310-cp310-linux_x86_64/_deps/curl-build/lib -I/project/build/cp310-cp310-linux_x86_64/_deps/curl-src/lib -I/project/build/cp310-cp310-linux_x86_64/_deps/curl-src/src -Werror-implicit-function-declaration -W -Wall -pedantic -Wbad-function-cast -Wconversion -Winline -Wmissing-declarations -Wmissing-prototypes -Wnested-externs -Wno-long-long -Wno-multichar -Wpointer-arith -Wshadow -Wsign-compare -Wundef -Wunused -Wwrite-strings -Waddress -Wattributes -Wcast-align -Wdeclaration-after-statement -Wdiv-by-zero -Wempty-body -Wendif-labels -Wfloat-equal -Wformat-security -Wignored-qualifiers -Wmissing-field-initializers -Wmissing-noreturn -Wno-format-nonliteral -Wno-system-headers -Wold-style-definition -Wredundant-decls -Wsign-conversion -Wno-error=sign-conversion -Wstrict-prototypes -Wtype-limits -Wunreachable-code -Wunused-parameter -Wvla -Wclobbered -Wmissing-parameter-type -Wold-style-declaration -Wstrict-aliasing=3 -Wtrampolines -Wformat=2 -Warray-bounds=2 -ftree-vrp -Wduplicated-cond -Wnull-dereference -fdelete-null-pointer-checks -Wshift-negative-value -Wshift-overflow=2 -Walloc-zero -Wduplicated-branches -Wno-format-overflow -Wformat-truncation=2 -Wimplicit-fallthrough -Wrestrict -Warith-conversion -Wdouble-promotion -Wenum-conversion -Wpragmas -Wunused-const-variable -O3 -DNDEBUG -Wno-dev -MD -MT _deps/curl-build/src/CMakeFiles/curl.dir/tool_cb_soc.c.o -MF _deps/curl-build/src/CMakeFiles/curl.dir/tool_cb_soc.c.o.d -o _deps/curl-build/src/CMakeFiles/curl.dir/tool_cb_soc.c.o -c /project/build/cp310-cp310-linux_x86_64/_deps/curl-src/src/tool_cb_soc.c
[186/514] /opt/rh/devtoolset-10/root/usr/bin/gcc  -pthread -DBUILDING_CURL -DHAVE_CONFIG_H -DUSE_MANUAL -I/project/build/cp310-cp310-linux_x86_64/_deps/curl-src/include -I/project/build/cp310-cp310-linux_x86_64/_deps/curl-build/lib -I/project/build/cp310-cp310-linux_x86_64/_deps/curl-src/lib -I/project/build/cp310-cp310-linux_x86_64/_deps/curl-src/src -Werror-implicit-function-declaration -W -Wall -pedantic -Wbad-function-cast -Wconversion -Winline -Wmissing-declarations -Wmissing-prototypes -Wnested-externs -Wno-long-long -Wno-multichar -Wpointer-arith -Wshadow -Wsign-compare -Wundef -Wunused -Wwrite-strings -Waddress -Wattributes -Wcast-align -Wdeclaration-after-statement -Wdiv-by-zero -Wempty-body -Wendif-labels -Wfloat-equal -Wformat-security -Wignored-qualifiers -Wmissing-field-initializers -Wmissing-noreturn -Wno-format-nonliteral -Wno-system-headers -Wold-style-definition -Wredundant-decls -Wsign-conversion -Wno-error=sign-conversion -Wstrict-prototypes -Wtype-limits -Wunreachable-code -Wunused-parameter -Wvla -Wclobbered -Wmissing-parameter-type -Wold-style-declaration -Wstrict-aliasing=3 -Wtrampolines -Wformat=2 -Warray-bounds=2 -ftree-vrp -Wduplicated-cond -Wnull-dereference -fdelete-null-pointer-checks -Wshift-negative-value -Wshift-overflow=2 -Walloc-zero -Wduplicated-branches -Wno-format-overflow -Wformat-truncation=2 -Wimplicit-fallthrough -Wrestrict -Warith-conversion -Wdouble-promotion -Wenum-conversion -Wpragmas -Wunused-const-variable -O3 -DNDEBUG -Wno-dev -MD -MT _deps/curl-build/src/CMakeFiles/curl.dir/tool_cb_see.c.o -MF _deps/curl-build/src/CMakeFiles/curl.dir/tool_cb_see.c.o.d -o _deps/curl-build/src/CMakeFiles/curl.dir/tool_cb_see.c.o -c /project/build/cp310-cp310-linux_x86_64/_deps/curl-src/src/tool_cb_see.c
[187/514] /opt/rh/devtoolset-10/root/usr/bin/gcc  -pthread -DBUILDING_CURL -DHAVE_CONFIG_H -DUSE_MANUAL -I/project/build/cp310-cp310-linux_x86_64/_deps/curl-src/include -I/project/build/cp310-cp310-linux_x86_64/_deps/curl-build/lib -I/project/build/cp310-cp310-linux_x86_64/_deps/curl-src/lib -I/project/build/cp310-cp310-linux_x86_64/_deps/curl-src/src -Werror-implicit-function-declaration -W -Wall -pedantic -Wbad-function-cast -Wconversion -Winline -Wmissing-declarations -Wmissing-prototypes -Wnested-externs -Wno-long-long -Wno-multichar -Wpointer-arith -Wshadow -Wsign-compare -Wundef -Wunused -Wwrite-strings -Waddress -Wattributes -Wcast-align -Wdeclaration-after-statement -Wdiv-by-zero -Wempty-body -Wendif-labels -Wfloat-equal -Wformat-security -Wignored-qualifiers -Wmissing-field-initializers -Wmissing-noreturn -Wno-format-nonliteral -Wno-system-headers -Wold-style-definition -Wredundant-decls -Wsign-conversion -Wno-error=sign-conversion -Wstrict-prototypes -Wtype-limits -Wunreachable-code -Wunused-parameter -Wvla -Wclobbered -Wmissing-parameter-type -Wold-style-declaration -Wstrict-aliasing=3 -Wtrampolines -Wformat=2 -Warray-bounds=2 -ftree-vrp -Wduplicated-cond -Wnull-dereference -fdelete-null-pointer-checks -Wshift-negative-value -Wshift-overflow=2 -Walloc-zero -Wduplicated-branches -Wno-format-overflow -Wformat-truncation=2 -Wimplicit-fallthrough -Wrestrict -Warith-conversion -Wdouble-promotion -Wenum-conversion -Wpragmas -Wunused-const-variable -O3 -DNDEBUG -Wno-dev -MD -MT _deps/curl-build/src/CMakeFiles/curl.dir/tool_cb_hdr.c.o -MF _deps/curl-build/src/CMakeFiles/curl.dir/tool_cb_hdr.c.o.d -o _deps/curl-build/src/CMakeFiles/curl.dir/tool_cb_hdr.c.o -c /project/build/cp310-cp310-linux_x86_64/_deps/curl-src/src/tool_cb_hdr.c
[188/514] /opt/rh/devtoolset-10/root/usr/bin/gcc  -pthread -DBUILDING_CURL -DHAVE_CONFIG_H -DUSE_MANUAL -I/project/build/cp310-cp310-linux_x86_64/_deps/curl-src/include -I/project/build/cp310-cp310-linux_x86_64/_deps/curl-build/lib -I/project/build/cp310-cp310-linux_x86_64/_deps/curl-src/lib -I/project/build/cp310-cp310-linux_x86_64/_deps/curl-src/src -Werror-implicit-function-declaration -W -Wall -pedantic -Wbad-function-cast -Wconversion -Winline -Wmissing-declarations -Wmissing-prototypes -Wnested-externs -Wno-long-long -Wno-multichar -Wpointer-arith -Wshadow -Wsign-compare -Wundef -Wunused -Wwrite-strings -Waddress -Wattributes -Wcast-align -Wdeclaration-after-statement -Wdiv-by-zero -Wempty-body -Wendif-labels -Wfloat-equal -Wformat-security -Wignored-qualifiers -Wmissing-field-initializers -Wmissing-noreturn -Wno-format-nonliteral -Wno-system-headers -Wold-style-definition -Wredundant-decls -Wsign-conversion -Wno-error=sign-conversion -Wstrict-prototypes -Wtype-limits -Wunreachable-code -Wunused-parameter -Wvla -Wclobbered -Wmissing-parameter-type -Wold-style-declaration -Wstrict-aliasing=3 -Wtrampolines -Wformat=2 -Warray-bounds=2 -ftree-vrp -Wduplicated-cond -Wnull-dereference -fdelete-null-pointer-checks -Wshift-negative-value -Wshift-overflow=2 -Walloc-zero -Wduplicated-branches -Wno-format-overflow -Wformat-truncation=2 -Wimplicit-fallthrough -Wrestrict -Warith-conversion -Wdouble-promotion -Wenum-conversion -Wpragmas -Wunused-const-variable -O3 -DNDEBUG -Wno-dev -MD -MT _deps/curl-build/src/CMakeFiles/curl.dir/tool_cb_wrt.c.o -MF _deps/curl-build/src/CMakeFiles/curl.dir/tool_cb_wrt.c.o.d -o _deps/curl-build/src/CMakeFiles/curl.dir/tool_cb_wrt.c.o -c /project/build/cp310-cp310-linux_x86_64/_deps/curl-src/src/tool_cb_wrt.c
[189/514] /opt/rh/devtoolset-10/root/usr/bin/gcc  -pthread -DBUILDING_CURL -DHAVE_CONFIG_H -DUSE_MANUAL -I/project/build/cp310-cp310-linux_x86_64/_deps/curl-src/include -I/project/build/cp310-cp310-linux_x86_64/_deps/curl-build/lib -I/project/build/cp310-cp310-linux_x86_64/_deps/curl-src/lib -I/project/build/cp310-cp310-linux_x86_64/_deps/curl-src/src -Werror-implicit-function-declaration -W -Wall -pedantic -Wbad-function-cast -Wconversion -Winline -Wmissing-declarations -Wmissing-prototypes -Wnested-externs -Wno-long-long -Wno-multichar -Wpointer-arith -Wshadow -Wsign-compare -Wundef -Wunused -Wwrite-strings -Waddress -Wattributes -Wcast-align -Wdeclaration-after-statement -Wdiv-by-zero -Wempty-body -Wendif-labels -Wfloat-equal -Wformat-security -Wignored-qualifiers -Wmissing-field-initializers -Wmissing-noreturn -Wno-format-nonliteral -Wno-system-headers -Wold-style-definition -Wredundant-decls -Wsign-conversion -Wno-error=sign-conversion -Wstrict-prototypes -Wtype-limits -Wunreachable-code -Wunused-parameter -Wvla -Wclobbered -Wmissing-parameter-type -Wold-style-declaration -Wstrict-aliasing=3 -Wtrampolines -Wformat=2 -Warray-bounds=2 -ftree-vrp -Wduplicated-cond -Wnull-dereference -fdelete-null-pointer-checks -Wshift-negative-value -Wshift-overflow=2 -Walloc-zero -Wduplicated-branches -Wno-format-overflow -Wformat-truncation=2 -Wimplicit-fallthrough -Wrestrict -Warith-conversion -Wdouble-promotion -Wenum-conversion -Wpragmas -Wunused-const-variable -O3 -DNDEBUG -Wno-dev -MD -MT _deps/curl-build/src/CMakeFiles/curl.dir/tool_cb_dbg.c.o -MF _deps/curl-build/src/CMakeFiles/curl.dir/tool_cb_dbg.c.o.d -o _deps/curl-build/src/CMakeFiles/curl.dir/tool_cb_dbg.c.o -c /project/build/cp310-cp310-linux_x86_64/_deps/curl-src/src/tool_cb_dbg.c
[190/514] /opt/rh/devtoolset-10/root/usr/bin/gcc  -pthread -DBUILDING_CURL -DHAVE_CONFIG_H -DUSE_MANUAL -I/project/build/cp310-cp310-linux_x86_64/_deps/curl-src/include -I/project/build/cp310-cp310-linux_x86_64/_deps/curl-build/lib -I/project/build/cp310-cp310-linux_x86_64/_deps/curl-src/lib -I/project/build/cp310-cp310-linux_x86_64/_deps/curl-src/src -Werror-implicit-function-declaration -W -Wall -pedantic -Wbad-function-cast -Wconversion -Winline -Wmissing-declarations -Wmissing-prototypes -Wnested-externs -Wno-long-long -Wno-multichar -Wpointer-arith -Wshadow -Wsign-compare -Wundef -Wunused -Wwrite-strings -Waddress -Wattributes -Wcast-align -Wdeclaration-after-statement -Wdiv-by-zero -Wempty-body -Wendif-labels -Wfloat-equal -Wformat-security -Wignored-qualifiers -Wmissing-field-initializers -Wmissing-noreturn -Wno-format-nonliteral -Wno-system-headers -Wold-style-definition -Wredundant-decls -Wsign-conversion -Wno-error=sign-conversion -Wstrict-prototypes -Wtype-limits -Wunreachable-code -Wunused-parameter -Wvla -Wclobbered -Wmissing-parameter-type -Wold-style-declaration -Wstrict-aliasing=3 -Wtrampolines -Wformat=2 -Warray-bounds=2 -ftree-vrp -Wduplicated-cond -Wnull-dereference -fdelete-null-pointer-checks -Wshift-negative-value -Wshift-overflow=2 -Walloc-zero -Wduplicated-branches -Wno-format-overflow -Wformat-truncation=2 -Wimplicit-fallthrough -Wrestrict -Warith-conversion -Wdouble-promotion -Wenum-conversion -Wpragmas -Wunused-const-variable -O3 -DNDEBUG -Wno-dev -MD -MT _deps/curl-build/src/CMakeFiles/curl.dir/tool_doswin.c.o -MF _deps/curl-build/src/CMakeFiles/curl.dir/tool_doswin.c.o.d -o _deps/curl-build/src/CMakeFiles/curl.dir/tool_doswin.c.o -c /project/build/cp310-cp310-linux_x86_64/_deps/curl-src/src/tool_doswin.c
[191/514] /opt/rh/devtoolset-10/root/usr/bin/gcc  -pthread -DBUILDING_CURL -DHAVE_CONFIG_H -DUSE_MANUAL -I/project/build/cp310-cp310-linux_x86_64/_deps/curl-src/include -I/project/build/cp310-cp310-linux_x86_64/_deps/curl-build/lib -I/project/build/cp310-cp310-linux_x86_64/_deps/curl-src/lib -I/project/build/cp310-cp310-linux_x86_64/_deps/curl-src/src -Werror-implicit-function-declaration -W -Wall -pedantic -Wbad-function-cast -Wconversion -Winline -Wmissing-declarations -Wmissing-prototypes -Wnested-externs -Wno-long-long -Wno-multichar -Wpointer-arith -Wshadow -Wsign-compare -Wundef -Wunused -Wwrite-strings -Waddress -Wattributes -Wcast-align -Wdeclaration-after-statement -Wdiv-by-zero -Wempty-body -Wendif-labels -Wfloat-equal -Wformat-security -Wignored-qualifiers -Wmissing-field-initializers -Wmissing-noreturn -Wno-format-nonliteral -Wno-system-headers -Wold-style-definition -Wredundant-decls -Wsign-conversion -Wno-error=sign-conversion -Wstrict-prototypes -Wtype-limits -Wunreachable-code -Wunused-parameter -Wvla -Wclobbered -Wmissing-parameter-type -Wold-style-declaration -Wstrict-aliasing=3 -Wtrampolines -Wformat=2 -Warray-bounds=2 -ftree-vrp -Wduplicated-cond -Wnull-dereference -fdelete-null-pointer-checks -Wshift-negative-value -Wshift-overflow=2 -Walloc-zero -Wduplicated-branches -Wno-format-overflow -Wformat-truncation=2 -Wimplicit-fallthrough -Wrestrict -Warith-conversion -Wdouble-promotion -Wenum-conversion -Wpragmas -Wunused-const-variable -O3 -DNDEBUG -Wno-dev -MD -MT _deps/curl-build/src/CMakeFiles/curl.dir/tool_filetime.c.o -MF _deps/curl-build/src/CMakeFiles/curl.dir/tool_filetime.c.o.d -o _deps/curl-build/src/CMakeFiles/curl.dir/tool_filetime.c.o -c /project/build/cp310-cp310-linux_x86_64/_deps/curl-src/src/tool_filetime.c
[192/514] /opt/rh/devtoolset-10/root/usr/bin/gcc  -pthread -DBUILDING_CURL -DHAVE_CONFIG_H -DUSE_MANUAL -I/project/build/cp310-cp310-linux_x86_64/_deps/curl-src/include -I/project/build/cp310-cp310-linux_x86_64/_deps/curl-build/lib -I/project/build/cp310-cp310-linux_x86_64/_deps/curl-src/lib -I/project/build/cp310-cp310-linux_x86_64/_deps/curl-src/src -Werror-implicit-function-declaration -W -Wall -pedantic -Wbad-function-cast -Wconversion -Winline -Wmissing-declarations -Wmissing-prototypes -Wnested-externs -Wno-long-long -Wno-multichar -Wpointer-arith -Wshadow -Wsign-compare -Wundef -Wunused -Wwrite-strings -Waddress -Wattributes -Wcast-align -Wdeclaration-after-statement -Wdiv-by-zero -Wempty-body -Wendif-labels -Wfloat-equal -Wformat-security -Wignored-qualifiers -Wmissing-field-initializers -Wmissing-noreturn -Wno-format-nonliteral -Wno-system-headers -Wold-style-definition -Wredundant-decls -Wsign-conversion -Wno-error=sign-conversion -Wstrict-prototypes -Wtype-limits -Wunreachable-code -Wunused-parameter -Wvla -Wclobbered -Wmissing-parameter-type -Wold-style-declaration -Wstrict-aliasing=3 -Wtrampolines -Wformat=2 -Warray-bounds=2 -ftree-vrp -Wduplicated-cond -Wnull-dereference -fdelete-null-pointer-checks -Wshift-negative-value -Wshift-overflow=2 -Walloc-zero -Wduplicated-branches -Wno-format-overflow -Wformat-truncation=2 -Wimplicit-fallthrough -Wrestrict -Warith-conversion -Wdouble-promotion -Wenum-conversion -Wpragmas -Wunused-const-variable -O3 -DNDEBUG -Wno-dev -MD -MT _deps/curl-build/src/CMakeFiles/curl.dir/tool_dirhie.c.o -MF _deps/curl-build/src/CMakeFiles/curl.dir/tool_dirhie.c.o.d -o _deps/curl-build/src/CMakeFiles/curl.dir/tool_dirhie.c.o -c /project/build/cp310-cp310-linux_x86_64/_deps/curl-src/src/tool_dirhie.c
[193/514] /opt/rh/devtoolset-10/root/usr/bin/gcc  -pthread -DBUILDING_CURL -DHAVE_CONFIG_H -DUSE_MANUAL -I/project/build/cp310-cp310-linux_x86_64/_deps/curl-src/include -I/project/build/cp310-cp310-linux_x86_64/_deps/curl-build/lib -I/project/build/cp310-cp310-linux_x86_64/_deps/curl-src/lib -I/project/build/cp310-cp310-linux_x86_64/_deps/curl-src/src -Werror-implicit-function-declaration -W -Wall -pedantic -Wbad-function-cast -Wconversion -Winline -Wmissing-declarations -Wmissing-prototypes -Wnested-externs -Wno-long-long -Wno-multichar -Wpointer-arith -Wshadow -Wsign-compare -Wundef -Wunused -Wwrite-strings -Waddress -Wattributes -Wcast-align -Wdeclaration-after-statement -Wdiv-by-zero -Wempty-body -Wendif-labels -Wfloat-equal -Wformat-security -Wignored-qualifiers -Wmissing-field-initializers -Wmissing-noreturn -Wno-format-nonliteral -Wno-system-headers -Wold-style-definition -Wredundant-decls -Wsign-conversion -Wno-error=sign-conversion -Wstrict-prototypes -Wtype-limits -Wunreachable-code -Wunused-parameter -Wvla -Wclobbered -Wmissing-parameter-type -Wold-style-declaration -Wstrict-aliasing=3 -Wtrampolines -Wformat=2 -Warray-bounds=2 -ftree-vrp -Wduplicated-cond -Wnull-dereference -fdelete-null-pointer-checks -Wshift-negative-value -Wshift-overflow=2 -Walloc-zero -Wduplicated-branches -Wno-format-overflow -Wformat-truncation=2 -Wimplicit-fallthrough -Wrestrict -Warith-conversion -Wdouble-promotion -Wenum-conversion -Wpragmas -Wunused-const-variable -O3 -DNDEBUG -Wno-dev -MD -MT _deps/curl-build/src/CMakeFiles/curl.dir/tool_findfile.c.o -MF _deps/curl-build/src/CMakeFiles/curl.dir/tool_findfile.c.o.d -o _deps/curl-build/src/CMakeFiles/curl.dir/tool_findfile.c.o -c /project/build/cp310-cp310-linux_x86_64/_deps/curl-src/src/tool_findfile.c
[194/514] /opt/rh/devtoolset-10/root/usr/bin/gcc  -pthread -DBUILDING_CURL -DHAVE_CONFIG_H -DUSE_MANUAL -I/project/build/cp310-cp310-linux_x86_64/_deps/curl-src/include -I/project/build/cp310-cp310-linux_x86_64/_deps/curl-build/lib -I/project/build/cp310-cp310-linux_x86_64/_deps/curl-src/lib -I/project/build/cp310-cp310-linux_x86_64/_deps/curl-src/src -Werror-implicit-function-declaration -W -Wall -pedantic -Wbad-function-cast -Wconversion -Winline -Wmissing-declarations -Wmissing-prototypes -Wnested-externs -Wno-long-long -Wno-multichar -Wpointer-arith -Wshadow -Wsign-compare -Wundef -Wunused -Wwrite-strings -Waddress -Wattributes -Wcast-align -Wdeclaration-after-statement -Wdiv-by-zero -Wempty-body -Wendif-labels -Wfloat-equal -Wformat-security -Wignored-qualifiers -Wmissing-field-initializers -Wmissing-noreturn -Wno-format-nonliteral -Wno-system-headers -Wold-style-definition -Wredundant-decls -Wsign-conversion -Wno-error=sign-conversion -Wstrict-prototypes -Wtype-limits -Wunreachable-code -Wunused-parameter -Wvla -Wclobbered -Wmissing-parameter-type -Wold-style-declaration -Wstrict-aliasing=3 -Wtrampolines -Wformat=2 -Warray-bounds=2 -ftree-vrp -Wduplicated-cond -Wnull-dereference -fdelete-null-pointer-checks -Wshift-negative-value -Wshift-overflow=2 -Walloc-zero -Wduplicated-branches -Wno-format-overflow -Wformat-truncation=2 -Wimplicit-fallthrough -Wrestrict -Warith-conversion -Wdouble-promotion -Wenum-conversion -Wpragmas -Wunused-const-variable -O3 -DNDEBUG -Wno-dev -MD -MT _deps/curl-build/src/CMakeFiles/curl.dir/tool_cfgable.c.o -MF _deps/curl-build/src/CMakeFiles/curl.dir/tool_cfgable.c.o.d -o _deps/curl-build/src/CMakeFiles/curl.dir/tool_cfgable.c.o -c /project/build/cp310-cp310-linux_x86_64/_deps/curl-src/src/tool_cfgable.c
[195/514] /opt/rh/devtoolset-10/root/usr/bin/gcc  -pthread -DBUILDING_CURL -DHAVE_CONFIG_H -DUSE_MANUAL -I/project/build/cp310-cp310-linux_x86_64/_deps/curl-src/include -I/project/build/cp310-cp310-linux_x86_64/_deps/curl-build/lib -I/project/build/cp310-cp310-linux_x86_64/_deps/curl-src/lib -I/project/build/cp310-cp310-linux_x86_64/_deps/curl-src/src -Werror-implicit-function-declaration -W -Wall -pedantic -Wbad-function-cast -Wconversion -Winline -Wmissing-declarations -Wmissing-prototypes -Wnested-externs -Wno-long-long -Wno-multichar -Wpointer-arith -Wshadow -Wsign-compare -Wundef -Wunused -Wwrite-strings -Waddress -Wattributes -Wcast-align -Wdeclaration-after-statement -Wdiv-by-zero -Wempty-body -Wendif-labels -Wfloat-equal -Wformat-security -Wignored-qualifiers -Wmissing-field-initializers -Wmissing-noreturn -Wno-format-nonliteral -Wno-system-headers -Wold-style-definition -Wredundant-decls -Wsign-conversion -Wno-error=sign-conversion -Wstrict-prototypes -Wtype-limits -Wunreachable-code -Wunused-parameter -Wvla -Wclobbered -Wmissing-parameter-type -Wold-style-declaration -Wstrict-aliasing=3 -Wtrampolines -Wformat=2 -Warray-bounds=2 -ftree-vrp -Wduplicated-cond -Wnull-dereference -fdelete-null-pointer-checks -Wshift-negative-value -Wshift-overflow=2 -Walloc-zero -Wduplicated-branches -Wno-format-overflow -Wformat-truncation=2 -Wimplicit-fallthrough -Wrestrict -Warith-conversion -Wdouble-promotion -Wenum-conversion -Wpragmas -Wunused-const-variable -O3 -DNDEBUG -Wno-dev -MD -MT _deps/curl-build/src/CMakeFiles/curl.dir/tool_easysrc.c.o -MF _deps/curl-build/src/CMakeFiles/curl.dir/tool_easysrc.c.o.d -o _deps/curl-build/src/CMakeFiles/curl.dir/tool_easysrc.c.o -c /project/build/cp310-cp310-linux_x86_64/_deps/curl-src/src/tool_easysrc.c
[196/514] /opt/rh/devtoolset-10/root/usr/bin/gcc  -pthread -DBUILDING_CURL -DHAVE_CONFIG_H -DUSE_MANUAL -I/project/build/cp310-cp310-linux_x86_64/_deps/curl-src/include -I/project/build/cp310-cp310-linux_x86_64/_deps/curl-build/lib -I/project/build/cp310-cp310-linux_x86_64/_deps/curl-src/lib -I/project/build/cp310-cp310-linux_x86_64/_deps/curl-src/src -Werror-implicit-function-declaration -W -Wall -pedantic -Wbad-function-cast -Wconversion -Winline -Wmissing-declarations -Wmissing-prototypes -Wnested-externs -Wno-long-long -Wno-multichar -Wpointer-arith -Wshadow -Wsign-compare -Wundef -Wunused -Wwrite-strings -Waddress -Wattributes -Wcast-align -Wdeclaration-after-statement -Wdiv-by-zero -Wempty-body -Wendif-labels -Wfloat-equal -Wformat-security -Wignored-qualifiers -Wmissing-field-initializers -Wmissing-noreturn -Wno-format-nonliteral -Wno-system-headers -Wold-style-definition -Wredundant-decls -Wsign-conversion -Wno-error=sign-conversion -Wstrict-prototypes -Wtype-limits -Wunreachable-code -Wunused-parameter -Wvla -Wclobbered -Wmissing-parameter-type -Wold-style-declaration -Wstrict-aliasing=3 -Wtrampolines -Wformat=2 -Warray-bounds=2 -ftree-vrp -Wduplicated-cond -Wnull-dereference -fdelete-null-pointer-checks -Wshift-negative-value -Wshift-overflow=2 -Walloc-zero -Wduplicated-branches -Wno-format-overflow -Wformat-truncation=2 -Wimplicit-fallthrough -Wrestrict -Warith-conversion -Wdouble-promotion -Wenum-conversion -Wpragmas -Wunused-const-variable -O3 -DNDEBUG -Wno-dev -MD -MT _deps/curl-build/src/CMakeFiles/curl.dir/tool_helpers.c.o -MF _deps/curl-build/src/CMakeFiles/curl.dir/tool_helpers.c.o.d -o _deps/curl-build/src/CMakeFiles/curl.dir/tool_helpers.c.o -c /project/build/cp310-cp310-linux_x86_64/_deps/curl-src/src/tool_helpers.c
[197/514] /opt/rh/devtoolset-10/root/usr/bin/gcc  -pthread -DBUILDING_CURL -DHAVE_CONFIG_H -DUSE_MANUAL -I/project/build/cp310-cp310-linux_x86_64/_deps/curl-src/include -I/project/build/cp310-cp310-linux_x86_64/_deps/curl-build/lib -I/project/build/cp310-cp310-linux_x86_64/_deps/curl-src/lib -I/project/build/cp310-cp310-linux_x86_64/_deps/curl-src/src -Werror-implicit-function-declaration -W -Wall -pedantic -Wbad-function-cast -Wconversion -Winline -Wmissing-declarations -Wmissing-prototypes -Wnested-externs -Wno-long-long -Wno-multichar -Wpointer-arith -Wshadow -Wsign-compare -Wundef -Wunused -Wwrite-strings -Waddress -Wattributes -Wcast-align -Wdeclaration-after-statement -Wdiv-by-zero -Wempty-body -Wendif-labels -Wfloat-equal -Wformat-security -Wignored-qualifiers -Wmissing-field-initializers -Wmissing-noreturn -Wno-format-nonliteral -Wno-system-headers -Wold-style-definition -Wredundant-decls -Wsign-conversion -Wno-error=sign-conversion -Wstrict-prototypes -Wtype-limits -Wunreachable-code -Wunused-parameter -Wvla -Wclobbered -Wmissing-parameter-type -Wold-style-declaration -Wstrict-aliasing=3 -Wtrampolines -Wformat=2 -Warray-bounds=2 -ftree-vrp -Wduplicated-cond -Wnull-dereference -fdelete-null-pointer-checks -Wshift-negative-value -Wshift-overflow=2 -Walloc-zero -Wduplicated-branches -Wno-format-overflow -Wformat-truncation=2 -Wimplicit-fallthrough -Wrestrict -Warith-conversion -Wdouble-promotion -Wenum-conversion -Wpragmas -Wunused-const-variable -O3 -DNDEBUG -Wno-dev -MD -MT _deps/curl-build/src/CMakeFiles/curl.dir/tool_getpass.c.o -MF _deps/curl-build/src/CMakeFiles/curl.dir/tool_getpass.c.o.d -o _deps/curl-build/src/CMakeFiles/curl.dir/tool_getpass.c.o -c /project/build/cp310-cp310-linux_x86_64/_deps/curl-src/src/tool_getpass.c
[198/514] /opt/rh/devtoolset-10/root/usr/bin/gcc  -pthread -DBUILDING_CURL -DHAVE_CONFIG_H -DUSE_MANUAL -I/project/build/cp310-cp310-linux_x86_64/_deps/curl-src/include -I/project/build/cp310-cp310-linux_x86_64/_deps/curl-build/lib -I/project/build/cp310-cp310-linux_x86_64/_deps/curl-src/lib -I/project/build/cp310-cp310-linux_x86_64/_deps/curl-src/src -Werror-implicit-function-declaration -W -Wall -pedantic -Wbad-function-cast -Wconversion -Winline -Wmissing-declarations -Wmissing-prototypes -Wnested-externs -Wno-long-long -Wno-multichar -Wpointer-arith -Wshadow -Wsign-compare -Wundef -Wunused -Wwrite-strings -Waddress -Wattributes -Wcast-align -Wdeclaration-after-statement -Wdiv-by-zero -Wempty-body -Wendif-labels -Wfloat-equal -Wformat-security -Wignored-qualifiers -Wmissing-field-initializers -Wmissing-noreturn -Wno-format-nonliteral -Wno-system-headers -Wold-style-definition -Wredundant-decls -Wsign-conversion -Wno-error=sign-conversion -Wstrict-prototypes -Wtype-limits -Wunreachable-code -Wunused-parameter -Wvla -Wclobbered -Wmissing-parameter-type -Wold-style-declaration -Wstrict-aliasing=3 -Wtrampolines -Wformat=2 -Warray-bounds=2 -ftree-vrp -Wduplicated-cond -Wnull-dereference -fdelete-null-pointer-checks -Wshift-negative-value -Wshift-overflow=2 -Walloc-zero -Wduplicated-branches -Wno-format-overflow -Wformat-truncation=2 -Wimplicit-fallthrough -Wrestrict -Warith-conversion -Wdouble-promotion -Wenum-conversion -Wpragmas -Wunused-const-variable -O3 -DNDEBUG -Wno-dev -MD -MT _deps/curl-build/src/CMakeFiles/curl.dir/tool_hugehelp.c.o -MF _deps/curl-build/src/CMakeFiles/curl.dir/tool_hugehelp.c.o.d -o _deps/curl-build/src/CMakeFiles/curl.dir/tool_hugehelp.c.o -c /project/build/cp310-cp310-linux_x86_64/_deps/curl-build/src/tool_hugehelp.c
[199/514] /opt/rh/devtoolset-10/root/usr/bin/gcc  -pthread -DBUILDING_CURL -DHAVE_CONFIG_H -DUSE_MANUAL -I/project/build/cp310-cp310-linux_x86_64/_deps/curl-src/include -I/project/build/cp310-cp310-linux_x86_64/_deps/curl-build/lib -I/project/build/cp310-cp310-linux_x86_64/_deps/curl-src/lib -I/project/build/cp310-cp310-linux_x86_64/_deps/curl-src/src -Werror-implicit-function-declaration -W -Wall -pedantic -Wbad-function-cast -Wconversion -Winline -Wmissing-declarations -Wmissing-prototypes -Wnested-externs -Wno-long-long -Wno-multichar -Wpointer-arith -Wshadow -Wsign-compare -Wundef -Wunused -Wwrite-strings -Waddress -Wattributes -Wcast-align -Wdeclaration-after-statement -Wdiv-by-zero -Wempty-body -Wendif-labels -Wfloat-equal -Wformat-security -Wignored-qualifiers -Wmissing-field-initializers -Wmissing-noreturn -Wno-format-nonliteral -Wno-system-headers -Wold-style-definition -Wredundant-decls -Wsign-conversion -Wno-error=sign-conversion -Wstrict-prototypes -Wtype-limits -Wunreachable-code -Wunused-parameter -Wvla -Wclobbered -Wmissing-parameter-type -Wold-style-declaration -Wstrict-aliasing=3 -Wtrampolines -Wformat=2 -Warray-bounds=2 -ftree-vrp -Wduplicated-cond -Wnull-dereference -fdelete-null-pointer-checks -Wshift-negative-value -Wshift-overflow=2 -Walloc-zero -Wduplicated-branches -Wno-format-overflow -Wformat-truncation=2 -Wimplicit-fallthrough -Wrestrict -Warith-conversion -Wdouble-promotion -Wenum-conversion -Wpragmas -Wunused-const-variable -O3 -DNDEBUG -Wno-dev -MD -MT _deps/curl-build/src/CMakeFiles/curl.dir/tool_ipfs.c.o -MF _deps/curl-build/src/CMakeFiles/curl.dir/tool_ipfs.c.o.d -o _deps/curl-build/src/CMakeFiles/curl.dir/tool_ipfs.c.o -c /project/build/cp310-cp310-linux_x86_64/_deps/curl-src/src/tool_ipfs.c
[200/514] /opt/rh/devtoolset-10/root/usr/bin/gcc  -pthread -DBUILDING_CURL -DHAVE_CONFIG_H -DUSE_MANUAL -I/project/build/cp310-cp310-linux_x86_64/_deps/curl-src/include -I/project/build/cp310-cp310-linux_x86_64/_deps/curl-build/lib -I/project/build/cp310-cp310-linux_x86_64/_deps/curl-src/lib -I/project/build/cp310-cp310-linux_x86_64/_deps/curl-src/src -Werror-implicit-function-declaration -W -Wall -pedantic -Wbad-function-cast -Wconversion -Winline -Wmissing-declarations -Wmissing-prototypes -Wnested-externs -Wno-long-long -Wno-multichar -Wpointer-arith -Wshadow -Wsign-compare -Wundef -Wunused -Wwrite-strings -Waddress -Wattributes -Wcast-align -Wdeclaration-after-statement -Wdiv-by-zero -Wempty-body -Wendif-labels -Wfloat-equal -Wformat-security -Wignored-qualifiers -Wmissing-field-initializers -Wmissing-noreturn -Wno-format-nonliteral -Wno-system-headers -Wold-style-definition -Wredundant-decls -Wsign-conversion -Wno-error=sign-conversion -Wstrict-prototypes -Wtype-limits -Wunreachable-code -Wunused-parameter -Wvla -Wclobbered -Wmissing-parameter-type -Wold-style-declaration -Wstrict-aliasing=3 -Wtrampolines -Wformat=2 -Warray-bounds=2 -ftree-vrp -Wduplicated-cond -Wnull-dereference -fdelete-null-pointer-checks -Wshift-negative-value -Wshift-overflow=2 -Walloc-zero -Wduplicated-branches -Wno-format-overflow -Wformat-truncation=2 -Wimplicit-fallthrough -Wrestrict -Warith-conversion -Wdouble-promotion -Wenum-conversion -Wpragmas -Wunused-const-variable -O3 -DNDEBUG -Wno-dev -MD -MT _deps/curl-build/src/CMakeFiles/curl.dir/tool_help.c.o -MF _deps/curl-build/src/CMakeFiles/curl.dir/tool_help.c.o.d -o _deps/curl-build/src/CMakeFiles/curl.dir/tool_help.c.o -c /project/build/cp310-cp310-linux_x86_64/_deps/curl-src/src/tool_help.c
[201/514] /opt/rh/devtoolset-10/root/usr/bin/gcc  -pthread -DBUILDING_CURL -DHAVE_CONFIG_H -DUSE_MANUAL -I/project/build/cp310-cp310-linux_x86_64/_deps/curl-src/include -I/project/build/cp310-cp310-linux_x86_64/_deps/curl-build/lib -I/project/build/cp310-cp310-linux_x86_64/_deps/curl-src/lib -I/project/build/cp310-cp310-linux_x86_64/_deps/curl-src/src -Werror-implicit-function-declaration -W -Wall -pedantic -Wbad-function-cast -Wconversion -Winline -Wmissing-declarations -Wmissing-prototypes -Wnested-externs -Wno-long-long -Wno-multichar -Wpointer-arith -Wshadow -Wsign-compare -Wundef -Wunused -Wwrite-strings -Waddress -Wattributes -Wcast-align -Wdeclaration-after-statement -Wdiv-by-zero -Wempty-body -Wendif-labels -Wfloat-equal -Wformat-security -Wignored-qualifiers -Wmissing-field-initializers -Wmissing-noreturn -Wno-format-nonliteral -Wno-system-headers -Wold-style-definition -Wredundant-decls -Wsign-conversion -Wno-error=sign-conversion -Wstrict-prototypes -Wtype-limits -Wunreachable-code -Wunused-parameter -Wvla -Wclobbered -Wmissing-parameter-type -Wold-style-declaration -Wstrict-aliasing=3 -Wtrampolines -Wformat=2 -Warray-bounds=2 -ftree-vrp -Wduplicated-cond -Wnull-dereference -fdelete-null-pointer-checks -Wshift-negative-value -Wshift-overflow=2 -Walloc-zero -Wduplicated-branches -Wno-format-overflow -Wformat-truncation=2 -Wimplicit-fallthrough -Wrestrict -Warith-conversion -Wdouble-promotion -Wenum-conversion -Wpragmas -Wunused-const-variable -O3 -DNDEBUG -Wno-dev -MD -MT _deps/curl-build/src/CMakeFiles/curl.dir/tool_libinfo.c.o -MF _deps/curl-build/src/CMakeFiles/curl.dir/tool_libinfo.c.o.d -o _deps/curl-build/src/CMakeFiles/curl.dir/tool_libinfo.c.o -c /project/build/cp310-cp310-linux_x86_64/_deps/curl-src/src/tool_libinfo.c
[202/514] /opt/rh/devtoolset-10/root/usr/bin/gcc  -pthread -DBUILDING_LIBCURL -DCURL_HIDDEN_SYMBOLS -DHAVE_CONFIG_H -Dlibcurl_shared_EXPORTS -I/project/build/cp310-cp310-linux_x86_64/_deps/curl-src/include -I/project/build/cp310-cp310-linux_x86_64/_deps/curl-build/lib -I/project/build/cp310-cp310-linux_x86_64/_deps/curl-src/lib -Werror-implicit-function-declaration -W -Wall -pedantic -Wbad-function-cast -Wconversion -Winline -Wmissing-declarations -Wmissing-prototypes -Wnested-externs -Wno-long-long -Wno-multichar -Wpointer-arith -Wshadow -Wsign-compare -Wundef -Wunused -Wwrite-strings -Waddress -Wattributes -Wcast-align -Wdeclaration-after-statement -Wdiv-by-zero -Wempty-body -Wendif-labels -Wfloat-equal -Wformat-security -Wignored-qualifiers -Wmissing-field-initializers -Wmissing-noreturn -Wno-format-nonliteral -Wno-system-headers -Wold-style-definition -Wredundant-decls -Wsign-conversion -Wno-error=sign-conversion -Wstrict-prototypes -Wtype-limits -Wunreachable-code -Wunused-parameter -Wvla -Wclobbered -Wmissing-parameter-type -Wold-style-declaration -Wstrict-aliasing=3 -Wtrampolines -Wformat=2 -Warray-bounds=2 -ftree-vrp -Wduplicated-cond -Wnull-dereference -fdelete-null-pointer-checks -Wshift-negative-value -Wshift-overflow=2 -Walloc-zero -Wduplicated-branches -Wno-format-overflow -Wformat-truncation=2 -Wimplicit-fallthrough -Wrestrict -Warith-conversion -Wdouble-promotion -Wenum-conversion -Wpragmas -Wunused-const-variable -O3 -DNDEBUG -fPIC -fvisibility=hidden -Wno-dev -MD -MT _deps/curl-build/lib/CMakeFiles/libcurl_shared.dir/vtls/vtls.c.o -MF _deps/curl-build/lib/CMakeFiles/libcurl_shared.dir/vtls/vtls.c.o.d -o _deps/curl-build/lib/CMakeFiles/libcurl_shared.dir/vtls/vtls.c.o -c /project/build/cp310-cp310-linux_x86_64/_deps/curl-src/lib/vtls/vtls.c
[203/514] /opt/rh/devtoolset-10/root/usr/bin/gcc  -pthread -DBUILDING_CURL -DHAVE_CONFIG_H -DUSE_MANUAL -I/project/build/cp310-cp310-linux_x86_64/_deps/curl-src/include -I/project/build/cp310-cp310-linux_x86_64/_deps/curl-build/lib -I/project/build/cp310-cp310-linux_x86_64/_deps/curl-src/lib -I/project/build/cp310-cp310-linux_x86_64/_deps/curl-src/src -Werror-implicit-function-declaration -W -Wall -pedantic -Wbad-function-cast -Wconversion -Winline -Wmissing-declarations -Wmissing-prototypes -Wnested-externs -Wno-long-long -Wno-multichar -Wpointer-arith -Wshadow -Wsign-compare -Wundef -Wunused -Wwrite-strings -Waddress -Wattributes -Wcast-align -Wdeclaration-after-statement -Wdiv-by-zero -Wempty-body -Wendif-labels -Wfloat-equal -Wformat-security -Wignored-qualifiers -Wmissing-field-initializers -Wmissing-noreturn -Wno-format-nonliteral -Wno-system-headers -Wold-style-definition -Wredundant-decls -Wsign-conversion -Wno-error=sign-conversion -Wstrict-prototypes -Wtype-limits -Wunreachable-code -Wunused-parameter -Wvla -Wclobbered -Wmissing-parameter-type -Wold-style-declaration -Wstrict-aliasing=3 -Wtrampolines -Wformat=2 -Warray-bounds=2 -ftree-vrp -Wduplicated-cond -Wnull-dereference -fdelete-null-pointer-checks -Wshift-negative-value -Wshift-overflow=2 -Walloc-zero -Wduplicated-branches -Wno-format-overflow -Wformat-truncation=2 -Wimplicit-fallthrough -Wrestrict -Warith-conversion -Wdouble-promotion -Wenum-conversion -Wpragmas -Wunused-const-variable -O3 -DNDEBUG -Wno-dev -MD -MT _deps/curl-build/src/CMakeFiles/curl.dir/tool_listhelp.c.o -MF _deps/curl-build/src/CMakeFiles/curl.dir/tool_listhelp.c.o.d -o _deps/curl-build/src/CMakeFiles/curl.dir/tool_listhelp.c.o -c /project/build/cp310-cp310-linux_x86_64/_deps/curl-src/src/tool_listhelp.c
[204/514] /opt/rh/devtoolset-10/root/usr/bin/gcc  -pthread -DBUILDING_CURL -DHAVE_CONFIG_H -DUSE_MANUAL -I/project/build/cp310-cp310-linux_x86_64/_deps/curl-src/include -I/project/build/cp310-cp310-linux_x86_64/_deps/curl-build/lib -I/project/build/cp310-cp310-linux_x86_64/_deps/curl-src/lib -I/project/build/cp310-cp310-linux_x86_64/_deps/curl-src/src -Werror-implicit-function-declaration -W -Wall -pedantic -Wbad-function-cast -Wconversion -Winline -Wmissing-declarations -Wmissing-prototypes -Wnested-externs -Wno-long-long -Wno-multichar -Wpointer-arith -Wshadow -Wsign-compare -Wundef -Wunused -Wwrite-strings -Waddress -Wattributes -Wcast-align -Wdeclaration-after-statement -Wdiv-by-zero -Wempty-body -Wendif-labels -Wfloat-equal -Wformat-security -Wignored-qualifiers -Wmissing-field-initializers -Wmissing-noreturn -Wno-format-nonliteral -Wno-system-headers -Wold-style-definition -Wredundant-decls -Wsign-conversion -Wno-error=sign-conversion -Wstrict-prototypes -Wtype-limits -Wunreachable-code -Wunused-parameter -Wvla -Wclobbered -Wmissing-parameter-type -Wold-style-declaration -Wstrict-aliasing=3 -Wtrampolines -Wformat=2 -Warray-bounds=2 -ftree-vrp -Wduplicated-cond -Wnull-dereference -fdelete-null-pointer-checks -Wshift-negative-value -Wshift-overflow=2 -Walloc-zero -Wduplicated-branches -Wno-format-overflow -Wformat-truncation=2 -Wimplicit-fallthrough -Wrestrict -Warith-conversion -Wdouble-promotion -Wenum-conversion -Wpragmas -Wunused-const-variable -O3 -DNDEBUG -Wno-dev -MD -MT _deps/curl-build/src/CMakeFiles/curl.dir/tool_main.c.o -MF _deps/curl-build/src/CMakeFiles/curl.dir/tool_main.c.o.d -o _deps/curl-build/src/CMakeFiles/curl.dir/tool_main.c.o -c /project/build/cp310-cp310-linux_x86_64/_deps/curl-src/src/tool_main.c
[205/514] /opt/rh/devtoolset-10/root/usr/bin/gcc  -pthread -DBUILDING_CURL -DHAVE_CONFIG_H -DUSE_MANUAL -I/project/build/cp310-cp310-linux_x86_64/_deps/curl-src/include -I/project/build/cp310-cp310-linux_x86_64/_deps/curl-build/lib -I/project/build/cp310-cp310-linux_x86_64/_deps/curl-src/lib -I/project/build/cp310-cp310-linux_x86_64/_deps/curl-src/src -Werror-implicit-function-declaration -W -Wall -pedantic -Wbad-function-cast -Wconversion -Winline -Wmissing-declarations -Wmissing-prototypes -Wnested-externs -Wno-long-long -Wno-multichar -Wpointer-arith -Wshadow -Wsign-compare -Wundef -Wunused -Wwrite-strings -Waddress -Wattributes -Wcast-align -Wdeclaration-after-statement -Wdiv-by-zero -Wempty-body -Wendif-labels -Wfloat-equal -Wformat-security -Wignored-qualifiers -Wmissing-field-initializers -Wmissing-noreturn -Wno-format-nonliteral -Wno-system-headers -Wold-style-definition -Wredundant-decls -Wsign-conversion -Wno-error=sign-conversion -Wstrict-prototypes -Wtype-limits -Wunreachable-code -Wunused-parameter -Wvla -Wclobbered -Wmissing-parameter-type -Wold-style-declaration -Wstrict-aliasing=3 -Wtrampolines -Wformat=2 -Warray-bounds=2 -ftree-vrp -Wduplicated-cond -Wnull-dereference -fdelete-null-pointer-checks -Wshift-negative-value -Wshift-overflow=2 -Walloc-zero -Wduplicated-branches -Wno-format-overflow -Wformat-truncation=2 -Wimplicit-fallthrough -Wrestrict -Warith-conversion -Wdouble-promotion -Wenum-conversion -Wpragmas -Wunused-const-variable -O3 -DNDEBUG -Wno-dev -MD -MT _deps/curl-build/src/CMakeFiles/curl.dir/tool_msgs.c.o -MF _deps/curl-build/src/CMakeFiles/curl.dir/tool_msgs.c.o.d -o _deps/curl-build/src/CMakeFiles/curl.dir/tool_msgs.c.o -c /project/build/cp310-cp310-linux_x86_64/_deps/curl-src/src/tool_msgs.c
[206/514] /opt/rh/devtoolset-10/root/usr/bin/gcc  -pthread -DBUILDING_CURL -DHAVE_CONFIG_H -DUSE_MANUAL -I/project/build/cp310-cp310-linux_x86_64/_deps/curl-src/include -I/project/build/cp310-cp310-linux_x86_64/_deps/curl-build/lib -I/project/build/cp310-cp310-linux_x86_64/_deps/curl-src/lib -I/project/build/cp310-cp310-linux_x86_64/_deps/curl-src/src -Werror-implicit-function-declaration -W -Wall -pedantic -Wbad-function-cast -Wconversion -Winline -Wmissing-declarations -Wmissing-prototypes -Wnested-externs -Wno-long-long -Wno-multichar -Wpointer-arith -Wshadow -Wsign-compare -Wundef -Wunused -Wwrite-strings -Waddress -Wattributes -Wcast-align -Wdeclaration-after-statement -Wdiv-by-zero -Wempty-body -Wendif-labels -Wfloat-equal -Wformat-security -Wignored-qualifiers -Wmissing-field-initializers -Wmissing-noreturn -Wno-format-nonliteral -Wno-system-headers -Wold-style-definition -Wredundant-decls -Wsign-conversion -Wno-error=sign-conversion -Wstrict-prototypes -Wtype-limits -Wunreachable-code -Wunused-parameter -Wvla -Wclobbered -Wmissing-parameter-type -Wold-style-declaration -Wstrict-aliasing=3 -Wtrampolines -Wformat=2 -Warray-bounds=2 -ftree-vrp -Wduplicated-cond -Wnull-dereference -fdelete-null-pointer-checks -Wshift-negative-value -Wshift-overflow=2 -Walloc-zero -Wduplicated-branches -Wno-format-overflow -Wformat-truncation=2 -Wimplicit-fallthrough -Wrestrict -Warith-conversion -Wdouble-promotion -Wenum-conversion -Wpragmas -Wunused-const-variable -O3 -DNDEBUG -Wno-dev -MD -MT _deps/curl-build/src/CMakeFiles/curl.dir/tool_formparse.c.o -MF _deps/curl-build/src/CMakeFiles/curl.dir/tool_formparse.c.o.d -o _deps/curl-build/src/CMakeFiles/curl.dir/tool_formparse.c.o -c /project/build/cp310-cp310-linux_x86_64/_deps/curl-src/src/tool_formparse.c
[207/514] /opt/rh/devtoolset-10/root/usr/bin/gcc  -pthread -DBUILDING_CURL -DHAVE_CONFIG_H -DUSE_MANUAL -I/project/build/cp310-cp310-linux_x86_64/_deps/curl-src/include -I/project/build/cp310-cp310-linux_x86_64/_deps/curl-build/lib -I/project/build/cp310-cp310-linux_x86_64/_deps/curl-src/lib -I/project/build/cp310-cp310-linux_x86_64/_deps/curl-src/src -Werror-implicit-function-declaration -W -Wall -pedantic -Wbad-function-cast -Wconversion -Winline -Wmissing-declarations -Wmissing-prototypes -Wnested-externs -Wno-long-long -Wno-multichar -Wpointer-arith -Wshadow -Wsign-compare -Wundef -Wunused -Wwrite-strings -Waddress -Wattributes -Wcast-align -Wdeclaration-after-statement -Wdiv-by-zero -Wempty-body -Wendif-labels -Wfloat-equal -Wformat-security -Wignored-qualifiers -Wmissing-field-initializers -Wmissing-noreturn -Wno-format-nonliteral -Wno-system-headers -Wold-style-definition -Wredundant-decls -Wsign-conversion -Wno-error=sign-conversion -Wstrict-prototypes -Wtype-limits -Wunreachable-code -Wunused-parameter -Wvla -Wclobbered -Wmissing-parameter-type -Wold-style-declaration -Wstrict-aliasing=3 -Wtrampolines -Wformat=2 -Warray-bounds=2 -ftree-vrp -Wduplicated-cond -Wnull-dereference -fdelete-null-pointer-checks -Wshift-negative-value -Wshift-overflow=2 -Walloc-zero -Wduplicated-branches -Wno-format-overflow -Wformat-truncation=2 -Wimplicit-fallthrough -Wrestrict -Warith-conversion -Wdouble-promotion -Wenum-conversion -Wpragmas -Wunused-const-variable -O3 -DNDEBUG -Wno-dev -MD -MT _deps/curl-build/src/CMakeFiles/curl.dir/tool_operhlp.c.o -MF _deps/curl-build/src/CMakeFiles/curl.dir/tool_operhlp.c.o.d -o _deps/curl-build/src/CMakeFiles/curl.dir/tool_operhlp.c.o -c /project/build/cp310-cp310-linux_x86_64/_deps/curl-src/src/tool_operhlp.c
[208/514] /opt/rh/devtoolset-10/root/usr/bin/gcc  -pthread -DBUILDING_CURL -DHAVE_CONFIG_H -DUSE_MANUAL -I/project/build/cp310-cp310-linux_x86_64/_deps/curl-src/include -I/project/build/cp310-cp310-linux_x86_64/_deps/curl-build/lib -I/project/build/cp310-cp310-linux_x86_64/_deps/curl-src/lib -I/project/build/cp310-cp310-linux_x86_64/_deps/curl-src/src -Werror-implicit-function-declaration -W -Wall -pedantic -Wbad-function-cast -Wconversion -Winline -Wmissing-declarations -Wmissing-prototypes -Wnested-externs -Wno-long-long -Wno-multichar -Wpointer-arith -Wshadow -Wsign-compare -Wundef -Wunused -Wwrite-strings -Waddress -Wattributes -Wcast-align -Wdeclaration-after-statement -Wdiv-by-zero -Wempty-body -Wendif-labels -Wfloat-equal -Wformat-security -Wignored-qualifiers -Wmissing-field-initializers -Wmissing-noreturn -Wno-format-nonliteral -Wno-system-headers -Wold-style-definition -Wredundant-decls -Wsign-conversion -Wno-error=sign-conversion -Wstrict-prototypes -Wtype-limits -Wunreachable-code -Wunused-parameter -Wvla -Wclobbered -Wmissing-parameter-type -Wold-style-declaration -Wstrict-aliasing=3 -Wtrampolines -Wformat=2 -Warray-bounds=2 -ftree-vrp -Wduplicated-cond -Wnull-dereference -fdelete-null-pointer-checks -Wshift-negative-value -Wshift-overflow=2 -Walloc-zero -Wduplicated-branches -Wno-format-overflow -Wformat-truncation=2 -Wimplicit-fallthrough -Wrestrict -Warith-conversion -Wdouble-promotion -Wenum-conversion -Wpragmas -Wunused-const-variable -O3 -DNDEBUG -Wno-dev -MD -MT _deps/curl-build/src/CMakeFiles/curl.dir/tool_parsecfg.c.o -MF _deps/curl-build/src/CMakeFiles/curl.dir/tool_parsecfg.c.o.d -o _deps/curl-build/src/CMakeFiles/curl.dir/tool_parsecfg.c.o -c /project/build/cp310-cp310-linux_x86_64/_deps/curl-src/src/tool_parsecfg.c
[209/514] /opt/rh/devtoolset-10/root/usr/bin/gcc  -pthread -DBUILDING_LIBCURL -DCURL_HIDDEN_SYMBOLS -DHAVE_CONFIG_H -Dlibcurl_shared_EXPORTS -I/project/build/cp310-cp310-linux_x86_64/_deps/curl-src/include -I/project/build/cp310-cp310-linux_x86_64/_deps/curl-build/lib -I/project/build/cp310-cp310-linux_x86_64/_deps/curl-src/lib -Werror-implicit-function-declaration -W -Wall -pedantic -Wbad-function-cast -Wconversion -Winline -Wmissing-declarations -Wmissing-prototypes -Wnested-externs -Wno-long-long -Wno-multichar -Wpointer-arith -Wshadow -Wsign-compare -Wundef -Wunused -Wwrite-strings -Waddress -Wattributes -Wcast-align -Wdeclaration-after-statement -Wdiv-by-zero -Wempty-body -Wendif-labels -Wfloat-equal -Wformat-security -Wignored-qualifiers -Wmissing-field-initializers -Wmissing-noreturn -Wno-format-nonliteral -Wno-system-headers -Wold-style-definition -Wredundant-decls -Wsign-conversion -Wno-error=sign-conversion -Wstrict-prototypes -Wtype-limits -Wunreachable-code -Wunused-parameter -Wvla -Wclobbered -Wmissing-parameter-type -Wold-style-declaration -Wstrict-aliasing=3 -Wtrampolines -Wformat=2 -Warray-bounds=2 -ftree-vrp -Wduplicated-cond -Wnull-dereference -fdelete-null-pointer-checks -Wshift-negative-value -Wshift-overflow=2 -Walloc-zero -Wduplicated-branches -Wno-format-overflow -Wformat-truncation=2 -Wimplicit-fallthrough -Wrestrict -Warith-conversion -Wdouble-promotion -Wenum-conversion -Wpragmas -Wunused-const-variable -O3 -DNDEBUG -fPIC -fvisibility=hidden -Wno-dev -MD -MT _deps/curl-build/lib/CMakeFiles/libcurl_shared.dir/vtls/openssl.c.o -MF _deps/curl-build/lib/CMakeFiles/libcurl_shared.dir/vtls/openssl.c.o.d -o _deps/curl-build/lib/CMakeFiles/libcurl_shared.dir/vtls/openssl.c.o -c /project/build/cp310-cp310-linux_x86_64/_deps/curl-src/lib/vtls/openssl.c
[210/514] /opt/rh/devtoolset-10/root/usr/bin/gcc  -pthread -DBUILDING_CURL -DHAVE_CONFIG_H -DUSE_MANUAL -I/project/build/cp310-cp310-linux_x86_64/_deps/curl-src/include -I/project/build/cp310-cp310-linux_x86_64/_deps/curl-build/lib -I/project/build/cp310-cp310-linux_x86_64/_deps/curl-src/lib -I/project/build/cp310-cp310-linux_x86_64/_deps/curl-src/src -Werror-implicit-function-declaration -W -Wall -pedantic -Wbad-function-cast -Wconversion -Winline -Wmissing-declarations -Wmissing-prototypes -Wnested-externs -Wno-long-long -Wno-multichar -Wpointer-arith -Wshadow -Wsign-compare -Wundef -Wunused -Wwrite-strings -Waddress -Wattributes -Wcast-align -Wdeclaration-after-statement -Wdiv-by-zero -Wempty-body -Wendif-labels -Wfloat-equal -Wformat-security -Wignored-qualifiers -Wmissing-field-initializers -Wmissing-noreturn -Wno-format-nonliteral -Wno-system-headers -Wold-style-definition -Wredundant-decls -Wsign-conversion -Wno-error=sign-conversion -Wstrict-prototypes -Wtype-limits -Wunreachable-code -Wunused-parameter -Wvla -Wclobbered -Wmissing-parameter-type -Wold-style-declaration -Wstrict-aliasing=3 -Wtrampolines -Wformat=2 -Warray-bounds=2 -ftree-vrp -Wduplicated-cond -Wnull-dereference -fdelete-null-pointer-checks -Wshift-negative-value -Wshift-overflow=2 -Walloc-zero -Wduplicated-branches -Wno-format-overflow -Wformat-truncation=2 -Wimplicit-fallthrough -Wrestrict -Warith-conversion -Wdouble-promotion -Wenum-conversion -Wpragmas -Wunused-const-variable -O3 -DNDEBUG -Wno-dev -MD -MT _deps/curl-build/src/CMakeFiles/curl.dir/tool_progress.c.o -MF _deps/curl-build/src/CMakeFiles/curl.dir/tool_progress.c.o.d -o _deps/curl-build/src/CMakeFiles/curl.dir/tool_progress.c.o -c /project/build/cp310-cp310-linux_x86_64/_deps/curl-src/src/tool_progress.c
[211/514] /opt/rh/devtoolset-10/root/usr/bin/gcc  -pthread -DBUILDING_CURL -DHAVE_CONFIG_H -DUSE_MANUAL -I/project/build/cp310-cp310-linux_x86_64/_deps/curl-src/include -I/project/build/cp310-cp310-linux_x86_64/_deps/curl-build/lib -I/project/build/cp310-cp310-linux_x86_64/_deps/curl-src/lib -I/project/build/cp310-cp310-linux_x86_64/_deps/curl-src/src -Werror-implicit-function-declaration -W -Wall -pedantic -Wbad-function-cast -Wconversion -Winline -Wmissing-declarations -Wmissing-prototypes -Wnested-externs -Wno-long-long -Wno-multichar -Wpointer-arith -Wshadow -Wsign-compare -Wundef -Wunused -Wwrite-strings -Waddress -Wattributes -Wcast-align -Wdeclaration-after-statement -Wdiv-by-zero -Wempty-body -Wendif-labels -Wfloat-equal -Wformat-security -Wignored-qualifiers -Wmissing-field-initializers -Wmissing-noreturn -Wno-format-nonliteral -Wno-system-headers -Wold-style-definition -Wredundant-decls -Wsign-conversion -Wno-error=sign-conversion -Wstrict-prototypes -Wtype-limits -Wunreachable-code -Wunused-parameter -Wvla -Wclobbered -Wmissing-parameter-type -Wold-style-declaration -Wstrict-aliasing=3 -Wtrampolines -Wformat=2 -Warray-bounds=2 -ftree-vrp -Wduplicated-cond -Wnull-dereference -fdelete-null-pointer-checks -Wshift-negative-value -Wshift-overflow=2 -Walloc-zero -Wduplicated-branches -Wno-format-overflow -Wformat-truncation=2 -Wimplicit-fallthrough -Wrestrict -Warith-conversion -Wdouble-promotion -Wenum-conversion -Wpragmas -Wunused-const-variable -O3 -DNDEBUG -Wno-dev -MD -MT _deps/curl-build/src/CMakeFiles/curl.dir/tool_strdup.c.o -MF _deps/curl-build/src/CMakeFiles/curl.dir/tool_strdup.c.o.d -o _deps/curl-build/src/CMakeFiles/curl.dir/tool_strdup.c.o -c /project/build/cp310-cp310-linux_x86_64/_deps/curl-src/src/tool_strdup.c
[212/514] /opt/rh/devtoolset-10/root/usr/bin/gcc  -pthread -DBUILDING_CURL -DHAVE_CONFIG_H -DUSE_MANUAL -I/project/build/cp310-cp310-linux_x86_64/_deps/curl-src/include -I/project/build/cp310-cp310-linux_x86_64/_deps/curl-build/lib -I/project/build/cp310-cp310-linux_x86_64/_deps/curl-src/lib -I/project/build/cp310-cp310-linux_x86_64/_deps/curl-src/src -Werror-implicit-function-declaration -W -Wall -pedantic -Wbad-function-cast -Wconversion -Winline -Wmissing-declarations -Wmissing-prototypes -Wnested-externs -Wno-long-long -Wno-multichar -Wpointer-arith -Wshadow -Wsign-compare -Wundef -Wunused -Wwrite-strings -Waddress -Wattributes -Wcast-align -Wdeclaration-after-statement -Wdiv-by-zero -Wempty-body -Wendif-labels -Wfloat-equal -Wformat-security -Wignored-qualifiers -Wmissing-field-initializers -Wmissing-noreturn -Wno-format-nonliteral -Wno-system-headers -Wold-style-definition -Wredundant-decls -Wsign-conversion -Wno-error=sign-conversion -Wstrict-prototypes -Wtype-limits -Wunreachable-code -Wunused-parameter -Wvla -Wclobbered -Wmissing-parameter-type -Wold-style-declaration -Wstrict-aliasing=3 -Wtrampolines -Wformat=2 -Warray-bounds=2 -ftree-vrp -Wduplicated-cond -Wnull-dereference -fdelete-null-pointer-checks -Wshift-negative-value -Wshift-overflow=2 -Walloc-zero -Wduplicated-branches -Wno-format-overflow -Wformat-truncation=2 -Wimplicit-fallthrough -Wrestrict -Warith-conversion -Wdouble-promotion -Wenum-conversion -Wpragmas -Wunused-const-variable -O3 -DNDEBUG -Wno-dev -MD -MT _deps/curl-build/src/CMakeFiles/curl.dir/tool_sleep.c.o -MF _deps/curl-build/src/CMakeFiles/curl.dir/tool_sleep.c.o.d -o _deps/curl-build/src/CMakeFiles/curl.dir/tool_sleep.c.o -c /project/build/cp310-cp310-linux_x86_64/_deps/curl-src/src/tool_sleep.c
[213/514] /opt/rh/devtoolset-10/root/usr/bin/gcc  -pthread -DHAVE_CONFIG_H -D__LIBARCHIVE_ENABLE_VISIBILITY -Darchive_EXPORTS -I/project/build/cp310-cp310-linux_x86_64/_deps/libarchive-src/libarchive -I/project/build/cp310-cp310-linux_x86_64/_deps/libarchive-build -I/project/build/cp310-cp310-linux_x86_64/_deps/libarchive-src/libarchive/. -Wall -Wformat -Wformat-security -ffunction-sections -fdata-sections -fvisibility=hidden -O3 -DNDEBUG -fPIC -Wno-dev -MD -MT _deps/libarchive-build/libarchive/CMakeFiles/archive.dir/archive_acl.c.o -MF _deps/libarchive-build/libarchive/CMakeFiles/archive.dir/archive_acl.c.o.d -o _deps/libarchive-build/libarchive/CMakeFiles/archive.dir/archive_acl.c.o -c /project/build/cp310-cp310-linux_x86_64/_deps/libarchive-src/libarchive/archive_acl.c
[214/514] /opt/rh/devtoolset-10/root/usr/bin/gcc  -pthread -DBUILDING_CURL -DHAVE_CONFIG_H -DUSE_MANUAL -I/project/build/cp310-cp310-linux_x86_64/_deps/curl-src/include -I/project/build/cp310-cp310-linux_x86_64/_deps/curl-build/lib -I/project/build/cp310-cp310-linux_x86_64/_deps/curl-src/lib -I/project/build/cp310-cp310-linux_x86_64/_deps/curl-src/src -Werror-implicit-function-declaration -W -Wall -pedantic -Wbad-function-cast -Wconversion -Winline -Wmissing-declarations -Wmissing-prototypes -Wnested-externs -Wno-long-long -Wno-multichar -Wpointer-arith -Wshadow -Wsign-compare -Wundef -Wunused -Wwrite-strings -Waddress -Wattributes -Wcast-align -Wdeclaration-after-statement -Wdiv-by-zero -Wempty-body -Wendif-labels -Wfloat-equal -Wformat-security -Wignored-qualifiers -Wmissing-field-initializers -Wmissing-noreturn -Wno-format-nonliteral -Wno-system-headers -Wold-style-definition -Wredundant-decls -Wsign-conversion -Wno-error=sign-conversion -Wstrict-prototypes -Wtype-limits -Wunreachable-code -Wunused-parameter -Wvla -Wclobbered -Wmissing-parameter-type -Wold-style-declaration -Wstrict-aliasing=3 -Wtrampolines -Wformat=2 -Warray-bounds=2 -ftree-vrp -Wduplicated-cond -Wnull-dereference -fdelete-null-pointer-checks -Wshift-negative-value -Wshift-overflow=2 -Walloc-zero -Wduplicated-branches -Wno-format-overflow -Wformat-truncation=2 -Wimplicit-fallthrough -Wrestrict -Warith-conversion -Wdouble-promotion -Wenum-conversion -Wpragmas -Wunused-const-variable -O3 -DNDEBUG -Wno-dev -MD -MT _deps/curl-build/src/CMakeFiles/curl.dir/tool_stderr.c.o -MF _deps/curl-build/src/CMakeFiles/curl.dir/tool_stderr.c.o.d -o _deps/curl-build/src/CMakeFiles/curl.dir/tool_stderr.c.o -c /project/build/cp310-cp310-linux_x86_64/_deps/curl-src/src/tool_stderr.c
[215/514] /opt/rh/devtoolset-10/root/usr/bin/gcc  -pthread -DBUILDING_CURL -DHAVE_CONFIG_H -DUSE_MANUAL -I/project/build/cp310-cp310-linux_x86_64/_deps/curl-src/include -I/project/build/cp310-cp310-linux_x86_64/_deps/curl-build/lib -I/project/build/cp310-cp310-linux_x86_64/_deps/curl-src/lib -I/project/build/cp310-cp310-linux_x86_64/_deps/curl-src/src -Werror-implicit-function-declaration -W -Wall -pedantic -Wbad-function-cast -Wconversion -Winline -Wmissing-declarations -Wmissing-prototypes -Wnested-externs -Wno-long-long -Wno-multichar -Wpointer-arith -Wshadow -Wsign-compare -Wundef -Wunused -Wwrite-strings -Waddress -Wattributes -Wcast-align -Wdeclaration-after-statement -Wdiv-by-zero -Wempty-body -Wendif-labels -Wfloat-equal -Wformat-security -Wignored-qualifiers -Wmissing-field-initializers -Wmissing-noreturn -Wno-format-nonliteral -Wno-system-headers -Wold-style-definition -Wredundant-decls -Wsign-conversion -Wno-error=sign-conversion -Wstrict-prototypes -Wtype-limits -Wunreachable-code -Wunused-parameter -Wvla -Wclobbered -Wmissing-parameter-type -Wold-style-declaration -Wstrict-aliasing=3 -Wtrampolines -Wformat=2 -Warray-bounds=2 -ftree-vrp -Wduplicated-cond -Wnull-dereference -fdelete-null-pointer-checks -Wshift-negative-value -Wshift-overflow=2 -Walloc-zero -Wduplicated-branches -Wno-format-overflow -Wformat-truncation=2 -Wimplicit-fallthrough -Wrestrict -Warith-conversion -Wdouble-promotion -Wenum-conversion -Wpragmas -Wunused-const-variable -O3 -DNDEBUG -Wno-dev -MD -MT _deps/curl-build/src/CMakeFiles/curl.dir/tool_paramhlp.c.o -MF _deps/curl-build/src/CMakeFiles/curl.dir/tool_paramhlp.c.o.d -o _deps/curl-build/src/CMakeFiles/curl.dir/tool_paramhlp.c.o -c /project/build/cp310-cp310-linux_x86_64/_deps/curl-src/src/tool_paramhlp.c
[216/514] /opt/rh/devtoolset-10/root/usr/bin/gcc  -pthread -DBUILDING_CURL -DHAVE_CONFIG_H -DUSE_MANUAL -I/project/build/cp310-cp310-linux_x86_64/_deps/curl-src/include -I/project/build/cp310-cp310-linux_x86_64/_deps/curl-build/lib -I/project/build/cp310-cp310-linux_x86_64/_deps/curl-src/lib -I/project/build/cp310-cp310-linux_x86_64/_deps/curl-src/src -Werror-implicit-function-declaration -W -Wall -pedantic -Wbad-function-cast -Wconversion -Winline -Wmissing-declarations -Wmissing-prototypes -Wnested-externs -Wno-long-long -Wno-multichar -Wpointer-arith -Wshadow -Wsign-compare -Wundef -Wunused -Wwrite-strings -Waddress -Wattributes -Wcast-align -Wdeclaration-after-statement -Wdiv-by-zero -Wempty-body -Wendif-labels -Wfloat-equal -Wformat-security -Wignored-qualifiers -Wmissing-field-initializers -Wmissing-noreturn -Wno-format-nonliteral -Wno-system-headers -Wold-style-definition -Wredundant-decls -Wsign-conversion -Wno-error=sign-conversion -Wstrict-prototypes -Wtype-limits -Wunreachable-code -Wunused-parameter -Wvla -Wclobbered -Wmissing-parameter-type -Wold-style-declaration -Wstrict-aliasing=3 -Wtrampolines -Wformat=2 -Warray-bounds=2 -ftree-vrp -Wduplicated-cond -Wnull-dereference -fdelete-null-pointer-checks -Wshift-negative-value -Wshift-overflow=2 -Walloc-zero -Wduplicated-branches -Wno-format-overflow -Wformat-truncation=2 -Wimplicit-fallthrough -Wrestrict -Warith-conversion -Wdouble-promotion -Wenum-conversion -Wpragmas -Wunused-const-variable -O3 -DNDEBUG -Wno-dev -MD -MT _deps/curl-build/src/CMakeFiles/curl.dir/tool_vms.c.o -MF _deps/curl-build/src/CMakeFiles/curl.dir/tool_vms.c.o.d -o _deps/curl-build/src/CMakeFiles/curl.dir/tool_vms.c.o -c /project/build/cp310-cp310-linux_x86_64/_deps/curl-src/src/tool_vms.c
[217/514] /opt/rh/devtoolset-10/root/usr/bin/gcc  -pthread -DBUILDING_CURL -DHAVE_CONFIG_H -DUSE_MANUAL -I/project/build/cp310-cp310-linux_x86_64/_deps/curl-src/include -I/project/build/cp310-cp310-linux_x86_64/_deps/curl-build/lib -I/project/build/cp310-cp310-linux_x86_64/_deps/curl-src/lib -I/project/build/cp310-cp310-linux_x86_64/_deps/curl-src/src -Werror-implicit-function-declaration -W -Wall -pedantic -Wbad-function-cast -Wconversion -Winline -Wmissing-declarations -Wmissing-prototypes -Wnested-externs -Wno-long-long -Wno-multichar -Wpointer-arith -Wshadow -Wsign-compare -Wundef -Wunused -Wwrite-strings -Waddress -Wattributes -Wcast-align -Wdeclaration-after-statement -Wdiv-by-zero -Wempty-body -Wendif-labels -Wfloat-equal -Wformat-security -Wignored-qualifiers -Wmissing-field-initializers -Wmissing-noreturn -Wno-format-nonliteral -Wno-system-headers -Wold-style-definition -Wredundant-decls -Wsign-conversion -Wno-error=sign-conversion -Wstrict-prototypes -Wtype-limits -Wunreachable-code -Wunused-parameter -Wvla -Wclobbered -Wmissing-parameter-type -Wold-style-declaration -Wstrict-aliasing=3 -Wtrampolines -Wformat=2 -Warray-bounds=2 -ftree-vrp -Wduplicated-cond -Wnull-dereference -fdelete-null-pointer-checks -Wshift-negative-value -Wshift-overflow=2 -Walloc-zero -Wduplicated-branches -Wno-format-overflow -Wformat-truncation=2 -Wimplicit-fallthrough -Wrestrict -Warith-conversion -Wdouble-promotion -Wenum-conversion -Wpragmas -Wunused-const-variable -O3 -DNDEBUG -Wno-dev -MD -MT _deps/curl-build/src/CMakeFiles/curl.dir/tool_util.c.o -MF _deps/curl-build/src/CMakeFiles/curl.dir/tool_util.c.o.d -o _deps/curl-build/src/CMakeFiles/curl.dir/tool_util.c.o -c /project/build/cp310-cp310-linux_x86_64/_deps/curl-src/src/tool_util.c
[218/514] /opt/rh/devtoolset-10/root/usr/bin/gcc  -pthread -DBUILDING_CURL -DHAVE_CONFIG_H -DUSE_MANUAL -I/project/build/cp310-cp310-linux_x86_64/_deps/curl-src/include -I/project/build/cp310-cp310-linux_x86_64/_deps/curl-build/lib -I/project/build/cp310-cp310-linux_x86_64/_deps/curl-src/lib -I/project/build/cp310-cp310-linux_x86_64/_deps/curl-src/src -Werror-implicit-function-declaration -W -Wall -pedantic -Wbad-function-cast -Wconversion -Winline -Wmissing-declarations -Wmissing-prototypes -Wnested-externs -Wno-long-long -Wno-multichar -Wpointer-arith -Wshadow -Wsign-compare -Wundef -Wunused -Wwrite-strings -Waddress -Wattributes -Wcast-align -Wdeclaration-after-statement -Wdiv-by-zero -Wempty-body -Wendif-labels -Wfloat-equal -Wformat-security -Wignored-qualifiers -Wmissing-field-initializers -Wmissing-noreturn -Wno-format-nonliteral -Wno-system-headers -Wold-style-definition -Wredundant-decls -Wsign-conversion -Wno-error=sign-conversion -Wstrict-prototypes -Wtype-limits -Wunreachable-code -Wunused-parameter -Wvla -Wclobbered -Wmissing-parameter-type -Wold-style-declaration -Wstrict-aliasing=3 -Wtrampolines -Wformat=2 -Warray-bounds=2 -ftree-vrp -Wduplicated-cond -Wnull-dereference -fdelete-null-pointer-checks -Wshift-negative-value -Wshift-overflow=2 -Walloc-zero -Wduplicated-branches -Wno-format-overflow -Wformat-truncation=2 -Wimplicit-fallthrough -Wrestrict -Warith-conversion -Wdouble-promotion -Wenum-conversion -Wpragmas -Wunused-const-variable -O3 -DNDEBUG -Wno-dev -MD -MT _deps/curl-build/src/CMakeFiles/curl.dir/tool_writeout_json.c.o -MF _deps/curl-build/src/CMakeFiles/curl.dir/tool_writeout_json.c.o.d -o _deps/curl-build/src/CMakeFiles/curl.dir/tool_writeout_json.c.o -c /project/build/cp310-cp310-linux_x86_64/_deps/curl-src/src/tool_writeout_json.c
[219/514] : && /opt/rh/devtoolset-10/root/usr/bin/gcc  -pthread -fPIC -Werror-implicit-function-declaration -W -Wall -pedantic -Wbad-function-cast -Wconversion -Winline -Wmissing-declarations -Wmissing-prototypes -Wnested-externs -Wno-long-long -Wno-multichar -Wpointer-arith -Wshadow -Wsign-compare -Wundef -Wunused -Wwrite-strings -Waddress -Wattributes -Wcast-align -Wdeclaration-after-statement -Wdiv-by-zero -Wempty-body -Wendif-labels -Wfloat-equal -Wformat-security -Wignored-qualifiers -Wmissing-field-initializers -Wmissing-noreturn -Wno-format-nonliteral -Wno-system-headers -Wold-style-definition -Wredundant-decls -Wsign-conversion -Wno-error=sign-conversion -Wstrict-prototypes -Wtype-limits -Wunreachable-code -Wunused-parameter -Wvla -Wclobbered -Wmissing-parameter-type -Wold-style-declaration -Wstrict-aliasing=3 -Wtrampolines -Wformat=2 -Warray-bounds=2 -ftree-vrp -Wduplicated-cond -Wnull-dereference -fdelete-null-pointer-checks -Wshift-negative-value -Wshift-overflow=2 -Walloc-zero -Wduplicated-branches -Wno-format-overflow -Wformat-truncation=2 -Wimplicit-fallthrough -Wrestrict -Warith-conversion -Wdouble-promotion -Wenum-conversion -Wpragmas -Wunused-const-variable -O3 -DNDEBUG   -shared -Wl,-soname,libcurl.so.4 -o _deps/curl-build/lib/libcurl.so.4.8.0 _deps/curl-build/lib/CMakeFiles/libcurl_shared.dir/altsvc.c.o _deps/curl-build/lib/CMakeFiles/libcurl_shared.dir/amigaos.c.o _deps/curl-build/lib/CMakeFiles/libcurl_shared.dir/asyn-ares.c.o _deps/curl-build/lib/CMakeFiles/libcurl_shared.dir/asyn-thread.c.o _deps/curl-build/lib/CMakeFiles/libcurl_shared.dir/base64.c.o _deps/curl-build/lib/CMakeFiles/libcurl_shared.dir/bufq.c.o _deps/curl-build/lib/CMakeFiles/libcurl_shared.dir/bufref.c.o _deps/curl-build/lib/CMakeFiles/libcurl_shared.dir/c-hyper.c.o _deps/curl-build/lib/CMakeFiles/libcurl_shared.dir/cf-h1-proxy.c.o _deps/curl-build/lib/CMakeFiles/libcurl_shared.dir/cf-h2-proxy.c.o _deps/curl-build/lib/CMakeFiles/libcurl_shared.dir/cf-haproxy.c.o _deps/curl-build/lib/CMakeFiles/libcurl_shared.dir/cf-https-connect.c.o _deps/curl-build/lib/CMakeFiles/libcurl_shared.dir/cf-socket.c.o _deps/curl-build/lib/CMakeFiles/libcurl_shared.dir/cfilters.c.o _deps/curl-build/lib/CMakeFiles/libcurl_shared.dir/conncache.c.o _deps/curl-build/lib/CMakeFiles/libcurl_shared.dir/connect.c.o _deps/curl-build/lib/CMakeFiles/libcurl_shared.dir/content_encoding.c.o _deps/curl-build/lib/CMakeFiles/libcurl_shared.dir/cookie.c.o _deps/curl-build/lib/CMakeFiles/libcurl_shared.dir/curl_addrinfo.c.o _deps/curl-build/lib/CMakeFiles/libcurl_shared.dir/curl_des.c.o _deps/curl-build/lib/CMakeFiles/libcurl_shared.dir/curl_endian.c.o _deps/curl-build/lib/CMakeFiles/libcurl_shared.dir/curl_fnmatch.c.o _deps/curl-build/lib/CMakeFiles/libcurl_shared.dir/curl_get_line.c.o _deps/curl-build/lib/CMakeFiles/libcurl_shared.dir/curl_gethostname.c.o _deps/curl-build/lib/CMakeFiles/libcurl_shared.dir/curl_gssapi.c.o _deps/curl-build/lib/CMakeFiles/libcurl_shared.dir/curl_memrchr.c.o _deps/curl-build/lib/CMakeFiles/libcurl_shared.dir/curl_multibyte.c.o _deps/curl-build/lib/CMakeFiles/libcurl_shared.dir/curl_ntlm_core.c.o _deps/curl-build/lib/CMakeFiles/libcurl_shared.dir/curl_path.c.o _deps/curl-build/lib/CMakeFiles/libcurl_shared.dir/curl_range.c.o _deps/curl-build/lib/CMakeFiles/libcurl_shared.dir/curl_rtmp.c.o _deps/curl-build/lib/CMakeFiles/libcurl_shared.dir/curl_sasl.c.o _deps/curl-build/lib/CMakeFiles/libcurl_shared.dir/curl_sha512_256.c.o _deps/curl-build/lib/CMakeFiles/libcurl_shared.dir/curl_sspi.c.o _deps/curl-build/lib/CMakeFiles/libcurl_shared.dir/curl_threads.c.o _deps/curl-build/lib/CMakeFiles/libcurl_shared.dir/curl_trc.c.o _deps/curl-build/lib/CMakeFiles/libcurl_shared.dir/cw-out.c.o _deps/curl-build/lib/CMakeFiles/libcurl_shared.dir/dict.c.o _deps/curl-build/lib/CMakeFiles/libcurl_shared.dir/doh.c.o _deps/curl-build/lib/CMakeFiles/libcurl_shared.dir/dynbuf.c.o _deps/curl-build/lib/CMakeFiles/libcurl_shared.dir/dynhds.c.o _deps/curl-build/lib/CMakeFiles/libcurl_shared.dir/easy.c.o _deps/curl-build/lib/CMakeFiles/libcurl_shared.dir/easygetopt.c.o _deps/curl-build/lib/CMakeFiles/libcurl_shared.dir/easyoptions.c.o _deps/curl-build/lib/CMakeFiles/libcurl_shared.dir/escape.c.o _deps/curl-build/lib/CMakeFiles/libcurl_shared.dir/file.c.o _deps/curl-build/lib/CMakeFiles/libcurl_shared.dir/fileinfo.c.o _deps/curl-build/lib/CMakeFiles/libcurl_shared.dir/fopen.c.o _deps/curl-build/lib/CMakeFiles/libcurl_shared.dir/formdata.c.o _deps/curl-build/lib/CMakeFiles/libcurl_shared.dir/ftp.c.o _deps/curl-build/lib/CMakeFiles/libcurl_shared.dir/ftplistparser.c.o _deps/curl-build/lib/CMakeFiles/libcurl_shared.dir/getenv.c.o _deps/curl-build/lib/CMakeFiles/libcurl_shared.dir/getinfo.c.o _deps/curl-build/lib/CMakeFiles/libcurl_shared.dir/gopher.c.o _deps/curl-build/lib/CMakeFiles/libcurl_shared.dir/hash.c.o _deps/curl-build/lib/CMakeFiles/libcurl_shared.dir/headers.c.o _deps/curl-build/lib/CMakeFiles/libcurl_shared.dir/hmac.c.o _deps/curl-build/lib/CMakeFiles/libcurl_shared.dir/hostasyn.c.o _deps/curl-build/lib/CMakeFiles/libcurl_shared.dir/hostip.c.o _deps/curl-build/lib/CMakeFiles/libcurl_shared.dir/hostip4.c.o _deps/curl-build/lib/CMakeFiles/libcurl_shared.dir/hostip6.c.o _deps/curl-build/lib/CMakeFiles/libcurl_shared.dir/hostsyn.c.o _deps/curl-build/lib/CMakeFiles/libcurl_shared.dir/hsts.c.o _deps/curl-build/lib/CMakeFiles/libcurl_shared.dir/http.c.o _deps/curl-build/lib/CMakeFiles/libcurl_shared.dir/http1.c.o _deps/curl-build/lib/CMakeFiles/libcurl_shared.dir/http2.c.o _deps/curl-build/lib/CMakeFiles/libcurl_shared.dir/http_aws_sigv4.c.o _deps/curl-build/lib/CMakeFiles/libcurl_shared.dir/http_chunks.c.o _deps/curl-build/lib/CMakeFiles/libcurl_shared.dir/http_digest.c.o _deps/curl-build/lib/CMakeFiles/libcurl_shared.dir/http_negotiate.c.o _deps/curl-build/lib/CMakeFiles/libcurl_shared.dir/http_ntlm.c.o _deps/curl-build/lib/CMakeFiles/libcurl_shared.dir/http_proxy.c.o _deps/curl-build/lib/CMakeFiles/libcurl_shared.dir/idn.c.o _deps/curl-build/lib/CMakeFiles/libcurl_shared.dir/if2ip.c.o _deps/curl-build/lib/CMakeFiles/libcurl_shared.dir/imap.c.o _deps/curl-build/lib/CMakeFiles/libcurl_shared.dir/inet_ntop.c.o _deps/curl-build/lib/CMakeFiles/libcurl_shared.dir/inet_pton.c.o _deps/curl-build/lib/CMakeFiles/libcurl_shared.dir/krb5.c.o _deps/curl-build/lib/CMakeFiles/libcurl_shared.dir/ldap.c.o _deps/curl-build/lib/CMakeFiles/libcurl_shared.dir/llist.c.o _deps/curl-build/lib/CMakeFiles/libcurl_shared.dir/macos.c.o _deps/curl-build/lib/CMakeFiles/libcurl_shared.dir/md4.c.o _deps/curl-build/lib/CMakeFiles/libcurl_shared.dir/md5.c.o _deps/curl-build/lib/CMakeFiles/libcurl_shared.dir/memdebug.c.o _deps/curl-build/lib/CMakeFiles/libcurl_shared.dir/mime.c.o _deps/curl-build/lib/CMakeFiles/libcurl_shared.dir/mprintf.c.o _deps/curl-build/lib/CMakeFiles/libcurl_shared.dir/mqtt.c.o _deps/curl-build/lib/CMakeFiles/libcurl_shared.dir/multi.c.o _deps/curl-build/lib/CMakeFiles/libcurl_shared.dir/netrc.c.o _deps/curl-build/lib/CMakeFiles/libcurl_shared.dir/nonblock.c.o _deps/curl-build/lib/CMakeFiles/libcurl_shared.dir/noproxy.c.o _deps/curl-build/lib/CMakeFiles/libcurl_shared.dir/openldap.c.o _deps/curl-build/lib/CMakeFiles/libcurl_shared.dir/parsedate.c.o _deps/curl-build/lib/CMakeFiles/libcurl_shared.dir/pingpong.c.o _deps/curl-build/lib/CMakeFiles/libcurl_shared.dir/pop3.c.o _deps/curl-build/lib/CMakeFiles/libcurl_shared.dir/progress.c.o _deps/curl-build/lib/CMakeFiles/libcurl_shared.dir/psl.c.o _deps/curl-build/lib/CMakeFiles/libcurl_shared.dir/rand.c.o _deps/curl-build/lib/CMakeFiles/libcurl_shared.dir/rename.c.o _deps/curl-build/lib/CMakeFiles/libcurl_shared.dir/request.c.o _deps/curl-build/lib/CMakeFiles/libcurl_shared.dir/rtsp.c.o _deps/curl-build/lib/CMakeFiles/libcurl_shared.dir/select.c.o _deps/curl-build/lib/CMakeFiles/libcurl_shared.dir/sendf.c.o _deps/curl-build/lib/CMakeFiles/libcurl_shared.dir/setopt.c.o _deps/curl-build/lib/CMakeFiles/libcurl_shared.dir/sha256.c.o _deps/curl-build/lib/CMakeFiles/libcurl_shared.dir/share.c.o _deps/curl-build/lib/CMakeFiles/libcurl_shared.dir/slist.c.o _deps/curl-build/lib/CMakeFiles/libcurl_shared.dir/smb.c.o _deps/curl-build/lib/CMakeFiles/libcurl_shared.dir/smtp.c.o _deps/curl-build/lib/CMakeFiles/libcurl_shared.dir/socketpair.c.o _deps/curl-build/lib/CMakeFiles/libcurl_shared.dir/socks.c.o _deps/curl-build/lib/CMakeFiles/libcurl_shared.dir/socks_gssapi.c.o _deps/curl-build/lib/CMakeFiles/libcurl_shared.dir/socks_sspi.c.o _deps/curl-build/lib/CMakeFiles/libcurl_shared.dir/speedcheck.c.o _deps/curl-build/lib/CMakeFiles/libcurl_shared.dir/splay.c.o _deps/curl-build/lib/CMakeFiles/libcurl_shared.dir/strcase.c.o _deps/curl-build/lib/CMakeFiles/libcurl_shared.dir/strdup.c.o _deps/curl-build/lib/CMakeFiles/libcurl_shared.dir/strerror.c.o _deps/curl-build/lib/CMakeFiles/libcurl_shared.dir/strtok.c.o _deps/curl-build/lib/CMakeFiles/libcurl_shared.dir/strtoofft.c.o _deps/curl-build/lib/CMakeFiles/libcurl_shared.dir/system_win32.c.o _deps/curl-build/lib/CMakeFiles/libcurl_shared.dir/telnet.c.o _deps/curl-build/lib/CMakeFiles/libcurl_shared.dir/tftp.c.o _deps/curl-build/lib/CMakeFiles/libcurl_shared.dir/timediff.c.o _deps/curl-build/lib/CMakeFiles/libcurl_shared.dir/timeval.c.o _deps/curl-build/lib/CMakeFiles/libcurl_shared.dir/transfer.c.o _deps/curl-build/lib/CMakeFiles/libcurl_shared.dir/url.c.o _deps/curl-build/lib/CMakeFiles/libcurl_shared.dir/urlapi.c.o _deps/curl-build/lib/CMakeFiles/libcurl_shared.dir/version.c.o _deps/curl-build/lib/CMakeFiles/libcurl_shared.dir/version_win32.c.o _deps/curl-build/lib/CMakeFiles/libcurl_shared.dir/warnless.c.o _deps/curl-build/lib/CMakeFiles/libcurl_shared.dir/ws.c.o _deps/curl-build/lib/CMakeFiles/libcurl_shared.dir/vauth/cleartext.c.o _deps/curl-build/lib/CMakeFiles/libcurl_shared.dir/vauth/cram.c.o _deps/curl-build/lib/CMakeFiles/libcurl_shared.dir/vauth/digest.c.o _deps/curl-build/lib/CMakeFiles/libcurl_shared.dir/vauth/digest_sspi.c.o _deps/curl-build/lib/CMakeFiles/libcurl_shared.dir/vauth/gsasl.c.o _deps/curl-build/lib/CMakeFiles/libcurl_shared.dir/vauth/krb5_gssapi.c.o _deps/curl-build/lib/CMakeFiles/libcurl_shared.dir/vauth/krb5_sspi.c.o _deps/curl-build/lib/CMakeFiles/libcurl_shared.dir/vauth/ntlm.c.o _deps/curl-build/lib/CMakeFiles/libcurl_shared.dir/vauth/ntlm_sspi.c.o _deps/curl-build/lib/CMakeFiles/libcurl_shared.dir/vauth/oauth2.c.o _deps/curl-build/lib/CMakeFiles/libcurl_shared.dir/vauth/spnego_gssapi.c.o _deps/curl-build/lib/CMakeFiles/libcurl_shared.dir/vauth/spnego_sspi.c.o _deps/curl-build/lib/CMakeFiles/libcurl_shared.dir/vauth/vauth.c.o _deps/curl-build/lib/CMakeFiles/libcurl_shared.dir/vtls/bearssl.c.o _deps/curl-build/lib/CMakeFiles/libcurl_shared.dir/vtls/cipher_suite.c.o _deps/curl-build/lib/CMakeFiles/libcurl_shared.dir/vtls/gtls.c.o _deps/curl-build/lib/CMakeFiles/libcurl_shared.dir/vtls/hostcheck.c.o _deps/curl-build/lib/CMakeFiles/libcurl_shared.dir/vtls/keylog.c.o _deps/curl-build/lib/CMakeFiles/libcurl_shared.dir/vtls/mbedtls.c.o _deps/curl-build/lib/CMakeFiles/libcurl_shared.dir/vtls/mbedtls_threadlock.c.o _deps/curl-build/lib/CMakeFiles/libcurl_shared.dir/vtls/openssl.c.o _deps/curl-build/lib/CMakeFiles/libcurl_shared.dir/vtls/rustls.c.o _deps/curl-build/lib/CMakeFiles/libcurl_shared.dir/vtls/schannel.c.o _deps/curl-build/lib/CMakeFiles/libcurl_shared.dir/vtls/schannel_verify.c.o _deps/curl-build/lib/CMakeFiles/libcurl_shared.dir/vtls/sectransp.c.o _deps/curl-build/lib/CMakeFiles/libcurl_shared.dir/vtls/vtls.c.o _deps/curl-build/lib/CMakeFiles/libcurl_shared.dir/vtls/wolfssl.c.o _deps/curl-build/lib/CMakeFiles/libcurl_shared.dir/vtls/x509asn1.c.o _deps/curl-build/lib/CMakeFiles/libcurl_shared.dir/vquic/curl_msh3.c.o _deps/curl-build/lib/CMakeFiles/libcurl_shared.dir/vquic/curl_ngtcp2.c.o _deps/curl-build/lib/CMakeFiles/libcurl_shared.dir/vquic/curl_osslq.c.o _deps/curl-build/lib/CMakeFiles/libcurl_shared.dir/vquic/curl_quiche.c.o _deps/curl-build/lib/CMakeFiles/libcurl_shared.dir/vquic/vquic.c.o _deps/curl-build/lib/CMakeFiles/libcurl_shared.dir/vquic/vquic-tls.c.o _deps/curl-build/lib/CMakeFiles/libcurl_shared.dir/vssh/libssh.c.o _deps/curl-build/lib/CMakeFiles/libcurl_shared.dir/vssh/libssh2.c.o _deps/curl-build/lib/CMakeFiles/libcurl_shared.dir/vssh/wolfssh.c.o  /usr/lib64/libssl.so  /usr/lib64/libcrypto.so  /usr/lib64/libz.so && :
[220/514] /opt/_internal/pipx/venvs/cmake/lib/python3.12/site-packages/cmake/data/bin/cmake -E cmake_symlink_library _deps/curl-build/lib/libcurl.so.4.8.0  _deps/curl-build/lib/libcurl.so.4 _deps/curl-build/lib/libcurl.so && :
[221/514] /opt/rh/devtoolset-10/root/usr/bin/gcc  -pthread -DBUILDING_CURL -DHAVE_CONFIG_H -DUSE_MANUAL -I/project/build/cp310-cp310-linux_x86_64/_deps/curl-src/include -I/project/build/cp310-cp310-linux_x86_64/_deps/curl-build/lib -I/project/build/cp310-cp310-linux_x86_64/_deps/curl-src/lib -I/project/build/cp310-cp310-linux_x86_64/_deps/curl-src/src -Werror-implicit-function-declaration -W -Wall -pedantic -Wbad-function-cast -Wconversion -Winline -Wmissing-declarations -Wmissing-prototypes -Wnested-externs -Wno-long-long -Wno-multichar -Wpointer-arith -Wshadow -Wsign-compare -Wundef -Wunused -Wwrite-strings -Waddress -Wattributes -Wcast-align -Wdeclaration-after-statement -Wdiv-by-zero -Wempty-body -Wendif-labels -Wfloat-equal -Wformat-security -Wignored-qualifiers -Wmissing-field-initializers -Wmissing-noreturn -Wno-format-nonliteral -Wno-system-headers -Wold-style-definition -Wredundant-decls -Wsign-conversion -Wno-error=sign-conversion -Wstrict-prototypes -Wtype-limits -Wunreachable-code -Wunused-parameter -Wvla -Wclobbered -Wmissing-parameter-type -Wold-style-declaration -Wstrict-aliasing=3 -Wtrampolines -Wformat=2 -Warray-bounds=2 -ftree-vrp -Wduplicated-cond -Wnull-dereference -fdelete-null-pointer-checks -Wshift-negative-value -Wshift-overflow=2 -Walloc-zero -Wduplicated-branches -Wno-format-overflow -Wformat-truncation=2 -Wimplicit-fallthrough -Wrestrict -Warith-conversion -Wdouble-promotion -Wenum-conversion -Wpragmas -Wunused-const-variable -O3 -DNDEBUG -Wno-dev -MD -MT _deps/curl-build/src/CMakeFiles/curl.dir/tool_setopt.c.o -MF _deps/curl-build/src/CMakeFiles/curl.dir/tool_setopt.c.o.d -o _deps/curl-build/src/CMakeFiles/curl.dir/tool_setopt.c.o -c /project/build/cp310-cp310-linux_x86_64/_deps/curl-src/src/tool_setopt.c
[222/514] /opt/rh/devtoolset-10/root/usr/bin/gcc  -pthread -DBUILDING_CURL -DHAVE_CONFIG_H -DUSE_MANUAL -I/project/build/cp310-cp310-linux_x86_64/_deps/curl-src/include -I/project/build/cp310-cp310-linux_x86_64/_deps/curl-build/lib -I/project/build/cp310-cp310-linux_x86_64/_deps/curl-src/lib -I/project/build/cp310-cp310-linux_x86_64/_deps/curl-src/src -Werror-implicit-function-declaration -W -Wall -pedantic -Wbad-function-cast -Wconversion -Winline -Wmissing-declarations -Wmissing-prototypes -Wnested-externs -Wno-long-long -Wno-multichar -Wpointer-arith -Wshadow -Wsign-compare -Wundef -Wunused -Wwrite-strings -Waddress -Wattributes -Wcast-align -Wdeclaration-after-statement -Wdiv-by-zero -Wempty-body -Wendif-labels -Wfloat-equal -Wformat-security -Wignored-qualifiers -Wmissing-field-initializers -Wmissing-noreturn -Wno-format-nonliteral -Wno-system-headers -Wold-style-definition -Wredundant-decls -Wsign-conversion -Wno-error=sign-conversion -Wstrict-prototypes -Wtype-limits -Wunreachable-code -Wunused-parameter -Wvla -Wclobbered -Wmissing-parameter-type -Wold-style-declaration -Wstrict-aliasing=3 -Wtrampolines -Wformat=2 -Warray-bounds=2 -ftree-vrp -Wduplicated-cond -Wnull-dereference -fdelete-null-pointer-checks -Wshift-negative-value -Wshift-overflow=2 -Walloc-zero -Wduplicated-branches -Wno-format-overflow -Wformat-truncation=2 -Wimplicit-fallthrough -Wrestrict -Warith-conversion -Wdouble-promotion -Wenum-conversion -Wpragmas -Wunused-const-variable -O3 -DNDEBUG -Wno-dev -MD -MT _deps/curl-build/src/CMakeFiles/curl.dir/tool_xattr.c.o -MF _deps/curl-build/src/CMakeFiles/curl.dir/tool_xattr.c.o.d -o _deps/curl-build/src/CMakeFiles/curl.dir/tool_xattr.c.o -c /project/build/cp310-cp310-linux_x86_64/_deps/curl-src/src/tool_xattr.c
[223/514] /opt/rh/devtoolset-10/root/usr/bin/gcc  -pthread -DBUILDING_CURL -DHAVE_CONFIG_H -DUSE_MANUAL -I/project/build/cp310-cp310-linux_x86_64/_deps/curl-src/include -I/project/build/cp310-cp310-linux_x86_64/_deps/curl-build/lib -I/project/build/cp310-cp310-linux_x86_64/_deps/curl-src/lib -I/project/build/cp310-cp310-linux_x86_64/_deps/curl-src/src -Werror-implicit-function-declaration -W -Wall -pedantic -Wbad-function-cast -Wconversion -Winline -Wmissing-declarations -Wmissing-prototypes -Wnested-externs -Wno-long-long -Wno-multichar -Wpointer-arith -Wshadow -Wsign-compare -Wundef -Wunused -Wwrite-strings -Waddress -Wattributes -Wcast-align -Wdeclaration-after-statement -Wdiv-by-zero -Wempty-body -Wendif-labels -Wfloat-equal -Wformat-security -Wignored-qualifiers -Wmissing-field-initializers -Wmissing-noreturn -Wno-format-nonliteral -Wno-system-headers -Wold-style-definition -Wredundant-decls -Wsign-conversion -Wno-error=sign-conversion -Wstrict-prototypes -Wtype-limits -Wunreachable-code -Wunused-parameter -Wvla -Wclobbered -Wmissing-parameter-type -Wold-style-declaration -Wstrict-aliasing=3 -Wtrampolines -Wformat=2 -Warray-bounds=2 -ftree-vrp -Wduplicated-cond -Wnull-dereference -fdelete-null-pointer-checks -Wshift-negative-value -Wshift-overflow=2 -Walloc-zero -Wduplicated-branches -Wno-format-overflow -Wformat-truncation=2 -Wimplicit-fallthrough -Wrestrict -Warith-conversion -Wdouble-promotion -Wenum-conversion -Wpragmas -Wunused-const-variable -O3 -DNDEBUG -Wno-dev -MD -MT _deps/curl-build/src/CMakeFiles/curl.dir/tool_writeout.c.o -MF _deps/curl-build/src/CMakeFiles/curl.dir/tool_writeout.c.o.d -o _deps/curl-build/src/CMakeFiles/curl.dir/tool_writeout.c.o -c /project/build/cp310-cp310-linux_x86_64/_deps/curl-src/src/tool_writeout.c
[224/514] /opt/rh/devtoolset-10/root/usr/bin/gcc  -pthread -DBUILDING_CURL -DHAVE_CONFIG_H -DUSE_MANUAL -I/project/build/cp310-cp310-linux_x86_64/_deps/curl-src/include -I/project/build/cp310-cp310-linux_x86_64/_deps/curl-build/lib -I/project/build/cp310-cp310-linux_x86_64/_deps/curl-src/lib -I/project/build/cp310-cp310-linux_x86_64/_deps/curl-src/src -Werror-implicit-function-declaration -W -Wall -pedantic -Wbad-function-cast -Wconversion -Winline -Wmissing-declarations -Wmissing-prototypes -Wnested-externs -Wno-long-long -Wno-multichar -Wpointer-arith -Wshadow -Wsign-compare -Wundef -Wunused -Wwrite-strings -Waddress -Wattributes -Wcast-align -Wdeclaration-after-statement -Wdiv-by-zero -Wempty-body -Wendif-labels -Wfloat-equal -Wformat-security -Wignored-qualifiers -Wmissing-field-initializers -Wmissing-noreturn -Wno-format-nonliteral -Wno-system-headers -Wold-style-definition -Wredundant-decls -Wsign-conversion -Wno-error=sign-conversion -Wstrict-prototypes -Wtype-limits -Wunreachable-code -Wunused-parameter -Wvla -Wclobbered -Wmissing-parameter-type -Wold-style-declaration -Wstrict-aliasing=3 -Wtrampolines -Wformat=2 -Warray-bounds=2 -ftree-vrp -Wduplicated-cond -Wnull-dereference -fdelete-null-pointer-checks -Wshift-negative-value -Wshift-overflow=2 -Walloc-zero -Wduplicated-branches -Wno-format-overflow -Wformat-truncation=2 -Wimplicit-fallthrough -Wrestrict -Warith-conversion -Wdouble-promotion -Wenum-conversion -Wpragmas -Wunused-const-variable -O3 -DNDEBUG -Wno-dev -MD -MT _deps/curl-build/src/CMakeFiles/curl.dir/__/lib/curl_multibyte.c.o -MF _deps/curl-build/src/CMakeFiles/curl.dir/__/lib/curl_multibyte.c.o.d -o _deps/curl-build/src/CMakeFiles/curl.dir/__/lib/curl_multibyte.c.o -c /project/build/cp310-cp310-linux_x86_64/_deps/curl-src/lib/curl_multibyte.c
[225/514] /opt/rh/devtoolset-10/root/usr/bin/gcc  -pthread -DBUILDING_CURL -DHAVE_CONFIG_H -DUSE_MANUAL -I/project/build/cp310-cp310-linux_x86_64/_deps/curl-src/include -I/project/build/cp310-cp310-linux_x86_64/_deps/curl-build/lib -I/project/build/cp310-cp310-linux_x86_64/_deps/curl-src/lib -I/project/build/cp310-cp310-linux_x86_64/_deps/curl-src/src -Werror-implicit-function-declaration -W -Wall -pedantic -Wbad-function-cast -Wconversion -Winline -Wmissing-declarations -Wmissing-prototypes -Wnested-externs -Wno-long-long -Wno-multichar -Wpointer-arith -Wshadow -Wsign-compare -Wundef -Wunused -Wwrite-strings -Waddress -Wattributes -Wcast-align -Wdeclaration-after-statement -Wdiv-by-zero -Wempty-body -Wendif-labels -Wfloat-equal -Wformat-security -Wignored-qualifiers -Wmissing-field-initializers -Wmissing-noreturn -Wno-format-nonliteral -Wno-system-headers -Wold-style-definition -Wredundant-decls -Wsign-conversion -Wno-error=sign-conversion -Wstrict-prototypes -Wtype-limits -Wunreachable-code -Wunused-parameter -Wvla -Wclobbered -Wmissing-parameter-type -Wold-style-declaration -Wstrict-aliasing=3 -Wtrampolines -Wformat=2 -Warray-bounds=2 -ftree-vrp -Wduplicated-cond -Wnull-dereference -fdelete-null-pointer-checks -Wshift-negative-value -Wshift-overflow=2 -Walloc-zero -Wduplicated-branches -Wno-format-overflow -Wformat-truncation=2 -Wimplicit-fallthrough -Wrestrict -Warith-conversion -Wdouble-promotion -Wenum-conversion -Wpragmas -Wunused-const-variable -O3 -DNDEBUG -Wno-dev -MD -MT _deps/curl-build/src/CMakeFiles/curl.dir/__/lib/strtoofft.c.o -MF _deps/curl-build/src/CMakeFiles/curl.dir/__/lib/strtoofft.c.o.d -o _deps/curl-build/src/CMakeFiles/curl.dir/__/lib/strtoofft.c.o -c /project/build/cp310-cp310-linux_x86_64/_deps/curl-src/lib/strtoofft.c
[226/514] /opt/rh/devtoolset-10/root/usr/bin/gcc  -pthread -DBUILDING_CURL -DHAVE_CONFIG_H -DUSE_MANUAL -I/project/build/cp310-cp310-linux_x86_64/_deps/curl-src/include -I/project/build/cp310-cp310-linux_x86_64/_deps/curl-build/lib -I/project/build/cp310-cp310-linux_x86_64/_deps/curl-src/lib -I/project/build/cp310-cp310-linux_x86_64/_deps/curl-src/src -Werror-implicit-function-declaration -W -Wall -pedantic -Wbad-function-cast -Wconversion -Winline -Wmissing-declarations -Wmissing-prototypes -Wnested-externs -Wno-long-long -Wno-multichar -Wpointer-arith -Wshadow -Wsign-compare -Wundef -Wunused -Wwrite-strings -Waddress -Wattributes -Wcast-align -Wdeclaration-after-statement -Wdiv-by-zero -Wempty-body -Wendif-labels -Wfloat-equal -Wformat-security -Wignored-qualifiers -Wmissing-field-initializers -Wmissing-noreturn -Wno-format-nonliteral -Wno-system-headers -Wold-style-definition -Wredundant-decls -Wsign-conversion -Wno-error=sign-conversion -Wstrict-prototypes -Wtype-limits -Wunreachable-code -Wunused-parameter -Wvla -Wclobbered -Wmissing-parameter-type -Wold-style-declaration -Wstrict-aliasing=3 -Wtrampolines -Wformat=2 -Warray-bounds=2 -ftree-vrp -Wduplicated-cond -Wnull-dereference -fdelete-null-pointer-checks -Wshift-negative-value -Wshift-overflow=2 -Walloc-zero -Wduplicated-branches -Wno-format-overflow -Wformat-truncation=2 -Wimplicit-fallthrough -Wrestrict -Warith-conversion -Wdouble-promotion -Wenum-conversion -Wpragmas -Wunused-const-variable -O3 -DNDEBUG -Wno-dev -MD -MT _deps/curl-build/src/CMakeFiles/curl.dir/__/lib/nonblock.c.o -MF _deps/curl-build/src/CMakeFiles/curl.dir/__/lib/nonblock.c.o.d -o _deps/curl-build/src/CMakeFiles/curl.dir/__/lib/nonblock.c.o -c /project/build/cp310-cp310-linux_x86_64/_deps/curl-src/lib/nonblock.c
[227/514] /opt/rh/devtoolset-10/root/usr/bin/gcc  -pthread -DBUILDING_CURL -DHAVE_CONFIG_H -DUSE_MANUAL -I/project/build/cp310-cp310-linux_x86_64/_deps/curl-src/include -I/project/build/cp310-cp310-linux_x86_64/_deps/curl-build/lib -I/project/build/cp310-cp310-linux_x86_64/_deps/curl-src/lib -I/project/build/cp310-cp310-linux_x86_64/_deps/curl-src/src -Werror-implicit-function-declaration -W -Wall -pedantic -Wbad-function-cast -Wconversion -Winline -Wmissing-declarations -Wmissing-prototypes -Wnested-externs -Wno-long-long -Wno-multichar -Wpointer-arith -Wshadow -Wsign-compare -Wundef -Wunused -Wwrite-strings -Waddress -Wattributes -Wcast-align -Wdeclaration-after-statement -Wdiv-by-zero -Wempty-body -Wendif-labels -Wfloat-equal -Wformat-security -Wignored-qualifiers -Wmissing-field-initializers -Wmissing-noreturn -Wno-format-nonliteral -Wno-system-headers -Wold-style-definition -Wredundant-decls -Wsign-conversion -Wno-error=sign-conversion -Wstrict-prototypes -Wtype-limits -Wunreachable-code -Wunused-parameter -Wvla -Wclobbered -Wmissing-parameter-type -Wold-style-declaration -Wstrict-aliasing=3 -Wtrampolines -Wformat=2 -Warray-bounds=2 -ftree-vrp -Wduplicated-cond -Wnull-dereference -fdelete-null-pointer-checks -Wshift-negative-value -Wshift-overflow=2 -Walloc-zero -Wduplicated-branches -Wno-format-overflow -Wformat-truncation=2 -Wimplicit-fallthrough -Wrestrict -Warith-conversion -Wdouble-promotion -Wenum-conversion -Wpragmas -Wunused-const-variable -O3 -DNDEBUG -Wno-dev -MD -MT _deps/curl-build/src/CMakeFiles/curl.dir/__/lib/timediff.c.o -MF _deps/curl-build/src/CMakeFiles/curl.dir/__/lib/timediff.c.o.d -o _deps/curl-build/src/CMakeFiles/curl.dir/__/lib/timediff.c.o -c /project/build/cp310-cp310-linux_x86_64/_deps/curl-src/lib/timediff.c
[228/514] /opt/rh/devtoolset-10/root/usr/bin/gcc  -pthread -DBUILDING_CURL -DHAVE_CONFIG_H -DUSE_MANUAL -I/project/build/cp310-cp310-linux_x86_64/_deps/curl-src/include -I/project/build/cp310-cp310-linux_x86_64/_deps/curl-build/lib -I/project/build/cp310-cp310-linux_x86_64/_deps/curl-src/lib -I/project/build/cp310-cp310-linux_x86_64/_deps/curl-src/src -Werror-implicit-function-declaration -W -Wall -pedantic -Wbad-function-cast -Wconversion -Winline -Wmissing-declarations -Wmissing-prototypes -Wnested-externs -Wno-long-long -Wno-multichar -Wpointer-arith -Wshadow -Wsign-compare -Wundef -Wunused -Wwrite-strings -Waddress -Wattributes -Wcast-align -Wdeclaration-after-statement -Wdiv-by-zero -Wempty-body -Wendif-labels -Wfloat-equal -Wformat-security -Wignored-qualifiers -Wmissing-field-initializers -Wmissing-noreturn -Wno-format-nonliteral -Wno-system-headers -Wold-style-definition -Wredundant-decls -Wsign-conversion -Wno-error=sign-conversion -Wstrict-prototypes -Wtype-limits -Wunreachable-code -Wunused-parameter -Wvla -Wclobbered -Wmissing-parameter-type -Wold-style-declaration -Wstrict-aliasing=3 -Wtrampolines -Wformat=2 -Warray-bounds=2 -ftree-vrp -Wduplicated-cond -Wnull-dereference -fdelete-null-pointer-checks -Wshift-negative-value -Wshift-overflow=2 -Walloc-zero -Wduplicated-branches -Wno-format-overflow -Wformat-truncation=2 -Wimplicit-fallthrough -Wrestrict -Warith-conversion -Wdouble-promotion -Wenum-conversion -Wpragmas -Wunused-const-variable -O3 -DNDEBUG -Wno-dev -MD -MT _deps/curl-build/src/CMakeFiles/curl.dir/__/lib/base64.c.o -MF _deps/curl-build/src/CMakeFiles/curl.dir/__/lib/base64.c.o.d -o _deps/curl-build/src/CMakeFiles/curl.dir/__/lib/base64.c.o -c /project/build/cp310-cp310-linux_x86_64/_deps/curl-src/lib/base64.c
[229/514] /opt/rh/devtoolset-10/root/usr/bin/gcc  -pthread -DBUILDING_CURL -DHAVE_CONFIG_H -DUSE_MANUAL -I/project/build/cp310-cp310-linux_x86_64/_deps/curl-src/include -I/project/build/cp310-cp310-linux_x86_64/_deps/curl-build/lib -I/project/build/cp310-cp310-linux_x86_64/_deps/curl-src/lib -I/project/build/cp310-cp310-linux_x86_64/_deps/curl-src/src -Werror-implicit-function-declaration -W -Wall -pedantic -Wbad-function-cast -Wconversion -Winline -Wmissing-declarations -Wmissing-prototypes -Wnested-externs -Wno-long-long -Wno-multichar -Wpointer-arith -Wshadow -Wsign-compare -Wundef -Wunused -Wwrite-strings -Waddress -Wattributes -Wcast-align -Wdeclaration-after-statement -Wdiv-by-zero -Wempty-body -Wendif-labels -Wfloat-equal -Wformat-security -Wignored-qualifiers -Wmissing-field-initializers -Wmissing-noreturn -Wno-format-nonliteral -Wno-system-headers -Wold-style-definition -Wredundant-decls -Wsign-conversion -Wno-error=sign-conversion -Wstrict-prototypes -Wtype-limits -Wunreachable-code -Wunused-parameter -Wvla -Wclobbered -Wmissing-parameter-type -Wold-style-declaration -Wstrict-aliasing=3 -Wtrampolines -Wformat=2 -Warray-bounds=2 -ftree-vrp -Wduplicated-cond -Wnull-dereference -fdelete-null-pointer-checks -Wshift-negative-value -Wshift-overflow=2 -Walloc-zero -Wduplicated-branches -Wno-format-overflow -Wformat-truncation=2 -Wimplicit-fallthrough -Wrestrict -Warith-conversion -Wdouble-promotion -Wenum-conversion -Wpragmas -Wunused-const-variable -O3 -DNDEBUG -Wno-dev -MD -MT _deps/curl-build/src/CMakeFiles/curl.dir/__/lib/dynbuf.c.o -MF _deps/curl-build/src/CMakeFiles/curl.dir/__/lib/dynbuf.c.o.d -o _deps/curl-build/src/CMakeFiles/curl.dir/__/lib/dynbuf.c.o -c /project/build/cp310-cp310-linux_x86_64/_deps/curl-src/lib/dynbuf.c
[230/514] /opt/rh/devtoolset-10/root/usr/bin/gcc  -pthread -DBUILDING_CURL -DHAVE_CONFIG_H -DUSE_MANUAL -I/project/build/cp310-cp310-linux_x86_64/_deps/curl-src/include -I/project/build/cp310-cp310-linux_x86_64/_deps/curl-build/lib -I/project/build/cp310-cp310-linux_x86_64/_deps/curl-src/lib -I/project/build/cp310-cp310-linux_x86_64/_deps/curl-src/src -Werror-implicit-function-declaration -W -Wall -pedantic -Wbad-function-cast -Wconversion -Winline -Wmissing-declarations -Wmissing-prototypes -Wnested-externs -Wno-long-long -Wno-multichar -Wpointer-arith -Wshadow -Wsign-compare -Wundef -Wunused -Wwrite-strings -Waddress -Wattributes -Wcast-align -Wdeclaration-after-statement -Wdiv-by-zero -Wempty-body -Wendif-labels -Wfloat-equal -Wformat-security -Wignored-qualifiers -Wmissing-field-initializers -Wmissing-noreturn -Wno-format-nonliteral -Wno-system-headers -Wold-style-definition -Wredundant-decls -Wsign-conversion -Wno-error=sign-conversion -Wstrict-prototypes -Wtype-limits -Wunreachable-code -Wunused-parameter -Wvla -Wclobbered -Wmissing-parameter-type -Wold-style-declaration -Wstrict-aliasing=3 -Wtrampolines -Wformat=2 -Warray-bounds=2 -ftree-vrp -Wduplicated-cond -Wnull-dereference -fdelete-null-pointer-checks -Wshift-negative-value -Wshift-overflow=2 -Walloc-zero -Wduplicated-branches -Wno-format-overflow -Wformat-truncation=2 -Wimplicit-fallthrough -Wrestrict -Warith-conversion -Wdouble-promotion -Wenum-conversion -Wpragmas -Wunused-const-variable -O3 -DNDEBUG -Wno-dev -MD -MT _deps/curl-build/src/CMakeFiles/curl.dir/var.c.o -MF _deps/curl-build/src/CMakeFiles/curl.dir/var.c.o.d -o _deps/curl-build/src/CMakeFiles/curl.dir/var.c.o -c /project/build/cp310-cp310-linux_x86_64/_deps/curl-src/src/var.c
[231/514] /opt/rh/devtoolset-10/root/usr/bin/gcc  -pthread -DBUILDING_CURL -DHAVE_CONFIG_H -DUSE_MANUAL -I/project/build/cp310-cp310-linux_x86_64/_deps/curl-src/include -I/project/build/cp310-cp310-linux_x86_64/_deps/curl-build/lib -I/project/build/cp310-cp310-linux_x86_64/_deps/curl-src/lib -I/project/build/cp310-cp310-linux_x86_64/_deps/curl-src/src -Werror-implicit-function-declaration -W -Wall -pedantic -Wbad-function-cast -Wconversion -Winline -Wmissing-declarations -Wmissing-prototypes -Wnested-externs -Wno-long-long -Wno-multichar -Wpointer-arith -Wshadow -Wsign-compare -Wundef -Wunused -Wwrite-strings -Waddress -Wattributes -Wcast-align -Wdeclaration-after-statement -Wdiv-by-zero -Wempty-body -Wendif-labels -Wfloat-equal -Wformat-security -Wignored-qualifiers -Wmissing-field-initializers -Wmissing-noreturn -Wno-format-nonliteral -Wno-system-headers -Wold-style-definition -Wredundant-decls -Wsign-conversion -Wno-error=sign-conversion -Wstrict-prototypes -Wtype-limits -Wunreachable-code -Wunused-parameter -Wvla -Wclobbered -Wmissing-parameter-type -Wold-style-declaration -Wstrict-aliasing=3 -Wtrampolines -Wformat=2 -Warray-bounds=2 -ftree-vrp -Wduplicated-cond -Wnull-dereference -fdelete-null-pointer-checks -Wshift-negative-value -Wshift-overflow=2 -Walloc-zero -Wduplicated-branches -Wno-format-overflow -Wformat-truncation=2 -Wimplicit-fallthrough -Wrestrict -Warith-conversion -Wdouble-promotion -Wenum-conversion -Wpragmas -Wunused-const-variable -O3 -DNDEBUG -Wno-dev -MD -MT _deps/curl-build/src/CMakeFiles/curl.dir/tool_urlglob.c.o -MF _deps/curl-build/src/CMakeFiles/curl.dir/tool_urlglob.c.o.d -o _deps/curl-build/src/CMakeFiles/curl.dir/tool_urlglob.c.o -c /project/build/cp310-cp310-linux_x86_64/_deps/curl-src/src/tool_urlglob.c
[232/514] /opt/rh/devtoolset-10/root/usr/bin/gcc  -pthread -DBUILDING_CURL -DHAVE_CONFIG_H -DUSE_MANUAL -I/project/build/cp310-cp310-linux_x86_64/_deps/curl-src/include -I/project/build/cp310-cp310-linux_x86_64/_deps/curl-build/lib -I/project/build/cp310-cp310-linux_x86_64/_deps/curl-src/lib -I/project/build/cp310-cp310-linux_x86_64/_deps/curl-src/src -Werror-implicit-function-declaration -W -Wall -pedantic -Wbad-function-cast -Wconversion -Winline -Wmissing-declarations -Wmissing-prototypes -Wnested-externs -Wno-long-long -Wno-multichar -Wpointer-arith -Wshadow -Wsign-compare -Wundef -Wunused -Wwrite-strings -Waddress -Wattributes -Wcast-align -Wdeclaration-after-statement -Wdiv-by-zero -Wempty-body -Wendif-labels -Wfloat-equal -Wformat-security -Wignored-qualifiers -Wmissing-field-initializers -Wmissing-noreturn -Wno-format-nonliteral -Wno-system-headers -Wold-style-definition -Wredundant-decls -Wsign-conversion -Wno-error=sign-conversion -Wstrict-prototypes -Wtype-limits -Wunreachable-code -Wunused-parameter -Wvla -Wclobbered -Wmissing-parameter-type -Wold-style-declaration -Wstrict-aliasing=3 -Wtrampolines -Wformat=2 -Warray-bounds=2 -ftree-vrp -Wduplicated-cond -Wnull-dereference -fdelete-null-pointer-checks -Wshift-negative-value -Wshift-overflow=2 -Walloc-zero -Wduplicated-branches -Wno-format-overflow -Wformat-truncation=2 -Wimplicit-fallthrough -Wrestrict -Warith-conversion -Wdouble-promotion -Wenum-conversion -Wpragmas -Wunused-const-variable -O3 -DNDEBUG -Wno-dev -MD -MT _deps/curl-build/src/CMakeFiles/curl.dir/__/lib/version_win32.c.o -MF _deps/curl-build/src/CMakeFiles/curl.dir/__/lib/version_win32.c.o.d -o _deps/curl-build/src/CMakeFiles/curl.dir/__/lib/version_win32.c.o -c /project/build/cp310-cp310-linux_x86_64/_deps/curl-src/lib/version_win32.c
[233/514] /opt/rh/devtoolset-10/root/usr/bin/gcc  -pthread -DHAVE_CONFIG_H -D__LIBARCHIVE_ENABLE_VISIBILITY -Darchive_EXPORTS -I/project/build/cp310-cp310-linux_x86_64/_deps/libarchive-src/libarchive -I/project/build/cp310-cp310-linux_x86_64/_deps/libarchive-build -I/project/build/cp310-cp310-linux_x86_64/_deps/libarchive-src/libarchive/. -Wall -Wformat -Wformat-security -ffunction-sections -fdata-sections -fvisibility=hidden -O3 -DNDEBUG -fPIC -Wno-dev -MD -MT _deps/libarchive-build/libarchive/CMakeFiles/archive.dir/archive_entry_copy_stat.c.o -MF _deps/libarchive-build/libarchive/CMakeFiles/archive.dir/archive_entry_copy_stat.c.o.d -o _deps/libarchive-build/libarchive/CMakeFiles/archive.dir/archive_entry_copy_stat.c.o -c /project/build/cp310-cp310-linux_x86_64/_deps/libarchive-src/libarchive/archive_entry_copy_stat.c
[234/514] /opt/rh/devtoolset-10/root/usr/bin/gcc  -pthread -DBUILDING_CURL -DHAVE_CONFIG_H -DUSE_MANUAL -I/project/build/cp310-cp310-linux_x86_64/_deps/curl-src/include -I/project/build/cp310-cp310-linux_x86_64/_deps/curl-build/lib -I/project/build/cp310-cp310-linux_x86_64/_deps/curl-src/lib -I/project/build/cp310-cp310-linux_x86_64/_deps/curl-src/src -Werror-implicit-function-declaration -W -Wall -pedantic -Wbad-function-cast -Wconversion -Winline -Wmissing-declarations -Wmissing-prototypes -Wnested-externs -Wno-long-long -Wno-multichar -Wpointer-arith -Wshadow -Wsign-compare -Wundef -Wunused -Wwrite-strings -Waddress -Wattributes -Wcast-align -Wdeclaration-after-statement -Wdiv-by-zero -Wempty-body -Wendif-labels -Wfloat-equal -Wformat-security -Wignored-qualifiers -Wmissing-field-initializers -Wmissing-noreturn -Wno-format-nonliteral -Wno-system-headers -Wold-style-definition -Wredundant-decls -Wsign-conversion -Wno-error=sign-conversion -Wstrict-prototypes -Wtype-limits -Wunreachable-code -Wunused-parameter -Wvla -Wclobbered -Wmissing-parameter-type -Wold-style-declaration -Wstrict-aliasing=3 -Wtrampolines -Wformat=2 -Warray-bounds=2 -ftree-vrp -Wduplicated-cond -Wnull-dereference -fdelete-null-pointer-checks -Wshift-negative-value -Wshift-overflow=2 -Walloc-zero -Wduplicated-branches -Wno-format-overflow -Wformat-truncation=2 -Wimplicit-fallthrough -Wrestrict -Warith-conversion -Wdouble-promotion -Wenum-conversion -Wpragmas -Wunused-const-variable -O3 -DNDEBUG -Wno-dev -MD -MT _deps/curl-build/src/CMakeFiles/curl.dir/__/lib/warnless.c.o -MF _deps/curl-build/src/CMakeFiles/curl.dir/__/lib/warnless.c.o.d -o _deps/curl-build/src/CMakeFiles/curl.dir/__/lib/warnless.c.o -c /project/build/cp310-cp310-linux_x86_64/_deps/curl-src/lib/warnless.c
[235/514] /opt/rh/devtoolset-10/root/usr/bin/gcc  -pthread -DHAVE_CONFIG_H -D__LIBARCHIVE_ENABLE_VISIBILITY -Darchive_EXPORTS -I/project/build/cp310-cp310-linux_x86_64/_deps/libarchive-src/libarchive -I/project/build/cp310-cp310-linux_x86_64/_deps/libarchive-build -I/project/build/cp310-cp310-linux_x86_64/_deps/libarchive-src/libarchive/. -Wall -Wformat -Wformat-security -ffunction-sections -fdata-sections -fvisibility=hidden -O3 -DNDEBUG -fPIC -Wno-dev -MD -MT _deps/libarchive-build/libarchive/CMakeFiles/archive.dir/archive_entry_stat.c.o -MF _deps/libarchive-build/libarchive/CMakeFiles/archive.dir/archive_entry_stat.c.o.d -o _deps/libarchive-build/libarchive/CMakeFiles/archive.dir/archive_entry_stat.c.o -c /project/build/cp310-cp310-linux_x86_64/_deps/libarchive-src/libarchive/archive_entry_stat.c
[236/514] /opt/rh/devtoolset-10/root/usr/bin/gcc  -pthread -DHAVE_CONFIG_H -D__LIBARCHIVE_ENABLE_VISIBILITY -Darchive_EXPORTS -I/project/build/cp310-cp310-linux_x86_64/_deps/libarchive-src/libarchive -I/project/build/cp310-cp310-linux_x86_64/_deps/libarchive-build -I/project/build/cp310-cp310-linux_x86_64/_deps/libarchive-src/libarchive/. -Wall -Wformat -Wformat-security -ffunction-sections -fdata-sections -fvisibility=hidden -O3 -DNDEBUG -fPIC -Wno-dev -MD -MT _deps/libarchive-build/libarchive/CMakeFiles/archive.dir/archive_entry_xattr.c.o -MF _deps/libarchive-build/libarchive/CMakeFiles/archive.dir/archive_entry_xattr.c.o.d -o _deps/libarchive-build/libarchive/CMakeFiles/archive.dir/archive_entry_xattr.c.o -c /project/build/cp310-cp310-linux_x86_64/_deps/libarchive-src/libarchive/archive_entry_xattr.c
[237/514] /opt/rh/devtoolset-10/root/usr/bin/gcc  -pthread -DHAVE_CONFIG_H -D__LIBARCHIVE_ENABLE_VISIBILITY -Darchive_EXPORTS -I/project/build/cp310-cp310-linux_x86_64/_deps/libarchive-src/libarchive -I/project/build/cp310-cp310-linux_x86_64/_deps/libarchive-build -I/project/build/cp310-cp310-linux_x86_64/_deps/libarchive-src/libarchive/. -Wall -Wformat -Wformat-security -ffunction-sections -fdata-sections -fvisibility=hidden -O3 -DNDEBUG -fPIC -Wno-dev -MD -MT _deps/libarchive-build/libarchive/CMakeFiles/archive.dir/archive_entry_sparse.c.o -MF _deps/libarchive-build/libarchive/CMakeFiles/archive.dir/archive_entry_sparse.c.o.d -o _deps/libarchive-build/libarchive/CMakeFiles/archive.dir/archive_entry_sparse.c.o -c /project/build/cp310-cp310-linux_x86_64/_deps/libarchive-src/libarchive/archive_entry_sparse.c
[238/514] /opt/rh/devtoolset-10/root/usr/bin/gcc  -pthread -DHAVE_CONFIG_H -D__LIBARCHIVE_ENABLE_VISIBILITY -Darchive_EXPORTS -I/project/build/cp310-cp310-linux_x86_64/_deps/libarchive-src/libarchive -I/project/build/cp310-cp310-linux_x86_64/_deps/libarchive-build -I/project/build/cp310-cp310-linux_x86_64/_deps/libarchive-src/libarchive/. -Wall -Wformat -Wformat-security -ffunction-sections -fdata-sections -fvisibility=hidden -O3 -DNDEBUG -fPIC -Wno-dev -MD -MT _deps/libarchive-build/libarchive/CMakeFiles/archive.dir/archive_entry_strmode.c.o -MF _deps/libarchive-build/libarchive/CMakeFiles/archive.dir/archive_entry_strmode.c.o.d -o _deps/libarchive-build/libarchive/CMakeFiles/archive.dir/archive_entry_strmode.c.o -c /project/build/cp310-cp310-linux_x86_64/_deps/libarchive-src/libarchive/archive_entry_strmode.c
[239/514] /opt/rh/devtoolset-10/root/usr/bin/gcc  -pthread -DHAVE_CONFIG_H -D__LIBARCHIVE_ENABLE_VISIBILITY -Darchive_EXPORTS -I/project/build/cp310-cp310-linux_x86_64/_deps/libarchive-src/libarchive -I/project/build/cp310-cp310-linux_x86_64/_deps/libarchive-build -I/project/build/cp310-cp310-linux_x86_64/_deps/libarchive-src/libarchive/. -Wall -Wformat -Wformat-security -ffunction-sections -fdata-sections -fvisibility=hidden -O3 -DNDEBUG -fPIC -Wno-dev -MD -MT _deps/libarchive-build/libarchive/CMakeFiles/archive.dir/archive_hmac.c.o -MF _deps/libarchive-build/libarchive/CMakeFiles/archive.dir/archive_hmac.c.o.d -o _deps/libarchive-build/libarchive/CMakeFiles/archive.dir/archive_hmac.c.o -c /project/build/cp310-cp310-linux_x86_64/_deps/libarchive-src/libarchive/archive_hmac.c
[240/514] /opt/rh/devtoolset-10/root/usr/bin/gcc  -pthread -DHAVE_CONFIG_H -D__LIBARCHIVE_ENABLE_VISIBILITY -Darchive_EXPORTS -I/project/build/cp310-cp310-linux_x86_64/_deps/libarchive-src/libarchive -I/project/build/cp310-cp310-linux_x86_64/_deps/libarchive-build -I/project/build/cp310-cp310-linux_x86_64/_deps/libarchive-src/libarchive/. -Wall -Wformat -Wformat-security -ffunction-sections -fdata-sections -fvisibility=hidden -O3 -DNDEBUG -fPIC -Wno-dev -MD -MT _deps/libarchive-build/libarchive/CMakeFiles/archive.dir/archive_entry_link_resolver.c.o -MF _deps/libarchive-build/libarchive/CMakeFiles/archive.dir/archive_entry_link_resolver.c.o.d -o _deps/libarchive-build/libarchive/CMakeFiles/archive.dir/archive_entry_link_resolver.c.o -c /project/build/cp310-cp310-linux_x86_64/_deps/libarchive-src/libarchive/archive_entry_link_resolver.c
[241/514] /opt/rh/devtoolset-10/root/usr/bin/gcc  -pthread -DHAVE_CONFIG_H -D__LIBARCHIVE_ENABLE_VISIBILITY -Darchive_EXPORTS -I/project/build/cp310-cp310-linux_x86_64/_deps/libarchive-src/libarchive -I/project/build/cp310-cp310-linux_x86_64/_deps/libarchive-build -I/project/build/cp310-cp310-linux_x86_64/_deps/libarchive-src/libarchive/. -Wall -Wformat -Wformat-security -ffunction-sections -fdata-sections -fvisibility=hidden -O3 -DNDEBUG -fPIC -Wno-dev -MD -MT _deps/libarchive-build/libarchive/CMakeFiles/archive.dir/archive_pack_dev.c.o -MF _deps/libarchive-build/libarchive/CMakeFiles/archive.dir/archive_pack_dev.c.o.d -o _deps/libarchive-build/libarchive/CMakeFiles/archive.dir/archive_pack_dev.c.o -c /project/build/cp310-cp310-linux_x86_64/_deps/libarchive-src/libarchive/archive_pack_dev.c
[242/514] /opt/rh/devtoolset-10/root/usr/bin/gcc  -pthread -DHAVE_CONFIG_H -D__LIBARCHIVE_ENABLE_VISIBILITY -Darchive_EXPORTS -I/project/build/cp310-cp310-linux_x86_64/_deps/libarchive-src/libarchive -I/project/build/cp310-cp310-linux_x86_64/_deps/libarchive-build -I/project/build/cp310-cp310-linux_x86_64/_deps/libarchive-src/libarchive/. -Wall -Wformat -Wformat-security -ffunction-sections -fdata-sections -fvisibility=hidden -O3 -DNDEBUG -fPIC -Wno-dev -MD -MT _deps/libarchive-build/libarchive/CMakeFiles/archive.dir/archive_options.c.o -MF _deps/libarchive-build/libarchive/CMakeFiles/archive.dir/archive_options.c.o.d -o _deps/libarchive-build/libarchive/CMakeFiles/archive.dir/archive_options.c.o -c /project/build/cp310-cp310-linux_x86_64/_deps/libarchive-src/libarchive/archive_options.c
[243/514] /opt/rh/devtoolset-10/root/usr/bin/gcc  -pthread -DHAVE_CONFIG_H -D__LIBARCHIVE_ENABLE_VISIBILITY -Darchive_EXPORTS -I/project/build/cp310-cp310-linux_x86_64/_deps/libarchive-src/libarchive -I/project/build/cp310-cp310-linux_x86_64/_deps/libarchive-build -I/project/build/cp310-cp310-linux_x86_64/_deps/libarchive-src/libarchive/. -Wall -Wformat -Wformat-security -ffunction-sections -fdata-sections -fvisibility=hidden -O3 -DNDEBUG -fPIC -Wno-dev -MD -MT _deps/libarchive-build/libarchive/CMakeFiles/archive.dir/archive_random.c.o -MF _deps/libarchive-build/libarchive/CMakeFiles/archive.dir/archive_random.c.o.d -o _deps/libarchive-build/libarchive/CMakeFiles/archive.dir/archive_random.c.o -c /project/build/cp310-cp310-linux_x86_64/_deps/libarchive-src/libarchive/archive_random.c
[244/514] /opt/rh/devtoolset-10/root/usr/bin/gcc  -pthread -DBUILDING_CURL -DHAVE_CONFIG_H -DUSE_MANUAL -I/project/build/cp310-cp310-linux_x86_64/_deps/curl-src/include -I/project/build/cp310-cp310-linux_x86_64/_deps/curl-build/lib -I/project/build/cp310-cp310-linux_x86_64/_deps/curl-src/lib -I/project/build/cp310-cp310-linux_x86_64/_deps/curl-src/src -Werror-implicit-function-declaration -W -Wall -pedantic -Wbad-function-cast -Wconversion -Winline -Wmissing-declarations -Wmissing-prototypes -Wnested-externs -Wno-long-long -Wno-multichar -Wpointer-arith -Wshadow -Wsign-compare -Wundef -Wunused -Wwrite-strings -Waddress -Wattributes -Wcast-align -Wdeclaration-after-statement -Wdiv-by-zero -Wempty-body -Wendif-labels -Wfloat-equal -Wformat-security -Wignored-qualifiers -Wmissing-field-initializers -Wmissing-noreturn -Wno-format-nonliteral -Wno-system-headers -Wold-style-definition -Wredundant-decls -Wsign-conversion -Wno-error=sign-conversion -Wstrict-prototypes -Wtype-limits -Wunreachable-code -Wunused-parameter -Wvla -Wclobbered -Wmissing-parameter-type -Wold-style-declaration -Wstrict-aliasing=3 -Wtrampolines -Wformat=2 -Warray-bounds=2 -ftree-vrp -Wduplicated-cond -Wnull-dereference -fdelete-null-pointer-checks -Wshift-negative-value -Wshift-overflow=2 -Walloc-zero -Wduplicated-branches -Wno-format-overflow -Wformat-truncation=2 -Wimplicit-fallthrough -Wrestrict -Warith-conversion -Wdouble-promotion -Wenum-conversion -Wpragmas -Wunused-const-variable -O3 -DNDEBUG -Wno-dev -MD -MT _deps/curl-build/src/CMakeFiles/curl.dir/tool_operate.c.o -MF _deps/curl-build/src/CMakeFiles/curl.dir/tool_operate.c.o.d -o _deps/curl-build/src/CMakeFiles/curl.dir/tool_operate.c.o -c /project/build/cp310-cp310-linux_x86_64/_deps/curl-src/src/tool_operate.c
[245/514] /opt/rh/devtoolset-10/root/usr/bin/gcc  -pthread -DBUILDING_CURL -DHAVE_CONFIG_H -DUSE_MANUAL -I/project/build/cp310-cp310-linux_x86_64/_deps/curl-src/include -I/project/build/cp310-cp310-linux_x86_64/_deps/curl-build/lib -I/project/build/cp310-cp310-linux_x86_64/_deps/curl-src/lib -I/project/build/cp310-cp310-linux_x86_64/_deps/curl-src/src -Werror-implicit-function-declaration -W -Wall -pedantic -Wbad-function-cast -Wconversion -Winline -Wmissing-declarations -Wmissing-prototypes -Wnested-externs -Wno-long-long -Wno-multichar -Wpointer-arith -Wshadow -Wsign-compare -Wundef -Wunused -Wwrite-strings -Waddress -Wattributes -Wcast-align -Wdeclaration-after-statement -Wdiv-by-zero -Wempty-body -Wendif-labels -Wfloat-equal -Wformat-security -Wignored-qualifiers -Wmissing-field-initializers -Wmissing-noreturn -Wno-format-nonliteral -Wno-system-headers -Wold-style-definition -Wredundant-decls -Wsign-conversion -Wno-error=sign-conversion -Wstrict-prototypes -Wtype-limits -Wunreachable-code -Wunused-parameter -Wvla -Wclobbered -Wmissing-parameter-type -Wold-style-declaration -Wstrict-aliasing=3 -Wtrampolines -Wformat=2 -Warray-bounds=2 -ftree-vrp -Wduplicated-cond -Wnull-dereference -fdelete-null-pointer-checks -Wshift-negative-value -Wshift-overflow=2 -Walloc-zero -Wduplicated-branches -Wno-format-overflow -Wformat-truncation=2 -Wimplicit-fallthrough -Wrestrict -Warith-conversion -Wdouble-promotion -Wenum-conversion -Wpragmas -Wunused-const-variable -O3 -DNDEBUG -Wno-dev -MD -MT _deps/curl-build/src/CMakeFiles/curl.dir/tool_getparam.c.o -MF _deps/curl-build/src/CMakeFiles/curl.dir/tool_getparam.c.o.d -o _deps/curl-build/src/CMakeFiles/curl.dir/tool_getparam.c.o -c /project/build/cp310-cp310-linux_x86_64/_deps/curl-src/src/tool_getparam.c
[246/514] /opt/rh/devtoolset-10/root/usr/bin/gcc  -pthread -DHAVE_CONFIG_H -D__LIBARCHIVE_ENABLE_VISIBILITY -Darchive_EXPORTS -I/project/build/cp310-cp310-linux_x86_64/_deps/libarchive-src/libarchive -I/project/build/cp310-cp310-linux_x86_64/_deps/libarchive-build -I/project/build/cp310-cp310-linux_x86_64/_deps/libarchive-src/libarchive/. -Wall -Wformat -Wformat-security -ffunction-sections -fdata-sections -fvisibility=hidden -O3 -DNDEBUG -fPIC -Wno-dev -MD -MT _deps/libarchive-build/libarchive/CMakeFiles/archive.dir/archive_pathmatch.c.o -MF _deps/libarchive-build/libarchive/CMakeFiles/archive.dir/archive_pathmatch.c.o.d -o _deps/libarchive-build/libarchive/CMakeFiles/archive.dir/archive_pathmatch.c.o -c /project/build/cp310-cp310-linux_x86_64/_deps/libarchive-src/libarchive/archive_pathmatch.c
[247/514] /opt/rh/devtoolset-10/root/usr/bin/gcc  -pthread -DHAVE_CONFIG_H -D__LIBARCHIVE_ENABLE_VISIBILITY -Darchive_EXPORTS -I/project/build/cp310-cp310-linux_x86_64/_deps/libarchive-src/libarchive -I/project/build/cp310-cp310-linux_x86_64/_deps/libarchive-build -I/project/build/cp310-cp310-linux_x86_64/_deps/libarchive-src/libarchive/. -Wall -Wformat -Wformat-security -ffunction-sections -fdata-sections -fvisibility=hidden -O3 -DNDEBUG -fPIC -Wno-dev -MD -MT _deps/libarchive-build/libarchive/CMakeFiles/archive.dir/archive_getdate.c.o -MF _deps/libarchive-build/libarchive/CMakeFiles/archive.dir/archive_getdate.c.o.d -o _deps/libarchive-build/libarchive/CMakeFiles/archive.dir/archive_getdate.c.o -c /project/build/cp310-cp310-linux_x86_64/_deps/libarchive-src/libarchive/archive_getdate.c
[248/514] /opt/rh/devtoolset-10/root/usr/bin/gcc  -pthread -DHAVE_CONFIG_H -D__LIBARCHIVE_ENABLE_VISIBILITY -Darchive_EXPORTS -I/project/build/cp310-cp310-linux_x86_64/_deps/libarchive-src/libarchive -I/project/build/cp310-cp310-linux_x86_64/_deps/libarchive-build -I/project/build/cp310-cp310-linux_x86_64/_deps/libarchive-src/libarchive/. -Wall -Wformat -Wformat-security -ffunction-sections -fdata-sections -fvisibility=hidden -O3 -DNDEBUG -fPIC -Wno-dev -MD -MT _deps/libarchive-build/libarchive/CMakeFiles/archive.dir/archive_read_add_passphrase.c.o -MF _deps/libarchive-build/libarchive/CMakeFiles/archive.dir/archive_read_add_passphrase.c.o.d -o _deps/libarchive-build/libarchive/CMakeFiles/archive.dir/archive_read_add_passphrase.c.o -c /project/build/cp310-cp310-linux_x86_64/_deps/libarchive-src/libarchive/archive_read_add_passphrase.c
[249/514] /opt/rh/devtoolset-10/root/usr/bin/gcc  -pthread -DHAVE_CONFIG_H -D__LIBARCHIVE_ENABLE_VISIBILITY -Darchive_EXPORTS -I/project/build/cp310-cp310-linux_x86_64/_deps/libarchive-src/libarchive -I/project/build/cp310-cp310-linux_x86_64/_deps/libarchive-build -I/project/build/cp310-cp310-linux_x86_64/_deps/libarchive-src/libarchive/. -Wall -Wformat -Wformat-security -ffunction-sections -fdata-sections -fvisibility=hidden -O3 -DNDEBUG -fPIC -Wno-dev -MD -MT _deps/libarchive-build/libarchive/CMakeFiles/archive.dir/archive_read_append_filter.c.o -MF _deps/libarchive-build/libarchive/CMakeFiles/archive.dir/archive_read_append_filter.c.o.d -o _deps/libarchive-build/libarchive/CMakeFiles/archive.dir/archive_read_append_filter.c.o -c /project/build/cp310-cp310-linux_x86_64/_deps/libarchive-src/libarchive/archive_read_append_filter.c
[250/514] /opt/rh/devtoolset-10/root/usr/bin/gcc  -pthread -DHAVE_CONFIG_H -D__LIBARCHIVE_ENABLE_VISIBILITY -Darchive_EXPORTS -I/project/build/cp310-cp310-linux_x86_64/_deps/libarchive-src/libarchive -I/project/build/cp310-cp310-linux_x86_64/_deps/libarchive-build -I/project/build/cp310-cp310-linux_x86_64/_deps/libarchive-src/libarchive/. -Wall -Wformat -Wformat-security -ffunction-sections -fdata-sections -fvisibility=hidden -O3 -DNDEBUG -fPIC -Wno-dev -MD -MT _deps/libarchive-build/libarchive/CMakeFiles/archive.dir/archive_match.c.o -MF _deps/libarchive-build/libarchive/CMakeFiles/archive.dir/archive_match.c.o.d -o _deps/libarchive-build/libarchive/CMakeFiles/archive.dir/archive_match.c.o -c /project/build/cp310-cp310-linux_x86_64/_deps/libarchive-src/libarchive/archive_match.c
[251/514] /opt/rh/devtoolset-10/root/usr/bin/gcc  -pthread -DHAVE_CONFIG_H -D__LIBARCHIVE_ENABLE_VISIBILITY -Darchive_EXPORTS -I/project/build/cp310-cp310-linux_x86_64/_deps/libarchive-src/libarchive -I/project/build/cp310-cp310-linux_x86_64/_deps/libarchive-build -I/project/build/cp310-cp310-linux_x86_64/_deps/libarchive-src/libarchive/. -Wall -Wformat -Wformat-security -ffunction-sections -fdata-sections -fvisibility=hidden -O3 -DNDEBUG -fPIC -Wno-dev -MD -MT _deps/libarchive-build/libarchive/CMakeFiles/archive.dir/archive_rb.c.o -MF _deps/libarchive-build/libarchive/CMakeFiles/archive.dir/archive_rb.c.o.d -o _deps/libarchive-build/libarchive/CMakeFiles/archive.dir/archive_rb.c.o -c /project/build/cp310-cp310-linux_x86_64/_deps/libarchive-src/libarchive/archive_rb.c
[252/514] : && /opt/rh/devtoolset-10/root/usr/bin/gcc  -pthread -Werror-implicit-function-declaration -W -Wall -pedantic -Wbad-function-cast -Wconversion -Winline -Wmissing-declarations -Wmissing-prototypes -Wnested-externs -Wno-long-long -Wno-multichar -Wpointer-arith -Wshadow -Wsign-compare -Wundef -Wunused -Wwrite-strings -Waddress -Wattributes -Wcast-align -Wdeclaration-after-statement -Wdiv-by-zero -Wempty-body -Wendif-labels -Wfloat-equal -Wformat-security -Wignored-qualifiers -Wmissing-field-initializers -Wmissing-noreturn -Wno-format-nonliteral -Wno-system-headers -Wold-style-definition -Wredundant-decls -Wsign-conversion -Wno-error=sign-conversion -Wstrict-prototypes -Wtype-limits -Wunreachable-code -Wunused-parameter -Wvla -Wclobbered -Wmissing-parameter-type -Wold-style-declaration -Wstrict-aliasing=3 -Wtrampolines -Wformat=2 -Warray-bounds=2 -ftree-vrp -Wduplicated-cond -Wnull-dereference -fdelete-null-pointer-checks -Wshift-negative-value -Wshift-overflow=2 -Walloc-zero -Wduplicated-branches -Wno-format-overflow -Wformat-truncation=2 -Wimplicit-fallthrough -Wrestrict -Warith-conversion -Wdouble-promotion -Wenum-conversion -Wpragmas -Wunused-const-variable -O3 -DNDEBUG  _deps/curl-build/src/CMakeFiles/curl.dir/slist_wc.c.o _deps/curl-build/src/CMakeFiles/curl.dir/terminal.c.o _deps/curl-build/src/CMakeFiles/curl.dir/tool_binmode.c.o _deps/curl-build/src/CMakeFiles/curl.dir/tool_bname.c.o _deps/curl-build/src/CMakeFiles/curl.dir/tool_cb_dbg.c.o _deps/curl-build/src/CMakeFiles/curl.dir/tool_cb_hdr.c.o _deps/curl-build/src/CMakeFiles/curl.dir/tool_cb_prg.c.o _deps/curl-build/src/CMakeFiles/curl.dir/tool_cb_rea.c.o _deps/curl-build/src/CMakeFiles/curl.dir/tool_cb_see.c.o _deps/curl-build/src/CMakeFiles/curl.dir/tool_cb_soc.c.o _deps/curl-build/src/CMakeFiles/curl.dir/tool_cb_wrt.c.o _deps/curl-build/src/CMakeFiles/curl.dir/tool_cfgable.c.o _deps/curl-build/src/CMakeFiles/curl.dir/tool_dirhie.c.o _deps/curl-build/src/CMakeFiles/curl.dir/tool_doswin.c.o _deps/curl-build/src/CMakeFiles/curl.dir/tool_easysrc.c.o _deps/curl-build/src/CMakeFiles/curl.dir/tool_filetime.c.o _deps/curl-build/src/CMakeFiles/curl.dir/tool_findfile.c.o _deps/curl-build/src/CMakeFiles/curl.dir/tool_formparse.c.o _deps/curl-build/src/CMakeFiles/curl.dir/tool_getparam.c.o _deps/curl-build/src/CMakeFiles/curl.dir/tool_getpass.c.o _deps/curl-build/src/CMakeFiles/curl.dir/tool_help.c.o _deps/curl-build/src/CMakeFiles/curl.dir/tool_helpers.c.o _deps/curl-build/src/CMakeFiles/curl.dir/tool_hugehelp.c.o _deps/curl-build/src/CMakeFiles/curl.dir/tool_ipfs.c.o _deps/curl-build/src/CMakeFiles/curl.dir/tool_libinfo.c.o _deps/curl-build/src/CMakeFiles/curl.dir/tool_listhelp.c.o _deps/curl-build/src/CMakeFiles/curl.dir/tool_main.c.o _deps/curl-build/src/CMakeFiles/curl.dir/tool_msgs.c.o _deps/curl-build/src/CMakeFiles/curl.dir/tool_operate.c.o _deps/curl-build/src/CMakeFiles/curl.dir/tool_operhlp.c.o _deps/curl-build/src/CMakeFiles/curl.dir/tool_paramhlp.c.o _deps/curl-build/src/CMakeFiles/curl.dir/tool_parsecfg.c.o _deps/curl-build/src/CMakeFiles/curl.dir/tool_progress.c.o _deps/curl-build/src/CMakeFiles/curl.dir/tool_setopt.c.o _deps/curl-build/src/CMakeFiles/curl.dir/tool_sleep.c.o _deps/curl-build/src/CMakeFiles/curl.dir/tool_stderr.c.o _deps/curl-build/src/CMakeFiles/curl.dir/tool_strdup.c.o _deps/curl-build/src/CMakeFiles/curl.dir/tool_urlglob.c.o _deps/curl-build/src/CMakeFiles/curl.dir/tool_util.c.o _deps/curl-build/src/CMakeFiles/curl.dir/tool_vms.c.o _deps/curl-build/src/CMakeFiles/curl.dir/tool_writeout.c.o _deps/curl-build/src/CMakeFiles/curl.dir/tool_writeout_json.c.o _deps/curl-build/src/CMakeFiles/curl.dir/tool_xattr.c.o _deps/curl-build/src/CMakeFiles/curl.dir/var.c.o _deps/curl-build/src/CMakeFiles/curl.dir/__/lib/base64.c.o _deps/curl-build/src/CMakeFiles/curl.dir/__/lib/curl_multibyte.c.o _deps/curl-build/src/CMakeFiles/curl.dir/__/lib/dynbuf.c.o _deps/curl-build/src/CMakeFiles/curl.dir/__/lib/nonblock.c.o _deps/curl-build/src/CMakeFiles/curl.dir/__/lib/strtoofft.c.o _deps/curl-build/src/CMakeFiles/curl.dir/__/lib/timediff.c.o _deps/curl-build/src/CMakeFiles/curl.dir/__/lib/version_win32.c.o _deps/curl-build/src/CMakeFiles/curl.dir/__/lib/warnless.c.o -o _deps/curl-build/src/curl  -Wl,-rpath,/project/build/cp310-cp310-linux_x86_64/_deps/curl-build/lib:  _deps/curl-build/lib/libcurl.so.4.8.0  /usr/lib64/libssl.so  /usr/lib64/libcrypto.so  /usr/lib64/libz.so && :
[253/514] /opt/rh/devtoolset-10/root/usr/bin/gcc  -pthread -DHAVE_CONFIG_H -D__LIBARCHIVE_ENABLE_VISIBILITY -Darchive_EXPORTS -I/project/build/cp310-cp310-linux_x86_64/_deps/libarchive-src/libarchive -I/project/build/cp310-cp310-linux_x86_64/_deps/libarchive-build -I/project/build/cp310-cp310-linux_x86_64/_deps/libarchive-src/libarchive/. -Wall -Wformat -Wformat-security -ffunction-sections -fdata-sections -fvisibility=hidden -O3 -DNDEBUG -fPIC -Wno-dev -MD -MT _deps/libarchive-build/libarchive/CMakeFiles/archive.dir/archive_read_data_into_fd.c.o -MF _deps/libarchive-build/libarchive/CMakeFiles/archive.dir/archive_read_data_into_fd.c.o.d -o _deps/libarchive-build/libarchive/CMakeFiles/archive.dir/archive_read_data_into_fd.c.o -c /project/build/cp310-cp310-linux_x86_64/_deps/libarchive-src/libarchive/archive_read_data_into_fd.c
[254/514] /opt/rh/devtoolset-10/root/usr/bin/gcc  -pthread -DHAVE_CONFIG_H -D__LIBARCHIVE_ENABLE_VISIBILITY -Darchive_EXPORTS -I/project/build/cp310-cp310-linux_x86_64/_deps/libarchive-src/libarchive -I/project/build/cp310-cp310-linux_x86_64/_deps/libarchive-build -I/project/build/cp310-cp310-linux_x86_64/_deps/libarchive-src/libarchive/. -Wall -Wformat -Wformat-security -ffunction-sections -fdata-sections -fvisibility=hidden -O3 -DNDEBUG -fPIC -Wno-dev -MD -MT _deps/libarchive-build/libarchive/CMakeFiles/archive.dir/archive_entry.c.o -MF _deps/libarchive-build/libarchive/CMakeFiles/archive.dir/archive_entry.c.o.d -o _deps/libarchive-build/libarchive/CMakeFiles/archive.dir/archive_entry.c.o -c /project/build/cp310-cp310-linux_x86_64/_deps/libarchive-src/libarchive/archive_entry.c
[255/514] /opt/rh/devtoolset-10/root/usr/bin/gcc  -pthread -DHAVE_CONFIG_H -D__LIBARCHIVE_ENABLE_VISIBILITY -Darchive_EXPORTS -I/project/build/cp310-cp310-linux_x86_64/_deps/libarchive-src/libarchive -I/project/build/cp310-cp310-linux_x86_64/_deps/libarchive-build -I/project/build/cp310-cp310-linux_x86_64/_deps/libarchive-src/libarchive/. -Wall -Wformat -Wformat-security -ffunction-sections -fdata-sections -fvisibility=hidden -O3 -DNDEBUG -fPIC -Wno-dev -MD -MT _deps/libarchive-build/libarchive/CMakeFiles/archive.dir/archive_read_extract.c.o -MF _deps/libarchive-build/libarchive/CMakeFiles/archive.dir/archive_read_extract.c.o.d -o _deps/libarchive-build/libarchive/CMakeFiles/archive.dir/archive_read_extract.c.o -c /project/build/cp310-cp310-linux_x86_64/_deps/libarchive-src/libarchive/archive_read_extract.c
[256/514] /opt/rh/devtoolset-10/root/usr/bin/gcc  -pthread -DHAVE_CONFIG_H -D__LIBARCHIVE_ENABLE_VISIBILITY -Darchive_EXPORTS -I/project/build/cp310-cp310-linux_x86_64/_deps/libarchive-src/libarchive -I/project/build/cp310-cp310-linux_x86_64/_deps/libarchive-build -I/project/build/cp310-cp310-linux_x86_64/_deps/libarchive-src/libarchive/. -Wall -Wformat -Wformat-security -ffunction-sections -fdata-sections -fvisibility=hidden -O3 -DNDEBUG -fPIC -Wno-dev -MD -MT _deps/libarchive-build/libarchive/CMakeFiles/archive.dir/archive_read_disk_set_standard_lookup.c.o -MF _deps/libarchive-build/libarchive/CMakeFiles/archive.dir/archive_read_disk_set_standard_lookup.c.o.d -o _deps/libarchive-build/libarchive/CMakeFiles/archive.dir/archive_read_disk_set_standard_lookup.c.o -c /project/build/cp310-cp310-linux_x86_64/_deps/libarchive-src/libarchive/archive_read_disk_set_standard_lookup.c
[257/514] /opt/rh/devtoolset-10/root/usr/bin/gcc  -pthread -DHAVE_CONFIG_H -D__LIBARCHIVE_ENABLE_VISIBILITY -Darchive_EXPORTS -I/project/build/cp310-cp310-linux_x86_64/_deps/libarchive-src/libarchive -I/project/build/cp310-cp310-linux_x86_64/_deps/libarchive-build -I/project/build/cp310-cp310-linux_x86_64/_deps/libarchive-src/libarchive/. -Wall -Wformat -Wformat-security -ffunction-sections -fdata-sections -fvisibility=hidden -O3 -DNDEBUG -fPIC -Wno-dev -MD -MT _deps/libarchive-build/libarchive/CMakeFiles/archive.dir/archive_read_extract2.c.o -MF _deps/libarchive-build/libarchive/CMakeFiles/archive.dir/archive_read_extract2.c.o.d -o _deps/libarchive-build/libarchive/CMakeFiles/archive.dir/archive_read_extract2.c.o -c /project/build/cp310-cp310-linux_x86_64/_deps/libarchive-src/libarchive/archive_read_extract2.c
[258/514] /opt/rh/devtoolset-10/root/usr/bin/gcc  -pthread -DHAVE_CONFIG_H -D__LIBARCHIVE_ENABLE_VISIBILITY -Darchive_EXPORTS -I/project/build/cp310-cp310-linux_x86_64/_deps/libarchive-src/libarchive -I/project/build/cp310-cp310-linux_x86_64/_deps/libarchive-build -I/project/build/cp310-cp310-linux_x86_64/_deps/libarchive-src/libarchive/. -Wall -Wformat -Wformat-security -ffunction-sections -fdata-sections -fvisibility=hidden -O3 -DNDEBUG -fPIC -Wno-dev -MD -MT _deps/libarchive-build/libarchive/CMakeFiles/archive.dir/archive_read_open_fd.c.o -MF _deps/libarchive-build/libarchive/CMakeFiles/archive.dir/archive_read_open_fd.c.o.d -o _deps/libarchive-build/libarchive/CMakeFiles/archive.dir/archive_read_open_fd.c.o -c /project/build/cp310-cp310-linux_x86_64/_deps/libarchive-src/libarchive/archive_read_open_fd.c
[259/514] /opt/rh/devtoolset-10/root/usr/bin/gcc  -pthread -DHAVE_CONFIG_H -D__LIBARCHIVE_ENABLE_VISIBILITY -Darchive_EXPORTS -I/project/build/cp310-cp310-linux_x86_64/_deps/libarchive-src/libarchive -I/project/build/cp310-cp310-linux_x86_64/_deps/libarchive-build -I/project/build/cp310-cp310-linux_x86_64/_deps/libarchive-src/libarchive/. -Wall -Wformat -Wformat-security -ffunction-sections -fdata-sections -fvisibility=hidden -O3 -DNDEBUG -fPIC -Wno-dev -MD -MT _deps/libarchive-build/libarchive/CMakeFiles/archive.dir/archive_read_disk_entry_from_file.c.o -MF _deps/libarchive-build/libarchive/CMakeFiles/archive.dir/archive_read_disk_entry_from_file.c.o.d -o _deps/libarchive-build/libarchive/CMakeFiles/archive.dir/archive_read_disk_entry_from_file.c.o -c /project/build/cp310-cp310-linux_x86_64/_deps/libarchive-src/libarchive/archive_read_disk_entry_from_file.c
[260/514] /opt/rh/devtoolset-10/root/usr/bin/gcc  -pthread -DHAVE_CONFIG_H -D__LIBARCHIVE_ENABLE_VISIBILITY -Darchive_EXPORTS -I/project/build/cp310-cp310-linux_x86_64/_deps/libarchive-src/libarchive -I/project/build/cp310-cp310-linux_x86_64/_deps/libarchive-build -I/project/build/cp310-cp310-linux_x86_64/_deps/libarchive-src/libarchive/. -Wall -Wformat -Wformat-security -ffunction-sections -fdata-sections -fvisibility=hidden -O3 -DNDEBUG -fPIC -Wno-dev -MD -MT _deps/libarchive-build/libarchive/CMakeFiles/archive.dir/archive_read_open_file.c.o -MF _deps/libarchive-build/libarchive/CMakeFiles/archive.dir/archive_read_open_file.c.o.d -o _deps/libarchive-build/libarchive/CMakeFiles/archive.dir/archive_read_open_file.c.o -c /project/build/cp310-cp310-linux_x86_64/_deps/libarchive-src/libarchive/archive_read_open_file.c
[261/514] /opt/rh/devtoolset-10/root/usr/bin/gcc  -pthread -DHAVE_CONFIG_H -D__LIBARCHIVE_ENABLE_VISIBILITY -Darchive_EXPORTS -I/project/build/cp310-cp310-linux_x86_64/_deps/libarchive-src/libarchive -I/project/build/cp310-cp310-linux_x86_64/_deps/libarchive-build -I/project/build/cp310-cp310-linux_x86_64/_deps/libarchive-src/libarchive/. -Wall -Wformat -Wformat-security -ffunction-sections -fdata-sections -fvisibility=hidden -O3 -DNDEBUG -fPIC -Wno-dev -MD -MT _deps/libarchive-build/libarchive/CMakeFiles/archive.dir/archive_read_open_memory.c.o -MF _deps/libarchive-build/libarchive/CMakeFiles/archive.dir/archive_read_open_memory.c.o.d -o _deps/libarchive-build/libarchive/CMakeFiles/archive.dir/archive_read_open_memory.c.o -c /project/build/cp310-cp310-linux_x86_64/_deps/libarchive-src/libarchive/archive_read_open_memory.c
[262/514] /opt/rh/devtoolset-10/root/usr/bin/gcc  -pthread -DHAVE_CONFIG_H -D__LIBARCHIVE_ENABLE_VISIBILITY -Darchive_EXPORTS -I/project/build/cp310-cp310-linux_x86_64/_deps/libarchive-src/libarchive -I/project/build/cp310-cp310-linux_x86_64/_deps/libarchive-build -I/project/build/cp310-cp310-linux_x86_64/_deps/libarchive-src/libarchive/. -Wall -Wformat -Wformat-security -ffunction-sections -fdata-sections -fvisibility=hidden -O3 -DNDEBUG -fPIC -Wno-dev -MD -MT _deps/libarchive-build/libarchive/CMakeFiles/archive.dir/archive_read_set_format.c.o -MF _deps/libarchive-build/libarchive/CMakeFiles/archive.dir/archive_read_set_format.c.o.d -o _deps/libarchive-build/libarchive/CMakeFiles/archive.dir/archive_read_set_format.c.o -c /project/build/cp310-cp310-linux_x86_64/_deps/libarchive-src/libarchive/archive_read_set_format.c
[263/514] /opt/rh/devtoolset-10/root/usr/bin/gcc  -pthread -DHAVE_CONFIG_H -D__LIBARCHIVE_ENABLE_VISIBILITY -Darchive_EXPORTS -I/project/build/cp310-cp310-linux_x86_64/_deps/libarchive-src/libarchive -I/project/build/cp310-cp310-linux_x86_64/_deps/libarchive-build -I/project/build/cp310-cp310-linux_x86_64/_deps/libarchive-src/libarchive/. -Wall -Wformat -Wformat-security -ffunction-sections -fdata-sections -fvisibility=hidden -O3 -DNDEBUG -fPIC -Wno-dev -MD -MT _deps/libarchive-build/libarchive/CMakeFiles/archive.dir/archive_read_support_filter_all.c.o -MF _deps/libarchive-build/libarchive/CMakeFiles/archive.dir/archive_read_support_filter_all.c.o.d -o _deps/libarchive-build/libarchive/CMakeFiles/archive.dir/archive_read_support_filter_all.c.o -c /project/build/cp310-cp310-linux_x86_64/_deps/libarchive-src/libarchive/archive_read_support_filter_all.c
[264/514] /opt/rh/devtoolset-10/root/usr/bin/gcc  -pthread -DHAVE_CONFIG_H -D__LIBARCHIVE_ENABLE_VISIBILITY -Darchive_EXPORTS -I/project/build/cp310-cp310-linux_x86_64/_deps/libarchive-src/libarchive -I/project/build/cp310-cp310-linux_x86_64/_deps/libarchive-build -I/project/build/cp310-cp310-linux_x86_64/_deps/libarchive-src/libarchive/. -Wall -Wformat -Wformat-security -ffunction-sections -fdata-sections -fvisibility=hidden -O3 -DNDEBUG -fPIC -Wno-dev -MD -MT _deps/libarchive-build/libarchive/CMakeFiles/archive.dir/archive_read_set_options.c.o -MF _deps/libarchive-build/libarchive/CMakeFiles/archive.dir/archive_read_set_options.c.o.d -o _deps/libarchive-build/libarchive/CMakeFiles/archive.dir/archive_read_set_options.c.o -c /project/build/cp310-cp310-linux_x86_64/_deps/libarchive-src/libarchive/archive_read_set_options.c
[265/514] /opt/rh/devtoolset-10/root/usr/bin/gcc  -pthread -DHAVE_CONFIG_H -D__LIBARCHIVE_ENABLE_VISIBILITY -Darchive_EXPORTS -I/project/build/cp310-cp310-linux_x86_64/_deps/libarchive-src/libarchive -I/project/build/cp310-cp310-linux_x86_64/_deps/libarchive-build -I/project/build/cp310-cp310-linux_x86_64/_deps/libarchive-src/libarchive/. -Wall -Wformat -Wformat-security -ffunction-sections -fdata-sections -fvisibility=hidden -O3 -DNDEBUG -fPIC -Wno-dev -MD -MT _deps/libarchive-build/libarchive/CMakeFiles/archive.dir/archive_read_open_filename.c.o -MF _deps/libarchive-build/libarchive/CMakeFiles/archive.dir/archive_read_open_filename.c.o.d -o _deps/libarchive-build/libarchive/CMakeFiles/archive.dir/archive_read_open_filename.c.o -c /project/build/cp310-cp310-linux_x86_64/_deps/libarchive-src/libarchive/archive_read_open_filename.c
[266/514] /opt/rh/devtoolset-10/root/usr/bin/gcc  -pthread -DHAVE_CONFIG_H -D__LIBARCHIVE_ENABLE_VISIBILITY -Darchive_EXPORTS -I/project/build/cp310-cp310-linux_x86_64/_deps/libarchive-src/libarchive -I/project/build/cp310-cp310-linux_x86_64/_deps/libarchive-build -I/project/build/cp310-cp310-linux_x86_64/_deps/libarchive-src/libarchive/. -Wall -Wformat -Wformat-security -ffunction-sections -fdata-sections -fvisibility=hidden -O3 -DNDEBUG -fPIC -Wno-dev -MD -MT _deps/libarchive-build/libarchive/CMakeFiles/archive.dir/archive_read_support_filter_bzip2.c.o -MF _deps/libarchive-build/libarchive/CMakeFiles/archive.dir/archive_read_support_filter_bzip2.c.o.d -o _deps/libarchive-build/libarchive/CMakeFiles/archive.dir/archive_read_support_filter_bzip2.c.o -c /project/build/cp310-cp310-linux_x86_64/_deps/libarchive-src/libarchive/archive_read_support_filter_bzip2.c
[267/514] /opt/rh/devtoolset-10/root/usr/bin/gcc  -pthread -DHAVE_CONFIG_H -D__LIBARCHIVE_ENABLE_VISIBILITY -Darchive_EXPORTS -I/project/build/cp310-cp310-linux_x86_64/_deps/libarchive-src/libarchive -I/project/build/cp310-cp310-linux_x86_64/_deps/libarchive-build -I/project/build/cp310-cp310-linux_x86_64/_deps/libarchive-src/libarchive/. -Wall -Wformat -Wformat-security -ffunction-sections -fdata-sections -fvisibility=hidden -O3 -DNDEBUG -fPIC -Wno-dev -MD -MT _deps/libarchive-build/libarchive/CMakeFiles/archive.dir/archive_read_support_filter_by_code.c.o -MF _deps/libarchive-build/libarchive/CMakeFiles/archive.dir/archive_read_support_filter_by_code.c.o.d -o _deps/libarchive-build/libarchive/CMakeFiles/archive.dir/archive_read_support_filter_by_code.c.o -c /project/build/cp310-cp310-linux_x86_64/_deps/libarchive-src/libarchive/archive_read_support_filter_by_code.c
[268/514] /opt/rh/devtoolset-10/root/usr/bin/gcc  -pthread -DHAVE_CONFIG_H -D__LIBARCHIVE_ENABLE_VISIBILITY -Darchive_EXPORTS -I/project/build/cp310-cp310-linux_x86_64/_deps/libarchive-src/libarchive -I/project/build/cp310-cp310-linux_x86_64/_deps/libarchive-build -I/project/build/cp310-cp310-linux_x86_64/_deps/libarchive-src/libarchive/. -Wall -Wformat -Wformat-security -ffunction-sections -fdata-sections -fvisibility=hidden -O3 -DNDEBUG -fPIC -Wno-dev -MD -MT _deps/libarchive-build/libarchive/CMakeFiles/archive.dir/archive_read.c.o -MF _deps/libarchive-build/libarchive/CMakeFiles/archive.dir/archive_read.c.o.d -o _deps/libarchive-build/libarchive/CMakeFiles/archive.dir/archive_read.c.o -c /project/build/cp310-cp310-linux_x86_64/_deps/libarchive-src/libarchive/archive_read.c
[269/514] /opt/rh/devtoolset-10/root/usr/bin/gcc  -pthread -DHAVE_CONFIG_H -D__LIBARCHIVE_ENABLE_VISIBILITY -Darchive_EXPORTS -I/project/build/cp310-cp310-linux_x86_64/_deps/libarchive-src/libarchive -I/project/build/cp310-cp310-linux_x86_64/_deps/libarchive-build -I/project/build/cp310-cp310-linux_x86_64/_deps/libarchive-src/libarchive/. -Wall -Wformat -Wformat-security -ffunction-sections -fdata-sections -fvisibility=hidden -O3 -DNDEBUG -fPIC -Wno-dev -MD -MT _deps/libarchive-build/libarchive/CMakeFiles/archive.dir/archive_read_support_filter_grzip.c.o -MF _deps/libarchive-build/libarchive/CMakeFiles/archive.dir/archive_read_support_filter_grzip.c.o.d -o _deps/libarchive-build/libarchive/CMakeFiles/archive.dir/archive_read_support_filter_grzip.c.o -c /project/build/cp310-cp310-linux_x86_64/_deps/libarchive-src/libarchive/archive_read_support_filter_grzip.c
[270/514] /opt/rh/devtoolset-10/root/usr/bin/gcc  -pthread -DHAVE_CONFIG_H -D__LIBARCHIVE_ENABLE_VISIBILITY -Darchive_EXPORTS -I/project/build/cp310-cp310-linux_x86_64/_deps/libarchive-src/libarchive -I/project/build/cp310-cp310-linux_x86_64/_deps/libarchive-build -I/project/build/cp310-cp310-linux_x86_64/_deps/libarchive-src/libarchive/. -Wall -Wformat -Wformat-security -ffunction-sections -fdata-sections -fvisibility=hidden -O3 -DNDEBUG -fPIC -Wno-dev -MD -MT _deps/libarchive-build/libarchive/CMakeFiles/archive.dir/archive_read_support_filter_lzop.c.o -MF _deps/libarchive-build/libarchive/CMakeFiles/archive.dir/archive_read_support_filter_lzop.c.o.d -o _deps/libarchive-build/libarchive/CMakeFiles/archive.dir/archive_read_support_filter_lzop.c.o -c /project/build/cp310-cp310-linux_x86_64/_deps/libarchive-src/libarchive/archive_read_support_filter_lzop.c
[271/514] /opt/rh/devtoolset-10/root/usr/bin/gcc  -pthread -DHAVE_CONFIG_H -D__LIBARCHIVE_ENABLE_VISIBILITY -Darchive_EXPORTS -I/project/build/cp310-cp310-linux_x86_64/_deps/libarchive-src/libarchive -I/project/build/cp310-cp310-linux_x86_64/_deps/libarchive-build -I/project/build/cp310-cp310-linux_x86_64/_deps/libarchive-src/libarchive/. -Wall -Wformat -Wformat-security -ffunction-sections -fdata-sections -fvisibility=hidden -O3 -DNDEBUG -fPIC -Wno-dev -MD -MT _deps/libarchive-build/libarchive/CMakeFiles/archive.dir/archive_read_support_filter_lrzip.c.o -MF _deps/libarchive-build/libarchive/CMakeFiles/archive.dir/archive_read_support_filter_lrzip.c.o.d -o _deps/libarchive-build/libarchive/CMakeFiles/archive.dir/archive_read_support_filter_lrzip.c.o -c /project/build/cp310-cp310-linux_x86_64/_deps/libarchive-src/libarchive/archive_read_support_filter_lrzip.c
[272/514] /opt/rh/devtoolset-10/root/usr/bin/gcc  -pthread -DHAVE_CONFIG_H -D__LIBARCHIVE_ENABLE_VISIBILITY -Darchive_EXPORTS -I/project/build/cp310-cp310-linux_x86_64/_deps/libarchive-src/libarchive -I/project/build/cp310-cp310-linux_x86_64/_deps/libarchive-build -I/project/build/cp310-cp310-linux_x86_64/_deps/libarchive-src/libarchive/. -Wall -Wformat -Wformat-security -ffunction-sections -fdata-sections -fvisibility=hidden -O3 -DNDEBUG -fPIC -Wno-dev -MD -MT _deps/libarchive-build/libarchive/CMakeFiles/archive.dir/archive_read_support_filter_lz4.c.o -MF _deps/libarchive-build/libarchive/CMakeFiles/archive.dir/archive_read_support_filter_lz4.c.o.d -o _deps/libarchive-build/libarchive/CMakeFiles/archive.dir/archive_read_support_filter_lz4.c.o -c /project/build/cp310-cp310-linux_x86_64/_deps/libarchive-src/libarchive/archive_read_support_filter_lz4.c
[273/514] /opt/rh/devtoolset-10/root/usr/bin/gcc  -pthread -DHAVE_CONFIG_H -D__LIBARCHIVE_ENABLE_VISIBILITY -Darchive_EXPORTS -I/project/build/cp310-cp310-linux_x86_64/_deps/libarchive-src/libarchive -I/project/build/cp310-cp310-linux_x86_64/_deps/libarchive-build -I/project/build/cp310-cp310-linux_x86_64/_deps/libarchive-src/libarchive/. -Wall -Wformat -Wformat-security -ffunction-sections -fdata-sections -fvisibility=hidden -O3 -DNDEBUG -fPIC -Wno-dev -MD -MT _deps/libarchive-build/libarchive/CMakeFiles/archive.dir/archive_read_support_filter_compress.c.o -MF _deps/libarchive-build/libarchive/CMakeFiles/archive.dir/archive_read_support_filter_compress.c.o.d -o _deps/libarchive-build/libarchive/CMakeFiles/archive.dir/archive_read_support_filter_compress.c.o -c /project/build/cp310-cp310-linux_x86_64/_deps/libarchive-src/libarchive/archive_read_support_filter_compress.c
[274/514] /opt/rh/devtoolset-10/root/usr/bin/gcc  -pthread -DHAVE_CONFIG_H -D__LIBARCHIVE_ENABLE_VISIBILITY -Darchive_EXPORTS -I/project/build/cp310-cp310-linux_x86_64/_deps/libarchive-src/libarchive -I/project/build/cp310-cp310-linux_x86_64/_deps/libarchive-build -I/project/build/cp310-cp310-linux_x86_64/_deps/libarchive-src/libarchive/. -Wall -Wformat -Wformat-security -ffunction-sections -fdata-sections -fvisibility=hidden -O3 -DNDEBUG -fPIC -Wno-dev -MD -MT _deps/libarchive-build/libarchive/CMakeFiles/archive.dir/archive_ppmd8.c.o -MF _deps/libarchive-build/libarchive/CMakeFiles/archive.dir/archive_ppmd8.c.o.d -o _deps/libarchive-build/libarchive/CMakeFiles/archive.dir/archive_ppmd8.c.o -c /project/build/cp310-cp310-linux_x86_64/_deps/libarchive-src/libarchive/archive_ppmd8.c
[275/514] /opt/rh/devtoolset-10/root/usr/bin/gcc  -pthread -DHAVE_CONFIG_H -D__LIBARCHIVE_ENABLE_VISIBILITY -Darchive_EXPORTS -I/project/build/cp310-cp310-linux_x86_64/_deps/libarchive-src/libarchive -I/project/build/cp310-cp310-linux_x86_64/_deps/libarchive-build -I/project/build/cp310-cp310-linux_x86_64/_deps/libarchive-src/libarchive/. -Wall -Wformat -Wformat-security -ffunction-sections -fdata-sections -fvisibility=hidden -O3 -DNDEBUG -fPIC -Wno-dev -MD -MT _deps/libarchive-build/libarchive/CMakeFiles/archive.dir/archive_read_support_filter_none.c.o -MF _deps/libarchive-build/libarchive/CMakeFiles/archive.dir/archive_read_support_filter_none.c.o.d -o _deps/libarchive-build/libarchive/CMakeFiles/archive.dir/archive_read_support_filter_none.c.o -c /project/build/cp310-cp310-linux_x86_64/_deps/libarchive-src/libarchive/archive_read_support_filter_none.c
[276/514] /opt/rh/devtoolset-10/root/usr/bin/gcc  -pthread -DHAVE_CONFIG_H -D__LIBARCHIVE_ENABLE_VISIBILITY -Darchive_EXPORTS -I/project/build/cp310-cp310-linux_x86_64/_deps/libarchive-src/libarchive -I/project/build/cp310-cp310-linux_x86_64/_deps/libarchive-build -I/project/build/cp310-cp310-linux_x86_64/_deps/libarchive-src/libarchive/. -Wall -Wformat -Wformat-security -ffunction-sections -fdata-sections -fvisibility=hidden -O3 -DNDEBUG -fPIC -Wno-dev -MD -MT _deps/libarchive-build/libarchive/CMakeFiles/archive.dir/archive_read_support_filter_gzip.c.o -MF _deps/libarchive-build/libarchive/CMakeFiles/archive.dir/archive_read_support_filter_gzip.c.o.d -o _deps/libarchive-build/libarchive/CMakeFiles/archive.dir/archive_read_support_filter_gzip.c.o -c /project/build/cp310-cp310-linux_x86_64/_deps/libarchive-src/libarchive/archive_read_support_filter_gzip.c
[277/514] /opt/rh/devtoolset-10/root/usr/bin/gcc  -pthread -DHAVE_CONFIG_H -D__LIBARCHIVE_ENABLE_VISIBILITY -Darchive_EXPORTS -I/project/build/cp310-cp310-linux_x86_64/_deps/libarchive-src/libarchive -I/project/build/cp310-cp310-linux_x86_64/_deps/libarchive-build -I/project/build/cp310-cp310-linux_x86_64/_deps/libarchive-src/libarchive/. -Wall -Wformat -Wformat-security -ffunction-sections -fdata-sections -fvisibility=hidden -O3 -DNDEBUG -fPIC -Wno-dev -MD -MT _deps/libarchive-build/libarchive/CMakeFiles/archive.dir/archive_read_support_format_all.c.o -MF _deps/libarchive-build/libarchive/CMakeFiles/archive.dir/archive_read_support_format_all.c.o.d -o _deps/libarchive-build/libarchive/CMakeFiles/archive.dir/archive_read_support_format_all.c.o -c /project/build/cp310-cp310-linux_x86_64/_deps/libarchive-src/libarchive/archive_read_support_format_all.c
[278/514] /opt/rh/devtoolset-10/root/usr/bin/gcc  -pthread -DHAVE_CONFIG_H -D__LIBARCHIVE_ENABLE_VISIBILITY -Darchive_EXPORTS -I/project/build/cp310-cp310-linux_x86_64/_deps/libarchive-src/libarchive -I/project/build/cp310-cp310-linux_x86_64/_deps/libarchive-build -I/project/build/cp310-cp310-linux_x86_64/_deps/libarchive-src/libarchive/. -Wall -Wformat -Wformat-security -ffunction-sections -fdata-sections -fvisibility=hidden -O3 -DNDEBUG -fPIC -Wno-dev -MD -MT _deps/libarchive-build/libarchive/CMakeFiles/archive.dir/archive_read_support_filter_zstd.c.o -MF _deps/libarchive-build/libarchive/CMakeFiles/archive.dir/archive_read_support_filter_zstd.c.o.d -o _deps/libarchive-build/libarchive/CMakeFiles/archive.dir/archive_read_support_filter_zstd.c.o -c /project/build/cp310-cp310-linux_x86_64/_deps/libarchive-src/libarchive/archive_read_support_filter_zstd.c
[279/514] /opt/rh/devtoolset-10/root/usr/bin/gcc  -pthread -DHAVE_CONFIG_H -D__LIBARCHIVE_ENABLE_VISIBILITY -Darchive_EXPORTS -I/project/build/cp310-cp310-linux_x86_64/_deps/libarchive-src/libarchive -I/project/build/cp310-cp310-linux_x86_64/_deps/libarchive-build -I/project/build/cp310-cp310-linux_x86_64/_deps/libarchive-src/libarchive/. -Wall -Wformat -Wformat-security -ffunction-sections -fdata-sections -fvisibility=hidden -O3 -DNDEBUG -fPIC -Wno-dev -MD -MT _deps/libarchive-build/libarchive/CMakeFiles/archive.dir/archive_read_support_filter_xz.c.o -MF _deps/libarchive-build/libarchive/CMakeFiles/archive.dir/archive_read_support_filter_xz.c.o.d -o _deps/libarchive-build/libarchive/CMakeFiles/archive.dir/archive_read_support_filter_xz.c.o -c /project/build/cp310-cp310-linux_x86_64/_deps/libarchive-src/libarchive/archive_read_support_filter_xz.c
[280/514] /opt/rh/devtoolset-10/root/usr/bin/gcc  -pthread -DHAVE_CONFIG_H -D__LIBARCHIVE_ENABLE_VISIBILITY -Darchive_EXPORTS -I/project/build/cp310-cp310-linux_x86_64/_deps/libarchive-src/libarchive -I/project/build/cp310-cp310-linux_x86_64/_deps/libarchive-build -I/project/build/cp310-cp310-linux_x86_64/_deps/libarchive-src/libarchive/. -Wall -Wformat -Wformat-security -ffunction-sections -fdata-sections -fvisibility=hidden -O3 -DNDEBUG -fPIC -Wno-dev -MD -MT _deps/libarchive-build/libarchive/CMakeFiles/archive.dir/archive_read_support_filter_rpm.c.o -MF _deps/libarchive-build/libarchive/CMakeFiles/archive.dir/archive_read_support_filter_rpm.c.o.d -o _deps/libarchive-build/libarchive/CMakeFiles/archive.dir/archive_read_support_filter_rpm.c.o -c /project/build/cp310-cp310-linux_x86_64/_deps/libarchive-src/libarchive/archive_read_support_filter_rpm.c
[281/514] /opt/rh/devtoolset-10/root/usr/bin/gcc  -pthread -DHAVE_CONFIG_H -D__LIBARCHIVE_ENABLE_VISIBILITY -Darchive_EXPORTS -I/project/build/cp310-cp310-linux_x86_64/_deps/libarchive-src/libarchive -I/project/build/cp310-cp310-linux_x86_64/_deps/libarchive-build -I/project/build/cp310-cp310-linux_x86_64/_deps/libarchive-src/libarchive/. -Wall -Wformat -Wformat-security -ffunction-sections -fdata-sections -fvisibility=hidden -O3 -DNDEBUG -fPIC -Wno-dev -MD -MT _deps/libarchive-build/libarchive/CMakeFiles/archive.dir/archive_read_disk_posix.c.o -MF _deps/libarchive-build/libarchive/CMakeFiles/archive.dir/archive_read_disk_posix.c.o.d -o _deps/libarchive-build/libarchive/CMakeFiles/archive.dir/archive_read_disk_posix.c.o -c /project/build/cp310-cp310-linux_x86_64/_deps/libarchive-src/libarchive/archive_read_disk_posix.c
[282/514] /opt/rh/devtoolset-10/root/usr/bin/gcc  -pthread -DHAVE_CONFIG_H -D__LIBARCHIVE_ENABLE_VISIBILITY -Darchive_EXPORTS -I/project/build/cp310-cp310-linux_x86_64/_deps/libarchive-src/libarchive -I/project/build/cp310-cp310-linux_x86_64/_deps/libarchive-build -I/project/build/cp310-cp310-linux_x86_64/_deps/libarchive-src/libarchive/. -Wall -Wformat -Wformat-security -ffunction-sections -fdata-sections -fvisibility=hidden -O3 -DNDEBUG -fPIC -Wno-dev -MD -MT _deps/libarchive-build/libarchive/CMakeFiles/archive.dir/archive_read_support_filter_program.c.o -MF _deps/libarchive-build/libarchive/CMakeFiles/archive.dir/archive_read_support_filter_program.c.o.d -o _deps/libarchive-build/libarchive/CMakeFiles/archive.dir/archive_read_support_filter_program.c.o -c /project/build/cp310-cp310-linux_x86_64/_deps/libarchive-src/libarchive/archive_read_support_filter_program.c
[283/514] /opt/rh/devtoolset-10/root/usr/bin/gcc  -pthread -DHAVE_CONFIG_H -D__LIBARCHIVE_ENABLE_VISIBILITY -Darchive_EXPORTS -I/project/build/cp310-cp310-linux_x86_64/_deps/libarchive-src/libarchive -I/project/build/cp310-cp310-linux_x86_64/_deps/libarchive-build -I/project/build/cp310-cp310-linux_x86_64/_deps/libarchive-src/libarchive/. -Wall -Wformat -Wformat-security -ffunction-sections -fdata-sections -fvisibility=hidden -O3 -DNDEBUG -fPIC -Wno-dev -MD -MT _deps/libarchive-build/libarchive/CMakeFiles/archive.dir/archive_read_support_format_empty.c.o -MF _deps/libarchive-build/libarchive/CMakeFiles/archive.dir/archive_read_support_format_empty.c.o.d -o _deps/libarchive-build/libarchive/CMakeFiles/archive.dir/archive_read_support_format_empty.c.o -c /project/build/cp310-cp310-linux_x86_64/_deps/libarchive-src/libarchive/archive_read_support_format_empty.c
[284/514] /opt/rh/devtoolset-10/root/usr/bin/gcc  -pthread -DHAVE_CONFIG_H -D__LIBARCHIVE_ENABLE_VISIBILITY -Darchive_EXPORTS -I/project/build/cp310-cp310-linux_x86_64/_deps/libarchive-src/libarchive -I/project/build/cp310-cp310-linux_x86_64/_deps/libarchive-build -I/project/build/cp310-cp310-linux_x86_64/_deps/libarchive-src/libarchive/. -Wall -Wformat -Wformat-security -ffunction-sections -fdata-sections -fvisibility=hidden -O3 -DNDEBUG -fPIC -Wno-dev -MD -MT _deps/libarchive-build/libarchive/CMakeFiles/archive.dir/archive_read_support_format_by_code.c.o -MF _deps/libarchive-build/libarchive/CMakeFiles/archive.dir/archive_read_support_format_by_code.c.o.d -o _deps/libarchive-build/libarchive/CMakeFiles/archive.dir/archive_read_support_format_by_code.c.o -c /project/build/cp310-cp310-linux_x86_64/_deps/libarchive-src/libarchive/archive_read_support_format_by_code.c
[285/514] /opt/rh/devtoolset-10/root/usr/bin/gcc  -pthread -DHAVE_CONFIG_H -D__LIBARCHIVE_ENABLE_VISIBILITY -Darchive_EXPORTS -I/project/build/cp310-cp310-linux_x86_64/_deps/libarchive-src/libarchive -I/project/build/cp310-cp310-linux_x86_64/_deps/libarchive-build -I/project/build/cp310-cp310-linux_x86_64/_deps/libarchive-src/libarchive/. -Wall -Wformat -Wformat-security -ffunction-sections -fdata-sections -fvisibility=hidden -O3 -DNDEBUG -fPIC -Wno-dev -MD -MT _deps/libarchive-build/libarchive/CMakeFiles/archive.dir/archive_read_support_filter_uu.c.o -MF _deps/libarchive-build/libarchive/CMakeFiles/archive.dir/archive_read_support_filter_uu.c.o.d -o _deps/libarchive-build/libarchive/CMakeFiles/archive.dir/archive_read_support_filter_uu.c.o -c /project/build/cp310-cp310-linux_x86_64/_deps/libarchive-src/libarchive/archive_read_support_filter_uu.c
[286/514] /opt/rh/devtoolset-10/root/usr/bin/gcc  -pthread -DHAVE_CONFIG_H -D__LIBARCHIVE_ENABLE_VISIBILITY -Darchive_EXPORTS -I/project/build/cp310-cp310-linux_x86_64/_deps/libarchive-src/libarchive -I/project/build/cp310-cp310-linux_x86_64/_deps/libarchive-build -I/project/build/cp310-cp310-linux_x86_64/_deps/libarchive-src/libarchive/. -Wall -Wformat -Wformat-security -ffunction-sections -fdata-sections -fvisibility=hidden -O3 -DNDEBUG -fPIC -Wno-dev -MD -MT _deps/libarchive-build/libarchive/CMakeFiles/archive.dir/archive_ppmd7.c.o -MF _deps/libarchive-build/libarchive/CMakeFiles/archive.dir/archive_ppmd7.c.o.d -o _deps/libarchive-build/libarchive/CMakeFiles/archive.dir/archive_ppmd7.c.o -c /project/build/cp310-cp310-linux_x86_64/_deps/libarchive-src/libarchive/archive_ppmd7.c
[287/514] /opt/rh/devtoolset-10/root/usr/bin/gcc  -pthread -DHAVE_CONFIG_H -D__LIBARCHIVE_ENABLE_VISIBILITY -Darchive_EXPORTS -I/project/build/cp310-cp310-linux_x86_64/_deps/libarchive-src/libarchive -I/project/build/cp310-cp310-linux_x86_64/_deps/libarchive-build -I/project/build/cp310-cp310-linux_x86_64/_deps/libarchive-src/libarchive/. -Wall -Wformat -Wformat-security -ffunction-sections -fdata-sections -fvisibility=hidden -O3 -DNDEBUG -fPIC -Wno-dev -MD -MT _deps/libarchive-build/libarchive/CMakeFiles/archive.dir/archive_read_support_format_raw.c.o -MF _deps/libarchive-build/libarchive/CMakeFiles/archive.dir/archive_read_support_format_raw.c.o.d -o _deps/libarchive-build/libarchive/CMakeFiles/archive.dir/archive_read_support_format_raw.c.o -c /project/build/cp310-cp310-linux_x86_64/_deps/libarchive-src/libarchive/archive_read_support_format_raw.c
[288/514] /opt/rh/devtoolset-10/root/usr/bin/gcc  -pthread -DHAVE_CONFIG_H -D__LIBARCHIVE_ENABLE_VISIBILITY -Darchive_EXPORTS -I/project/build/cp310-cp310-linux_x86_64/_deps/libarchive-src/libarchive -I/project/build/cp310-cp310-linux_x86_64/_deps/libarchive-build -I/project/build/cp310-cp310-linux_x86_64/_deps/libarchive-src/libarchive/. -Wall -Wformat -Wformat-security -ffunction-sections -fdata-sections -fvisibility=hidden -O3 -DNDEBUG -fPIC -Wno-dev -MD -MT _deps/libarchive-build/libarchive/CMakeFiles/archive.dir/archive_read_support_format_ar.c.o -MF _deps/libarchive-build/libarchive/CMakeFiles/archive.dir/archive_read_support_format_ar.c.o.d -o _deps/libarchive-build/libarchive/CMakeFiles/archive.dir/archive_read_support_format_ar.c.o -c /project/build/cp310-cp310-linux_x86_64/_deps/libarchive-src/libarchive/archive_read_support_format_ar.c
[289/514] /opt/rh/devtoolset-10/root/usr/bin/gcc  -pthread -DHAVE_CONFIG_H -D__LIBARCHIVE_ENABLE_VISIBILITY -Darchive_EXPORTS -I/project/build/cp310-cp310-linux_x86_64/_deps/libarchive-src/libarchive -I/project/build/cp310-cp310-linux_x86_64/_deps/libarchive-build -I/project/build/cp310-cp310-linux_x86_64/_deps/libarchive-src/libarchive/. -Wall -Wformat -Wformat-security -ffunction-sections -fdata-sections -fvisibility=hidden -O3 -DNDEBUG -fPIC -Wno-dev -MD -MT _deps/libarchive-build/libarchive/CMakeFiles/archive.dir/archive_read_support_format_warc.c.o -MF _deps/libarchive-build/libarchive/CMakeFiles/archive.dir/archive_read_support_format_warc.c.o.d -o _deps/libarchive-build/libarchive/CMakeFiles/archive.dir/archive_read_support_format_warc.c.o -c /project/build/cp310-cp310-linux_x86_64/_deps/libarchive-src/libarchive/archive_read_support_format_warc.c
[290/514] /opt/rh/devtoolset-10/root/usr/bin/gcc  -pthread -DHAVE_CONFIG_H -D__LIBARCHIVE_ENABLE_VISIBILITY -Darchive_EXPORTS -I/project/build/cp310-cp310-linux_x86_64/_deps/libarchive-src/libarchive -I/project/build/cp310-cp310-linux_x86_64/_deps/libarchive-build -I/project/build/cp310-cp310-linux_x86_64/_deps/libarchive-src/libarchive/. -Wall -Wformat -Wformat-security -ffunction-sections -fdata-sections -fvisibility=hidden -O3 -DNDEBUG -fPIC -Wno-dev -MD -MT _deps/libarchive-build/libarchive/CMakeFiles/archive.dir/archive_read_support_format_iso9660.c.o -MF _deps/libarchive-build/libarchive/CMakeFiles/archive.dir/archive_read_support_format_iso9660.c.o.d -o _deps/libarchive-build/libarchive/CMakeFiles/archive.dir/archive_read_support_format_iso9660.c.o -c /project/build/cp310-cp310-linux_x86_64/_deps/libarchive-src/libarchive/archive_read_support_format_iso9660.c
[291/514] /opt/rh/devtoolset-10/root/usr/bin/gcc  -pthread -DHAVE_CONFIG_H -D__LIBARCHIVE_ENABLE_VISIBILITY -Darchive_EXPORTS -I/project/build/cp310-cp310-linux_x86_64/_deps/libarchive-src/libarchive -I/project/build/cp310-cp310-linux_x86_64/_deps/libarchive-build -I/project/build/cp310-cp310-linux_x86_64/_deps/libarchive-src/libarchive/. -Wall -Wformat -Wformat-security -ffunction-sections -fdata-sections -fvisibility=hidden -O3 -DNDEBUG -fPIC -Wno-dev -MD -MT _deps/libarchive-build/libarchive/CMakeFiles/archive.dir/archive_read_support_format_7zip.c.o -MF _deps/libarchive-build/libarchive/CMakeFiles/archive.dir/archive_read_support_format_7zip.c.o.d -o _deps/libarchive-build/libarchive/CMakeFiles/archive.dir/archive_read_support_format_7zip.c.o -c /project/build/cp310-cp310-linux_x86_64/_deps/libarchive-src/libarchive/archive_read_support_format_7zip.c
[292/514] /opt/rh/devtoolset-10/root/usr/bin/gcc  -pthread -DHAVE_CONFIG_H -D__LIBARCHIVE_ENABLE_VISIBILITY -Darchive_EXPORTS -I/project/build/cp310-cp310-linux_x86_64/_deps/libarchive-src/libarchive -I/project/build/cp310-cp310-linux_x86_64/_deps/libarchive-build -I/project/build/cp310-cp310-linux_x86_64/_deps/libarchive-src/libarchive/. -Wall -Wformat -Wformat-security -ffunction-sections -fdata-sections -fvisibility=hidden -O3 -DNDEBUG -fPIC -Wno-dev -MD -MT _deps/libarchive-build/libarchive/CMakeFiles/archive.dir/archive_read_support_format_cpio.c.o -MF _deps/libarchive-build/libarchive/CMakeFiles/archive.dir/archive_read_support_format_cpio.c.o.d -o _deps/libarchive-build/libarchive/CMakeFiles/archive.dir/archive_read_support_format_cpio.c.o -c /project/build/cp310-cp310-linux_x86_64/_deps/libarchive-src/libarchive/archive_read_support_format_cpio.c
[293/514] /opt/rh/devtoolset-10/root/usr/bin/gcc  -pthread -DHAVE_CONFIG_H -D__LIBARCHIVE_ENABLE_VISIBILITY -Darchive_EXPORTS -I/project/build/cp310-cp310-linux_x86_64/_deps/libarchive-src/libarchive -I/project/build/cp310-cp310-linux_x86_64/_deps/libarchive-build -I/project/build/cp310-cp310-linux_x86_64/_deps/libarchive-src/libarchive/. -Wall -Wformat -Wformat-security -ffunction-sections -fdata-sections -fvisibility=hidden -O3 -DNDEBUG -fPIC -Wno-dev -MD -MT _deps/libarchive-build/libarchive/CMakeFiles/archive.dir/archive_read_support_format_lha.c.o -MF _deps/libarchive-build/libarchive/CMakeFiles/archive.dir/archive_read_support_format_lha.c.o.d -o _deps/libarchive-build/libarchive/CMakeFiles/archive.dir/archive_read_support_format_lha.c.o -c /project/build/cp310-cp310-linux_x86_64/_deps/libarchive-src/libarchive/archive_read_support_format_lha.c
[294/514] /opt/rh/devtoolset-10/root/usr/bin/gcc  -pthread -DHAVE_CONFIG_H -D__LIBARCHIVE_ENABLE_VISIBILITY -Darchive_EXPORTS -I/project/build/cp310-cp310-linux_x86_64/_deps/libarchive-src/libarchive -I/project/build/cp310-cp310-linux_x86_64/_deps/libarchive-build -I/project/build/cp310-cp310-linux_x86_64/_deps/libarchive-src/libarchive/. -Wall -Wformat -Wformat-security -ffunction-sections -fdata-sections -fvisibility=hidden -O3 -DNDEBUG -fPIC -Wno-dev -MD -MT _deps/libarchive-build/libarchive/CMakeFiles/archive.dir/archive_util.c.o -MF _deps/libarchive-build/libarchive/CMakeFiles/archive.dir/archive_util.c.o.d -o _deps/libarchive-build/libarchive/CMakeFiles/archive.dir/archive_util.c.o -c /project/build/cp310-cp310-linux_x86_64/_deps/libarchive-src/libarchive/archive_util.c
[295/514] /opt/rh/devtoolset-10/root/usr/bin/gcc  -pthread -DHAVE_CONFIG_H -D__LIBARCHIVE_ENABLE_VISIBILITY -Darchive_EXPORTS -I/project/build/cp310-cp310-linux_x86_64/_deps/libarchive-src/libarchive -I/project/build/cp310-cp310-linux_x86_64/_deps/libarchive-build -I/project/build/cp310-cp310-linux_x86_64/_deps/libarchive-src/libarchive/. -Wall -Wformat -Wformat-security -ffunction-sections -fdata-sections -fvisibility=hidden -O3 -DNDEBUG -fPIC -Wno-dev -MD -MT _deps/libarchive-build/libarchive/CMakeFiles/archive.dir/archive_string_sprintf.c.o -MF _deps/libarchive-build/libarchive/CMakeFiles/archive.dir/archive_string_sprintf.c.o.d -o _deps/libarchive-build/libarchive/CMakeFiles/archive.dir/archive_string_sprintf.c.o -c /project/build/cp310-cp310-linux_x86_64/_deps/libarchive-src/libarchive/archive_string_sprintf.c
[296/514] /opt/rh/devtoolset-10/root/usr/bin/gcc  -pthread -DHAVE_CONFIG_H -D__LIBARCHIVE_ENABLE_VISIBILITY -Darchive_EXPORTS -I/project/build/cp310-cp310-linux_x86_64/_deps/libarchive-src/libarchive -I/project/build/cp310-cp310-linux_x86_64/_deps/libarchive-build -I/project/build/cp310-cp310-linux_x86_64/_deps/libarchive-src/libarchive/. -Wall -Wformat -Wformat-security -ffunction-sections -fdata-sections -fvisibility=hidden -O3 -DNDEBUG -fPIC -Wno-dev -MD -MT _deps/libarchive-build/libarchive/CMakeFiles/archive.dir/archive_read_support_format_mtree.c.o -MF _deps/libarchive-build/libarchive/CMakeFiles/archive.dir/archive_read_support_format_mtree.c.o.d -o _deps/libarchive-build/libarchive/CMakeFiles/archive.dir/archive_read_support_format_mtree.c.o -c /project/build/cp310-cp310-linux_x86_64/_deps/libarchive-src/libarchive/archive_read_support_format_mtree.c
[297/514] /opt/rh/devtoolset-10/root/usr/bin/gcc  -pthread -DHAVE_CONFIG_H -D__LIBARCHIVE_ENABLE_VISIBILITY -Darchive_EXPORTS -I/project/build/cp310-cp310-linux_x86_64/_deps/libarchive-src/libarchive -I/project/build/cp310-cp310-linux_x86_64/_deps/libarchive-build -I/project/build/cp310-cp310-linux_x86_64/_deps/libarchive-src/libarchive/. -Wall -Wformat -Wformat-security -ffunction-sections -fdata-sections -fvisibility=hidden -O3 -DNDEBUG -fPIC -Wno-dev -MD -MT _deps/libarchive-build/libarchive/CMakeFiles/archive.dir/archive_version_details.c.o -MF _deps/libarchive-build/libarchive/CMakeFiles/archive.dir/archive_version_details.c.o.d -o _deps/libarchive-build/libarchive/CMakeFiles/archive.dir/archive_version_details.c.o -c /project/build/cp310-cp310-linux_x86_64/_deps/libarchive-src/libarchive/archive_version_details.c
[298/514] /opt/rh/devtoolset-10/root/usr/bin/gcc  -pthread -DHAVE_CONFIG_H -D__LIBARCHIVE_ENABLE_VISIBILITY -Darchive_EXPORTS -I/project/build/cp310-cp310-linux_x86_64/_deps/libarchive-src/libarchive -I/project/build/cp310-cp310-linux_x86_64/_deps/libarchive-build -I/project/build/cp310-cp310-linux_x86_64/_deps/libarchive-src/libarchive/. -Wall -Wformat -Wformat-security -ffunction-sections -fdata-sections -fvisibility=hidden -O3 -DNDEBUG -fPIC -Wno-dev -MD -MT _deps/libarchive-build/libarchive/CMakeFiles/archive.dir/archive_virtual.c.o -MF _deps/libarchive-build/libarchive/CMakeFiles/archive.dir/archive_virtual.c.o.d -o _deps/libarchive-build/libarchive/CMakeFiles/archive.dir/archive_virtual.c.o -c /project/build/cp310-cp310-linux_x86_64/_deps/libarchive-src/libarchive/archive_virtual.c
[299/514] /opt/rh/devtoolset-10/root/usr/bin/gcc  -pthread -DHAVE_CONFIG_H -D__LIBARCHIVE_ENABLE_VISIBILITY -Darchive_EXPORTS -I/project/build/cp310-cp310-linux_x86_64/_deps/libarchive-src/libarchive -I/project/build/cp310-cp310-linux_x86_64/_deps/libarchive-build -I/project/build/cp310-cp310-linux_x86_64/_deps/libarchive-src/libarchive/. -Wall -Wformat -Wformat-security -ffunction-sections -fdata-sections -fvisibility=hidden -O3 -DNDEBUG -fPIC -Wno-dev -MD -MT _deps/libarchive-build/libarchive/CMakeFiles/archive.dir/archive_read_support_format_cab.c.o -MF _deps/libarchive-build/libarchive/CMakeFiles/archive.dir/archive_read_support_format_cab.c.o.d -o _deps/libarchive-build/libarchive/CMakeFiles/archive.dir/archive_read_support_format_cab.c.o -c /project/build/cp310-cp310-linux_x86_64/_deps/libarchive-src/libarchive/archive_read_support_format_cab.c
[300/514] /opt/rh/devtoolset-10/root/usr/bin/gcc  -pthread -DHAVE_CONFIG_H -D__LIBARCHIVE_ENABLE_VISIBILITY -Darchive_EXPORTS -I/project/build/cp310-cp310-linux_x86_64/_deps/libarchive-src/libarchive -I/project/build/cp310-cp310-linux_x86_64/_deps/libarchive-build -I/project/build/cp310-cp310-linux_x86_64/_deps/libarchive-src/libarchive/. -Wall -Wformat -Wformat-security -ffunction-sections -fdata-sections -fvisibility=hidden -O3 -DNDEBUG -fPIC -Wno-dev -MD -MT _deps/libarchive-build/libarchive/CMakeFiles/archive.dir/archive_write_open_fd.c.o -MF _deps/libarchive-build/libarchive/CMakeFiles/archive.dir/archive_write_open_fd.c.o.d -o _deps/libarchive-build/libarchive/CMakeFiles/archive.dir/archive_write_open_fd.c.o -c /project/build/cp310-cp310-linux_x86_64/_deps/libarchive-src/libarchive/archive_write_open_fd.c
[301/514] /opt/rh/devtoolset-10/root/usr/bin/gcc  -pthread -DHAVE_CONFIG_H -D__LIBARCHIVE_ENABLE_VISIBILITY -Darchive_EXPORTS -I/project/build/cp310-cp310-linux_x86_64/_deps/libarchive-src/libarchive -I/project/build/cp310-cp310-linux_x86_64/_deps/libarchive-build -I/project/build/cp310-cp310-linux_x86_64/_deps/libarchive-src/libarchive/. -Wall -Wformat -Wformat-security -ffunction-sections -fdata-sections -fvisibility=hidden -O3 -DNDEBUG -fPIC -Wno-dev -MD -MT _deps/libarchive-build/libarchive/CMakeFiles/archive.dir/archive_write_disk_set_standard_lookup.c.o -MF _deps/libarchive-build/libarchive/CMakeFiles/archive.dir/archive_write_disk_set_standard_lookup.c.o.d -o _deps/libarchive-build/libarchive/CMakeFiles/archive.dir/archive_write_disk_set_standard_lookup.c.o -c /project/build/cp310-cp310-linux_x86_64/_deps/libarchive-src/libarchive/archive_write_disk_set_standard_lookup.c
[302/514] /opt/rh/devtoolset-10/root/usr/bin/gcc  -pthread -DHAVE_CONFIG_H -D__LIBARCHIVE_ENABLE_VISIBILITY -Darchive_EXPORTS -I/project/build/cp310-cp310-linux_x86_64/_deps/libarchive-src/libarchive -I/project/build/cp310-cp310-linux_x86_64/_deps/libarchive-build -I/project/build/cp310-cp310-linux_x86_64/_deps/libarchive-src/libarchive/. -Wall -Wformat -Wformat-security -ffunction-sections -fdata-sections -fvisibility=hidden -O3 -DNDEBUG -fPIC -Wno-dev -MD -MT _deps/libarchive-build/libarchive/CMakeFiles/archive.dir/archive_write.c.o -MF _deps/libarchive-build/libarchive/CMakeFiles/archive.dir/archive_write.c.o.d -o _deps/libarchive-build/libarchive/CMakeFiles/archive.dir/archive_write.c.o -c /project/build/cp310-cp310-linux_x86_64/_deps/libarchive-src/libarchive/archive_write.c
[303/514] /opt/rh/devtoolset-10/root/usr/bin/gcc  -pthread -DHAVE_CONFIG_H -D__LIBARCHIVE_ENABLE_VISIBILITY -Darchive_EXPORTS -I/project/build/cp310-cp310-linux_x86_64/_deps/libarchive-src/libarchive -I/project/build/cp310-cp310-linux_x86_64/_deps/libarchive-build -I/project/build/cp310-cp310-linux_x86_64/_deps/libarchive-src/libarchive/. -Wall -Wformat -Wformat-security -ffunction-sections -fdata-sections -fvisibility=hidden -O3 -DNDEBUG -fPIC -Wno-dev -MD -MT _deps/libarchive-build/libarchive/CMakeFiles/archive.dir/archive_write_open_file.c.o -MF _deps/libarchive-build/libarchive/CMakeFiles/archive.dir/archive_write_open_file.c.o.d -o _deps/libarchive-build/libarchive/CMakeFiles/archive.dir/archive_write_open_file.c.o -c /project/build/cp310-cp310-linux_x86_64/_deps/libarchive-src/libarchive/archive_write_open_file.c
[304/514] /opt/rh/devtoolset-10/root/usr/bin/gcc  -pthread -DHAVE_CONFIG_H -D__LIBARCHIVE_ENABLE_VISIBILITY -Darchive_EXPORTS -I/project/build/cp310-cp310-linux_x86_64/_deps/libarchive-src/libarchive -I/project/build/cp310-cp310-linux_x86_64/_deps/libarchive-build -I/project/build/cp310-cp310-linux_x86_64/_deps/libarchive-src/libarchive/. -Wall -Wformat -Wformat-security -ffunction-sections -fdata-sections -fvisibility=hidden -O3 -DNDEBUG -fPIC -Wno-dev -MD -MT _deps/libarchive-build/libarchive/CMakeFiles/archive.dir/archive_read_support_format_tar.c.o -MF _deps/libarchive-build/libarchive/CMakeFiles/archive.dir/archive_read_support_format_tar.c.o.d -o _deps/libarchive-build/libarchive/CMakeFiles/archive.dir/archive_read_support_format_tar.c.o -c /project/build/cp310-cp310-linux_x86_64/_deps/libarchive-src/libarchive/archive_read_support_format_tar.c
[305/514] /opt/rh/devtoolset-10/root/usr/bin/gcc  -pthread -DHAVE_CONFIG_H -D__LIBARCHIVE_ENABLE_VISIBILITY -Darchive_EXPORTS -I/project/build/cp310-cp310-linux_x86_64/_deps/libarchive-src/libarchive -I/project/build/cp310-cp310-linux_x86_64/_deps/libarchive-build -I/project/build/cp310-cp310-linux_x86_64/_deps/libarchive-src/libarchive/. -Wall -Wformat -Wformat-security -ffunction-sections -fdata-sections -fvisibility=hidden -O3 -DNDEBUG -fPIC -Wno-dev -MD -MT _deps/libarchive-build/libarchive/CMakeFiles/archive.dir/archive_write_open_filename.c.o -MF _deps/libarchive-build/libarchive/CMakeFiles/archive.dir/archive_write_open_filename.c.o.d -o _deps/libarchive-build/libarchive/CMakeFiles/archive.dir/archive_write_open_filename.c.o -c /project/build/cp310-cp310-linux_x86_64/_deps/libarchive-src/libarchive/archive_write_open_filename.c
[306/514] /opt/rh/devtoolset-10/root/usr/bin/gcc  -pthread -DHAVE_CONFIG_H -D__LIBARCHIVE_ENABLE_VISIBILITY -Darchive_EXPORTS -I/project/build/cp310-cp310-linux_x86_64/_deps/libarchive-src/libarchive -I/project/build/cp310-cp310-linux_x86_64/_deps/libarchive-build -I/project/build/cp310-cp310-linux_x86_64/_deps/libarchive-src/libarchive/. -Wall -Wformat -Wformat-security -ffunction-sections -fdata-sections -fvisibility=hidden -O3 -DNDEBUG -fPIC -Wno-dev -MD -MT _deps/libarchive-build/libarchive/CMakeFiles/archive.dir/archive_write_open_memory.c.o -MF _deps/libarchive-build/libarchive/CMakeFiles/archive.dir/archive_write_open_memory.c.o.d -o _deps/libarchive-build/libarchive/CMakeFiles/archive.dir/archive_write_open_memory.c.o -c /project/build/cp310-cp310-linux_x86_64/_deps/libarchive-src/libarchive/archive_write_open_memory.c
[307/514] /opt/rh/devtoolset-10/root/usr/bin/gcc  -pthread -DHAVE_CONFIG_H -D__LIBARCHIVE_ENABLE_VISIBILITY -Darchive_EXPORTS -I/project/build/cp310-cp310-linux_x86_64/_deps/libarchive-src/libarchive -I/project/build/cp310-cp310-linux_x86_64/_deps/libarchive-build -I/project/build/cp310-cp310-linux_x86_64/_deps/libarchive-src/libarchive/. -Wall -Wformat -Wformat-security -ffunction-sections -fdata-sections -fvisibility=hidden -O3 -DNDEBUG -fPIC -Wno-dev -MD -MT _deps/libarchive-build/libarchive/CMakeFiles/archive.dir/archive_write_add_filter.c.o -MF _deps/libarchive-build/libarchive/CMakeFiles/archive.dir/archive_write_add_filter.c.o.d -o _deps/libarchive-build/libarchive/CMakeFiles/archive.dir/archive_write_add_filter.c.o -c /project/build/cp310-cp310-linux_x86_64/_deps/libarchive-src/libarchive/archive_write_add_filter.c
[308/514] /opt/rh/devtoolset-10/root/usr/bin/gcc  -pthread -DHAVE_CONFIG_H -D__LIBARCHIVE_ENABLE_VISIBILITY -Darchive_EXPORTS -I/project/build/cp310-cp310-linux_x86_64/_deps/libarchive-src/libarchive -I/project/build/cp310-cp310-linux_x86_64/_deps/libarchive-build -I/project/build/cp310-cp310-linux_x86_64/_deps/libarchive-src/libarchive/. -Wall -Wformat -Wformat-security -ffunction-sections -fdata-sections -fvisibility=hidden -O3 -DNDEBUG -fPIC -Wno-dev -MD -MT _deps/libarchive-build/libarchive/CMakeFiles/archive.dir/archive_read_support_format_zip.c.o -MF _deps/libarchive-build/libarchive/CMakeFiles/archive.dir/archive_read_support_format_zip.c.o.d -o _deps/libarchive-build/libarchive/CMakeFiles/archive.dir/archive_read_support_format_zip.c.o -c /project/build/cp310-cp310-linux_x86_64/_deps/libarchive-src/libarchive/archive_read_support_format_zip.c
[309/514] /opt/rh/devtoolset-10/root/usr/bin/gcc  -pthread -DHAVE_CONFIG_H -D__LIBARCHIVE_ENABLE_VISIBILITY -Darchive_EXPORTS -I/project/build/cp310-cp310-linux_x86_64/_deps/libarchive-src/libarchive -I/project/build/cp310-cp310-linux_x86_64/_deps/libarchive-build -I/project/build/cp310-cp310-linux_x86_64/_deps/libarchive-src/libarchive/. -Wall -Wformat -Wformat-security -ffunction-sections -fdata-sections -fvisibility=hidden -O3 -DNDEBUG -fPIC -Wno-dev -MD -MT _deps/libarchive-build/libarchive/CMakeFiles/archive.dir/archive_write_add_filter_by_name.c.o -MF _deps/libarchive-build/libarchive/CMakeFiles/archive.dir/archive_write_add_filter_by_name.c.o.d -o _deps/libarchive-build/libarchive/CMakeFiles/archive.dir/archive_write_add_filter_by_name.c.o -c /project/build/cp310-cp310-linux_x86_64/_deps/libarchive-src/libarchive/archive_write_add_filter_by_name.c
[310/514] /opt/rh/devtoolset-10/root/usr/bin/gcc  -pthread -DHAVE_CONFIG_H -D__LIBARCHIVE_ENABLE_VISIBILITY -Darchive_EXPORTS -I/project/build/cp310-cp310-linux_x86_64/_deps/libarchive-src/libarchive -I/project/build/cp310-cp310-linux_x86_64/_deps/libarchive-build -I/project/build/cp310-cp310-linux_x86_64/_deps/libarchive-src/libarchive/. -Wall -Wformat -Wformat-security -ffunction-sections -fdata-sections -fvisibility=hidden -O3 -DNDEBUG -fPIC -Wno-dev -MD -MT _deps/libarchive-build/libarchive/CMakeFiles/archive.dir/archive_write_add_filter_b64encode.c.o -MF _deps/libarchive-build/libarchive/CMakeFiles/archive.dir/archive_write_add_filter_b64encode.c.o.d -o _deps/libarchive-build/libarchive/CMakeFiles/archive.dir/archive_write_add_filter_b64encode.c.o -c /project/build/cp310-cp310-linux_x86_64/_deps/libarchive-src/libarchive/archive_write_add_filter_b64encode.c
[311/514] /opt/rh/devtoolset-10/root/usr/bin/gcc  -pthread -DHAVE_CONFIG_H -D__LIBARCHIVE_ENABLE_VISIBILITY -Darchive_EXPORTS -I/project/build/cp310-cp310-linux_x86_64/_deps/libarchive-src/libarchive -I/project/build/cp310-cp310-linux_x86_64/_deps/libarchive-build -I/project/build/cp310-cp310-linux_x86_64/_deps/libarchive-src/libarchive/. -Wall -Wformat -Wformat-security -ffunction-sections -fdata-sections -fvisibility=hidden -O3 -DNDEBUG -fPIC -Wno-dev -MD -MT _deps/libarchive-build/libarchive/CMakeFiles/archive.dir/archive_write_add_filter_grzip.c.o -MF _deps/libarchive-build/libarchive/CMakeFiles/archive.dir/archive_write_add_filter_grzip.c.o.d -o _deps/libarchive-build/libarchive/CMakeFiles/archive.dir/archive_write_add_filter_grzip.c.o -c /project/build/cp310-cp310-linux_x86_64/_deps/libarchive-src/libarchive/archive_write_add_filter_grzip.c
[312/514] /opt/rh/devtoolset-10/root/usr/bin/gcc  -pthread -DHAVE_CONFIG_H -D__LIBARCHIVE_ENABLE_VISIBILITY -Darchive_EXPORTS -I/project/build/cp310-cp310-linux_x86_64/_deps/libarchive-src/libarchive -I/project/build/cp310-cp310-linux_x86_64/_deps/libarchive-build -I/project/build/cp310-cp310-linux_x86_64/_deps/libarchive-src/libarchive/. -Wall -Wformat -Wformat-security -ffunction-sections -fdata-sections -fvisibility=hidden -O3 -DNDEBUG -fPIC -Wno-dev -MD -MT _deps/libarchive-build/libarchive/CMakeFiles/archive.dir/archive_write_add_filter_bzip2.c.o -MF _deps/libarchive-build/libarchive/CMakeFiles/archive.dir/archive_write_add_filter_bzip2.c.o.d -o _deps/libarchive-build/libarchive/CMakeFiles/archive.dir/archive_write_add_filter_bzip2.c.o -c /project/build/cp310-cp310-linux_x86_64/_deps/libarchive-src/libarchive/archive_write_add_filter_bzip2.c
[313/514] /opt/rh/devtoolset-10/root/usr/bin/gcc  -pthread -DHAVE_CONFIG_H -D__LIBARCHIVE_ENABLE_VISIBILITY -Darchive_EXPORTS -I/project/build/cp310-cp310-linux_x86_64/_deps/libarchive-src/libarchive -I/project/build/cp310-cp310-linux_x86_64/_deps/libarchive-build -I/project/build/cp310-cp310-linux_x86_64/_deps/libarchive-src/libarchive/. -Wall -Wformat -Wformat-security -ffunction-sections -fdata-sections -fvisibility=hidden -O3 -DNDEBUG -fPIC -Wno-dev -MD -MT _deps/libarchive-build/libarchive/CMakeFiles/archive.dir/archive_write_add_filter_compress.c.o -MF _deps/libarchive-build/libarchive/CMakeFiles/archive.dir/archive_write_add_filter_compress.c.o.d -o _deps/libarchive-build/libarchive/CMakeFiles/archive.dir/archive_write_add_filter_compress.c.o -c /project/build/cp310-cp310-linux_x86_64/_deps/libarchive-src/libarchive/archive_write_add_filter_compress.c
[314/514] /opt/rh/devtoolset-10/root/usr/bin/gcc  -pthread -DHAVE_CONFIG_H -D__LIBARCHIVE_ENABLE_VISIBILITY -Darchive_EXPORTS -I/project/build/cp310-cp310-linux_x86_64/_deps/libarchive-src/libarchive -I/project/build/cp310-cp310-linux_x86_64/_deps/libarchive-build -I/project/build/cp310-cp310-linux_x86_64/_deps/libarchive-src/libarchive/. -Wall -Wformat -Wformat-security -ffunction-sections -fdata-sections -fvisibility=hidden -O3 -DNDEBUG -fPIC -Wno-dev -MD -MT _deps/libarchive-build/libarchive/CMakeFiles/archive.dir/archive_read_support_format_rar.c.o -MF _deps/libarchive-build/libarchive/CMakeFiles/archive.dir/archive_read_support_format_rar.c.o.d -o _deps/libarchive-build/libarchive/CMakeFiles/archive.dir/archive_read_support_format_rar.c.o -c /project/build/cp310-cp310-linux_x86_64/_deps/libarchive-src/libarchive/archive_read_support_format_rar.c
[315/514] /opt/rh/devtoolset-10/root/usr/bin/gcc  -pthread -DHAVE_CONFIG_H -D__LIBARCHIVE_ENABLE_VISIBILITY -Darchive_EXPORTS -I/project/build/cp310-cp310-linux_x86_64/_deps/libarchive-src/libarchive -I/project/build/cp310-cp310-linux_x86_64/_deps/libarchive-build -I/project/build/cp310-cp310-linux_x86_64/_deps/libarchive-src/libarchive/. -Wall -Wformat -Wformat-security -ffunction-sections -fdata-sections -fvisibility=hidden -O3 -DNDEBUG -fPIC -Wno-dev -MD -MT _deps/libarchive-build/libarchive/CMakeFiles/archive.dir/archive_write_add_filter_gzip.c.o -MF _deps/libarchive-build/libarchive/CMakeFiles/archive.dir/archive_write_add_filter_gzip.c.o.d -o _deps/libarchive-build/libarchive/CMakeFiles/archive.dir/archive_write_add_filter_gzip.c.o -c /project/build/cp310-cp310-linux_x86_64/_deps/libarchive-src/libarchive/archive_write_add_filter_gzip.c
[316/514] /opt/rh/devtoolset-10/root/usr/bin/gcc  -pthread -DHAVE_CONFIG_H -D__LIBARCHIVE_ENABLE_VISIBILITY -Darchive_EXPORTS -I/project/build/cp310-cp310-linux_x86_64/_deps/libarchive-src/libarchive -I/project/build/cp310-cp310-linux_x86_64/_deps/libarchive-build -I/project/build/cp310-cp310-linux_x86_64/_deps/libarchive-src/libarchive/. -Wall -Wformat -Wformat-security -ffunction-sections -fdata-sections -fvisibility=hidden -O3 -DNDEBUG -fPIC -Wno-dev -MD -MT _deps/libarchive-build/libarchive/CMakeFiles/archive.dir/archive_write_add_filter_none.c.o -MF _deps/libarchive-build/libarchive/CMakeFiles/archive.dir/archive_write_add_filter_none.c.o.d -o _deps/libarchive-build/libarchive/CMakeFiles/archive.dir/archive_write_add_filter_none.c.o -c /project/build/cp310-cp310-linux_x86_64/_deps/libarchive-src/libarchive/archive_write_add_filter_none.c
[317/514] /opt/rh/devtoolset-10/root/usr/bin/gcc  -pthread -DHAVE_CONFIG_H -D__LIBARCHIVE_ENABLE_VISIBILITY -Darchive_EXPORTS -I/project/build/cp310-cp310-linux_x86_64/_deps/libarchive-src/libarchive -I/project/build/cp310-cp310-linux_x86_64/_deps/libarchive-build -I/project/build/cp310-cp310-linux_x86_64/_deps/libarchive-src/libarchive/. -Wall -Wformat -Wformat-security -ffunction-sections -fdata-sections -fvisibility=hidden -O3 -DNDEBUG -fPIC -Wno-dev -MD -MT _deps/libarchive-build/libarchive/CMakeFiles/archive.dir/archive_write_add_filter_lrzip.c.o -MF _deps/libarchive-build/libarchive/CMakeFiles/archive.dir/archive_write_add_filter_lrzip.c.o.d -o _deps/libarchive-build/libarchive/CMakeFiles/archive.dir/archive_write_add_filter_lrzip.c.o -c /project/build/cp310-cp310-linux_x86_64/_deps/libarchive-src/libarchive/archive_write_add_filter_lrzip.c
[318/514] /opt/rh/devtoolset-10/root/usr/bin/gcc  -pthread -DHAVE_CONFIG_H -D__LIBARCHIVE_ENABLE_VISIBILITY -Darchive_EXPORTS -I/project/build/cp310-cp310-linux_x86_64/_deps/libarchive-src/libarchive -I/project/build/cp310-cp310-linux_x86_64/_deps/libarchive-build -I/project/build/cp310-cp310-linux_x86_64/_deps/libarchive-src/libarchive/. -Wall -Wformat -Wformat-security -ffunction-sections -fdata-sections -fvisibility=hidden -O3 -DNDEBUG -fPIC -Wno-dev -MD -MT _deps/libarchive-build/libarchive/CMakeFiles/archive.dir/archive_write_add_filter_lzop.c.o -MF _deps/libarchive-build/libarchive/CMakeFiles/archive.dir/archive_write_add_filter_lzop.c.o.d -o _deps/libarchive-build/libarchive/CMakeFiles/archive.dir/archive_write_add_filter_lzop.c.o -c /project/build/cp310-cp310-linux_x86_64/_deps/libarchive-src/libarchive/archive_write_add_filter_lzop.c
[319/514] /opt/rh/devtoolset-10/root/usr/bin/gcc  -pthread -DHAVE_CONFIG_H -D__LIBARCHIVE_ENABLE_VISIBILITY -Darchive_EXPORTS -I/project/build/cp310-cp310-linux_x86_64/_deps/libarchive-src/libarchive -I/project/build/cp310-cp310-linux_x86_64/_deps/libarchive-build -I/project/build/cp310-cp310-linux_x86_64/_deps/libarchive-src/libarchive/. -Wall -Wformat -Wformat-security -ffunction-sections -fdata-sections -fvisibility=hidden -O3 -DNDEBUG -fPIC -Wno-dev -MD -MT _deps/libarchive-build/libarchive/CMakeFiles/archive.dir/archive_write_add_filter_lz4.c.o -MF _deps/libarchive-build/libarchive/CMakeFiles/archive.dir/archive_write_add_filter_lz4.c.o.d -o _deps/libarchive-build/libarchive/CMakeFiles/archive.dir/archive_write_add_filter_lz4.c.o -c /project/build/cp310-cp310-linux_x86_64/_deps/libarchive-src/libarchive/archive_write_add_filter_lz4.c
[320/514] /opt/rh/devtoolset-10/root/usr/bin/gcc  -pthread -DHAVE_CONFIG_H -D__LIBARCHIVE_ENABLE_VISIBILITY -Darchive_EXPORTS -I/project/build/cp310-cp310-linux_x86_64/_deps/libarchive-src/libarchive -I/project/build/cp310-cp310-linux_x86_64/_deps/libarchive-build -I/project/build/cp310-cp310-linux_x86_64/_deps/libarchive-src/libarchive/. -Wall -Wformat -Wformat-security -ffunction-sections -fdata-sections -fvisibility=hidden -O3 -DNDEBUG -fPIC -Wno-dev -MD -MT _deps/libarchive-build/libarchive/CMakeFiles/archive.dir/archive_write_disk_posix.c.o -MF _deps/libarchive-build/libarchive/CMakeFiles/archive.dir/archive_write_disk_posix.c.o.d -o _deps/libarchive-build/libarchive/CMakeFiles/archive.dir/archive_write_disk_posix.c.o -c /project/build/cp310-cp310-linux_x86_64/_deps/libarchive-src/libarchive/archive_write_disk_posix.c
[321/514] /opt/rh/devtoolset-10/root/usr/bin/gcc  -pthread -DHAVE_CONFIG_H -D__LIBARCHIVE_ENABLE_VISIBILITY -Darchive_EXPORTS -I/project/build/cp310-cp310-linux_x86_64/_deps/libarchive-src/libarchive -I/project/build/cp310-cp310-linux_x86_64/_deps/libarchive-build -I/project/build/cp310-cp310-linux_x86_64/_deps/libarchive-src/libarchive/. -Wall -Wformat -Wformat-security -ffunction-sections -fdata-sections -fvisibility=hidden -O3 -DNDEBUG -fPIC -Wno-dev -MD -MT _deps/libarchive-build/libarchive/CMakeFiles/archive.dir/archive_write_add_filter_uuencode.c.o -MF _deps/libarchive-build/libarchive/CMakeFiles/archive.dir/archive_write_add_filter_uuencode.c.o.d -o _deps/libarchive-build/libarchive/CMakeFiles/archive.dir/archive_write_add_filter_uuencode.c.o -c /project/build/cp310-cp310-linux_x86_64/_deps/libarchive-src/libarchive/archive_write_add_filter_uuencode.c
[322/514] /opt/rh/devtoolset-10/root/usr/bin/gcc  -pthread -DHAVE_CONFIG_H -D__LIBARCHIVE_ENABLE_VISIBILITY -Darchive_EXPORTS -I/project/build/cp310-cp310-linux_x86_64/_deps/libarchive-src/libarchive -I/project/build/cp310-cp310-linux_x86_64/_deps/libarchive-build -I/project/build/cp310-cp310-linux_x86_64/_deps/libarchive-src/libarchive/. -Wall -Wformat -Wformat-security -ffunction-sections -fdata-sections -fvisibility=hidden -O3 -DNDEBUG -fPIC -Wno-dev -MD -MT _deps/libarchive-build/libarchive/CMakeFiles/archive.dir/archive_write_add_filter_xz.c.o -MF _deps/libarchive-build/libarchive/CMakeFiles/archive.dir/archive_write_add_filter_xz.c.o.d -o _deps/libarchive-build/libarchive/CMakeFiles/archive.dir/archive_write_add_filter_xz.c.o -c /project/build/cp310-cp310-linux_x86_64/_deps/libarchive-src/libarchive/archive_write_add_filter_xz.c
[323/514] /opt/rh/devtoolset-10/root/usr/bin/gcc  -pthread -DHAVE_CONFIG_H -D__LIBARCHIVE_ENABLE_VISIBILITY -Darchive_EXPORTS -I/project/build/cp310-cp310-linux_x86_64/_deps/libarchive-src/libarchive -I/project/build/cp310-cp310-linux_x86_64/_deps/libarchive-build -I/project/build/cp310-cp310-linux_x86_64/_deps/libarchive-src/libarchive/. -Wall -Wformat -Wformat-security -ffunction-sections -fdata-sections -fvisibility=hidden -O3 -DNDEBUG -fPIC -Wno-dev -MD -MT _deps/libarchive-build/libarchive/CMakeFiles/archive.dir/archive_write_add_filter_program.c.o -MF _deps/libarchive-build/libarchive/CMakeFiles/archive.dir/archive_write_add_filter_program.c.o.d -o _deps/libarchive-build/libarchive/CMakeFiles/archive.dir/archive_write_add_filter_program.c.o -c /project/build/cp310-cp310-linux_x86_64/_deps/libarchive-src/libarchive/archive_write_add_filter_program.c
[324/514] /opt/rh/devtoolset-10/root/usr/bin/gcc  -pthread -DHAVE_CONFIG_H -D__LIBARCHIVE_ENABLE_VISIBILITY -Darchive_EXPORTS -I/project/build/cp310-cp310-linux_x86_64/_deps/libarchive-src/libarchive -I/project/build/cp310-cp310-linux_x86_64/_deps/libarchive-build -I/project/build/cp310-cp310-linux_x86_64/_deps/libarchive-src/libarchive/. -Wall -Wformat -Wformat-security -ffunction-sections -fdata-sections -fvisibility=hidden -O3 -DNDEBUG -fPIC -Wno-dev -MD -MT _deps/libarchive-build/libarchive/CMakeFiles/archive.dir/archive_write_add_filter_zstd.c.o -MF _deps/libarchive-build/libarchive/CMakeFiles/archive.dir/archive_write_add_filter_zstd.c.o.d -o _deps/libarchive-build/libarchive/CMakeFiles/archive.dir/archive_write_add_filter_zstd.c.o -c /project/build/cp310-cp310-linux_x86_64/_deps/libarchive-src/libarchive/archive_write_add_filter_zstd.c
[325/514] /opt/rh/devtoolset-10/root/usr/bin/gcc  -pthread -DHAVE_CONFIG_H -D__LIBARCHIVE_ENABLE_VISIBILITY -Darchive_EXPORTS -I/project/build/cp310-cp310-linux_x86_64/_deps/libarchive-src/libarchive -I/project/build/cp310-cp310-linux_x86_64/_deps/libarchive-build -I/project/build/cp310-cp310-linux_x86_64/_deps/libarchive-src/libarchive/. -Wall -Wformat -Wformat-security -ffunction-sections -fdata-sections -fvisibility=hidden -O3 -DNDEBUG -fPIC -Wno-dev -MD -MT _deps/libarchive-build/libarchive/CMakeFiles/archive.dir/archive_write_set_format.c.o -MF _deps/libarchive-build/libarchive/CMakeFiles/archive.dir/archive_write_set_format.c.o.d -o _deps/libarchive-build/libarchive/CMakeFiles/archive.dir/archive_write_set_format.c.o -c /project/build/cp310-cp310-linux_x86_64/_deps/libarchive-src/libarchive/archive_write_set_format.c
[326/514] /opt/rh/devtoolset-10/root/usr/bin/gcc  -pthread -DHAVE_CONFIG_H -D__LIBARCHIVE_ENABLE_VISIBILITY -Darchive_EXPORTS -I/project/build/cp310-cp310-linux_x86_64/_deps/libarchive-src/libarchive -I/project/build/cp310-cp310-linux_x86_64/_deps/libarchive-build -I/project/build/cp310-cp310-linux_x86_64/_deps/libarchive-src/libarchive/. -Wall -Wformat -Wformat-security -ffunction-sections -fdata-sections -fvisibility=hidden -O3 -DNDEBUG -fPIC -Wno-dev -MD -MT _deps/libarchive-build/libarchive/CMakeFiles/archive.dir/archive_read_support_format_xar.c.o -MF _deps/libarchive-build/libarchive/CMakeFiles/archive.dir/archive_read_support_format_xar.c.o.d -o _deps/libarchive-build/libarchive/CMakeFiles/archive.dir/archive_read_support_format_xar.c.o -c /project/build/cp310-cp310-linux_x86_64/_deps/libarchive-src/libarchive/archive_read_support_format_xar.c
[327/514] /opt/rh/devtoolset-10/root/usr/bin/gcc  -pthread -DHAVE_CONFIG_H -D__LIBARCHIVE_ENABLE_VISIBILITY -Darchive_EXPORTS -I/project/build/cp310-cp310-linux_x86_64/_deps/libarchive-src/libarchive -I/project/build/cp310-cp310-linux_x86_64/_deps/libarchive-build -I/project/build/cp310-cp310-linux_x86_64/_deps/libarchive-src/libarchive/. -Wall -Wformat -Wformat-security -ffunction-sections -fdata-sections -fvisibility=hidden -O3 -DNDEBUG -fPIC -Wno-dev -MD -MT _deps/libarchive-build/libarchive/CMakeFiles/archive.dir/archive_write_set_format_cpio.c.o -MF _deps/libarchive-build/libarchive/CMakeFiles/archive.dir/archive_write_set_format_cpio.c.o.d -o _deps/libarchive-build/libarchive/CMakeFiles/archive.dir/archive_write_set_format_cpio.c.o -c /project/build/cp310-cp310-linux_x86_64/_deps/libarchive-src/libarchive/archive_write_set_format_cpio.c
[328/514] /opt/rh/devtoolset-10/root/usr/bin/gcc  -pthread -DHAVE_CONFIG_H -D__LIBARCHIVE_ENABLE_VISIBILITY -Darchive_EXPORTS -I/project/build/cp310-cp310-linux_x86_64/_deps/libarchive-src/libarchive -I/project/build/cp310-cp310-linux_x86_64/_deps/libarchive-build -I/project/build/cp310-cp310-linux_x86_64/_deps/libarchive-src/libarchive/. -Wall -Wformat -Wformat-security -ffunction-sections -fdata-sections -fvisibility=hidden -O3 -DNDEBUG -fPIC -Wno-dev -MD -MT _deps/libarchive-build/libarchive/CMakeFiles/archive.dir/archive_read_support_format_rar5.c.o -MF _deps/libarchive-build/libarchive/CMakeFiles/archive.dir/archive_read_support_format_rar5.c.o.d -o _deps/libarchive-build/libarchive/CMakeFiles/archive.dir/archive_read_support_format_rar5.c.o -c /project/build/cp310-cp310-linux_x86_64/_deps/libarchive-src/libarchive/archive_read_support_format_rar5.c
[329/514] /opt/rh/devtoolset-10/root/usr/bin/gcc  -pthread -DHAVE_CONFIG_H -D__LIBARCHIVE_ENABLE_VISIBILITY -Darchive_EXPORTS -I/project/build/cp310-cp310-linux_x86_64/_deps/libarchive-src/libarchive -I/project/build/cp310-cp310-linux_x86_64/_deps/libarchive-build -I/project/build/cp310-cp310-linux_x86_64/_deps/libarchive-src/libarchive/. -Wall -Wformat -Wformat-security -ffunction-sections -fdata-sections -fvisibility=hidden -O3 -DNDEBUG -fPIC -Wno-dev -MD -MT _deps/libarchive-build/libarchive/CMakeFiles/archive.dir/archive_write_set_format_by_name.c.o -MF _deps/libarchive-build/libarchive/CMakeFiles/archive.dir/archive_write_set_format_by_name.c.o.d -o _deps/libarchive-build/libarchive/CMakeFiles/archive.dir/archive_write_set_format_by_name.c.o -c /project/build/cp310-cp310-linux_x86_64/_deps/libarchive-src/libarchive/archive_write_set_format_by_name.c
[330/514] /opt/rh/devtoolset-10/root/usr/bin/gcc  -pthread -DHAVE_CONFIG_H -D__LIBARCHIVE_ENABLE_VISIBILITY -Darchive_EXPORTS -I/project/build/cp310-cp310-linux_x86_64/_deps/libarchive-src/libarchive -I/project/build/cp310-cp310-linux_x86_64/_deps/libarchive-build -I/project/build/cp310-cp310-linux_x86_64/_deps/libarchive-src/libarchive/. -Wall -Wformat -Wformat-security -ffunction-sections -fdata-sections -fvisibility=hidden -O3 -DNDEBUG -fPIC -Wno-dev -MD -MT _deps/libarchive-build/libarchive/CMakeFiles/archive.dir/archive_write_set_format_cpio_binary.c.o -MF _deps/libarchive-build/libarchive/CMakeFiles/archive.dir/archive_write_set_format_cpio_binary.c.o.d -o _deps/libarchive-build/libarchive/CMakeFiles/archive.dir/archive_write_set_format_cpio_binary.c.o -c /project/build/cp310-cp310-linux_x86_64/_deps/libarchive-src/libarchive/archive_write_set_format_cpio_binary.c
[331/514] /opt/rh/devtoolset-10/root/usr/bin/gcc  -pthread -DHAVE_CONFIG_H -D__LIBARCHIVE_ENABLE_VISIBILITY -Darchive_EXPORTS -I/project/build/cp310-cp310-linux_x86_64/_deps/libarchive-src/libarchive -I/project/build/cp310-cp310-linux_x86_64/_deps/libarchive-build -I/project/build/cp310-cp310-linux_x86_64/_deps/libarchive-src/libarchive/. -Wall -Wformat -Wformat-security -ffunction-sections -fdata-sections -fvisibility=hidden -O3 -DNDEBUG -fPIC -Wno-dev -MD -MT _deps/libarchive-build/libarchive/CMakeFiles/archive.dir/archive_write_set_format_cpio_newc.c.o -MF _deps/libarchive-build/libarchive/CMakeFiles/archive.dir/archive_write_set_format_cpio_newc.c.o.d -o _deps/libarchive-build/libarchive/CMakeFiles/archive.dir/archive_write_set_format_cpio_newc.c.o -c /project/build/cp310-cp310-linux_x86_64/_deps/libarchive-src/libarchive/archive_write_set_format_cpio_newc.c
[332/514] /opt/rh/devtoolset-10/root/usr/bin/gcc  -pthread -DHAVE_CONFIG_H -D__LIBARCHIVE_ENABLE_VISIBILITY -Darchive_EXPORTS -I/project/build/cp310-cp310-linux_x86_64/_deps/libarchive-src/libarchive -I/project/build/cp310-cp310-linux_x86_64/_deps/libarchive-build -I/project/build/cp310-cp310-linux_x86_64/_deps/libarchive-src/libarchive/. -Wall -Wformat -Wformat-security -ffunction-sections -fdata-sections -fvisibility=hidden -O3 -DNDEBUG -fPIC -Wno-dev -MD -MT _deps/libarchive-build/libarchive/CMakeFiles/archive.dir/archive_write_set_format_filter_by_ext.c.o -MF _deps/libarchive-build/libarchive/CMakeFiles/archive.dir/archive_write_set_format_filter_by_ext.c.o.d -o _deps/libarchive-build/libarchive/CMakeFiles/archive.dir/archive_write_set_format_filter_by_ext.c.o -c /project/build/cp310-cp310-linux_x86_64/_deps/libarchive-src/libarchive/archive_write_set_format_filter_by_ext.c
[333/514] /opt/rh/devtoolset-10/root/usr/bin/gcc  -pthread -DHAVE_CONFIG_H -D__LIBARCHIVE_ENABLE_VISIBILITY -Darchive_EXPORTS -I/project/build/cp310-cp310-linux_x86_64/_deps/libarchive-src/libarchive -I/project/build/cp310-cp310-linux_x86_64/_deps/libarchive-build -I/project/build/cp310-cp310-linux_x86_64/_deps/libarchive-src/libarchive/. -Wall -Wformat -Wformat-security -ffunction-sections -fdata-sections -fvisibility=hidden -O3 -DNDEBUG -fPIC -Wno-dev -MD -MT _deps/libarchive-build/libarchive/CMakeFiles/archive.dir/archive_write_set_format_cpio_odc.c.o -MF _deps/libarchive-build/libarchive/CMakeFiles/archive.dir/archive_write_set_format_cpio_odc.c.o.d -o _deps/libarchive-build/libarchive/CMakeFiles/archive.dir/archive_write_set_format_cpio_odc.c.o -c /project/build/cp310-cp310-linux_x86_64/_deps/libarchive-src/libarchive/archive_write_set_format_cpio_odc.c
[334/514] /opt/rh/devtoolset-10/root/usr/bin/gcc  -pthread -DHAVE_CONFIG_H -D__LIBARCHIVE_ENABLE_VISIBILITY -Darchive_EXPORTS -I/project/build/cp310-cp310-linux_x86_64/_deps/libarchive-src/libarchive -I/project/build/cp310-cp310-linux_x86_64/_deps/libarchive-build -I/project/build/cp310-cp310-linux_x86_64/_deps/libarchive-src/libarchive/. -Wall -Wformat -Wformat-security -ffunction-sections -fdata-sections -fvisibility=hidden -O3 -DNDEBUG -fPIC -Wno-dev -MD -MT _deps/libarchive-build/libarchive/CMakeFiles/archive.dir/archive_write_set_format_raw.c.o -MF _deps/libarchive-build/libarchive/CMakeFiles/archive.dir/archive_write_set_format_raw.c.o.d -o _deps/libarchive-build/libarchive/CMakeFiles/archive.dir/archive_write_set_format_raw.c.o -c /project/build/cp310-cp310-linux_x86_64/_deps/libarchive-src/libarchive/archive_write_set_format_raw.c
[335/514] /opt/rh/devtoolset-10/root/usr/bin/gcc  -pthread -DHAVE_CONFIG_H -D__LIBARCHIVE_ENABLE_VISIBILITY -Darchive_EXPORTS -I/project/build/cp310-cp310-linux_x86_64/_deps/libarchive-src/libarchive -I/project/build/cp310-cp310-linux_x86_64/_deps/libarchive-build -I/project/build/cp310-cp310-linux_x86_64/_deps/libarchive-src/libarchive/. -Wall -Wformat -Wformat-security -ffunction-sections -fdata-sections -fvisibility=hidden -O3 -DNDEBUG -fPIC -Wno-dev -MD -MT _deps/libarchive-build/libarchive/CMakeFiles/archive.dir/archive_string.c.o -MF _deps/libarchive-build/libarchive/CMakeFiles/archive.dir/archive_string.c.o.d -o _deps/libarchive-build/libarchive/CMakeFiles/archive.dir/archive_string.c.o -c /project/build/cp310-cp310-linux_x86_64/_deps/libarchive-src/libarchive/archive_string.c
[336/514] /opt/rh/devtoolset-10/root/usr/bin/gcc  -pthread -DHAVE_CONFIG_H -D__LIBARCHIVE_ENABLE_VISIBILITY -Darchive_EXPORTS -I/project/build/cp310-cp310-linux_x86_64/_deps/libarchive-src/libarchive -I/project/build/cp310-cp310-linux_x86_64/_deps/libarchive-build -I/project/build/cp310-cp310-linux_x86_64/_deps/libarchive-src/libarchive/. -Wall -Wformat -Wformat-security -ffunction-sections -fdata-sections -fvisibility=hidden -O3 -DNDEBUG -fPIC -Wno-dev -MD -MT _deps/libarchive-build/libarchive/CMakeFiles/archive.dir/archive_write_set_format_gnutar.c.o -MF _deps/libarchive-build/libarchive/CMakeFiles/archive.dir/archive_write_set_format_gnutar.c.o.d -o _deps/libarchive-build/libarchive/CMakeFiles/archive.dir/archive_write_set_format_gnutar.c.o -c /project/build/cp310-cp310-linux_x86_64/_deps/libarchive-src/libarchive/archive_write_set_format_gnutar.c
[337/514] /opt/rh/devtoolset-10/root/usr/bin/gcc  -pthread -DHAVE_CONFIG_H -D__LIBARCHIVE_ENABLE_VISIBILITY -Darchive_EXPORTS -I/project/build/cp310-cp310-linux_x86_64/_deps/libarchive-src/libarchive -I/project/build/cp310-cp310-linux_x86_64/_deps/libarchive-build -I/project/build/cp310-cp310-linux_x86_64/_deps/libarchive-src/libarchive/. -Wall -Wformat -Wformat-security -ffunction-sections -fdata-sections -fvisibility=hidden -O3 -DNDEBUG -fPIC -Wno-dev -MD -MT _deps/libarchive-build/libarchive/CMakeFiles/archive.dir/archive_write_set_format_ar.c.o -MF _deps/libarchive-build/libarchive/CMakeFiles/archive.dir/archive_write_set_format_ar.c.o.d -o _deps/libarchive-build/libarchive/CMakeFiles/archive.dir/archive_write_set_format_ar.c.o -c /project/build/cp310-cp310-linux_x86_64/_deps/libarchive-src/libarchive/archive_write_set_format_ar.c
[338/514] /opt/rh/devtoolset-10/root/usr/bin/gcc  -pthread -DHAVE_CONFIG_H -D__LIBARCHIVE_ENABLE_VISIBILITY -Darchive_EXPORTS -I/project/build/cp310-cp310-linux_x86_64/_deps/libarchive-src/libarchive -I/project/build/cp310-cp310-linux_x86_64/_deps/libarchive-build -I/project/build/cp310-cp310-linux_x86_64/_deps/libarchive-src/libarchive/. -Wall -Wformat -Wformat-security -ffunction-sections -fdata-sections -fvisibility=hidden -O3 -DNDEBUG -fPIC -Wno-dev -MD -MT _deps/libarchive-build/libarchive/CMakeFiles/archive.dir/archive_write_set_format_warc.c.o -MF _deps/libarchive-build/libarchive/CMakeFiles/archive.dir/archive_write_set_format_warc.c.o.d -o _deps/libarchive-build/libarchive/CMakeFiles/archive.dir/archive_write_set_format_warc.c.o -c /project/build/cp310-cp310-linux_x86_64/_deps/libarchive-src/libarchive/archive_write_set_format_warc.c
[339/514] /opt/rh/devtoolset-10/root/usr/bin/gcc  -pthread -DHAVE_CONFIG_H -D__LIBARCHIVE_ENABLE_VISIBILITY -Darchive_EXPORTS -I/project/build/cp310-cp310-linux_x86_64/_deps/libarchive-src/libarchive -I/project/build/cp310-cp310-linux_x86_64/_deps/libarchive-build -I/project/build/cp310-cp310-linux_x86_64/_deps/libarchive-src/libarchive/. -Wall -Wformat -Wformat-security -ffunction-sections -fdata-sections -fvisibility=hidden -O3 -DNDEBUG -fPIC -Wno-dev -MD -MT _deps/libarchive-build/libarchive/CMakeFiles/archive.dir/archive_write_set_format_xar.c.o -MF _deps/libarchive-build/libarchive/CMakeFiles/archive.dir/archive_write_set_format_xar.c.o.d -o _deps/libarchive-build/libarchive/CMakeFiles/archive.dir/archive_write_set_format_xar.c.o -c /project/build/cp310-cp310-linux_x86_64/_deps/libarchive-src/libarchive/archive_write_set_format_xar.c
[340/514] /opt/rh/devtoolset-10/root/usr/bin/gcc  -pthread -DHAVE_CONFIG_H -D__LIBARCHIVE_ENABLE_VISIBILITY -Darchive_EXPORTS -I/project/build/cp310-cp310-linux_x86_64/_deps/libarchive-src/libarchive -I/project/build/cp310-cp310-linux_x86_64/_deps/libarchive-build -I/project/build/cp310-cp310-linux_x86_64/_deps/libarchive-src/libarchive/. -Wall -Wformat -Wformat-security -ffunction-sections -fdata-sections -fvisibility=hidden -O3 -DNDEBUG -fPIC -Wno-dev -MD -MT _deps/libarchive-build/libarchive/CMakeFiles/archive.dir/archive_write_set_format_shar.c.o -MF _deps/libarchive-build/libarchive/CMakeFiles/archive.dir/archive_write_set_format_shar.c.o.d -o _deps/libarchive-build/libarchive/CMakeFiles/archive.dir/archive_write_set_format_shar.c.o -c /project/build/cp310-cp310-linux_x86_64/_deps/libarchive-src/libarchive/archive_write_set_format_shar.c
[341/514] /opt/rh/devtoolset-10/root/usr/bin/gcc  -pthread -DHAVE_CONFIG_H -D__LIBARCHIVE_ENABLE_VISIBILITY -Darchive_EXPORTS -I/project/build/cp310-cp310-linux_x86_64/_deps/libarchive-src/libarchive -I/project/build/cp310-cp310-linux_x86_64/_deps/libarchive-build -I/project/build/cp310-cp310-linux_x86_64/_deps/libarchive-src/libarchive/. -Wall -Wformat -Wformat-security -ffunction-sections -fdata-sections -fvisibility=hidden -O3 -DNDEBUG -fPIC -Wno-dev -MD -MT _deps/libarchive-build/libarchive/CMakeFiles/archive.dir/archive_write_set_options.c.o -MF _deps/libarchive-build/libarchive/CMakeFiles/archive.dir/archive_write_set_options.c.o.d -o _deps/libarchive-build/libarchive/CMakeFiles/archive.dir/archive_write_set_options.c.o -c /project/build/cp310-cp310-linux_x86_64/_deps/libarchive-src/libarchive/archive_write_set_options.c
[342/514] /opt/rh/devtoolset-10/root/usr/bin/gcc  -pthread -DHAVE_CONFIG_H -D__LIBARCHIVE_ENABLE_VISIBILITY -Darchive_EXPORTS -I/project/build/cp310-cp310-linux_x86_64/_deps/libarchive-src/libarchive -I/project/build/cp310-cp310-linux_x86_64/_deps/libarchive-build -I/project/build/cp310-cp310-linux_x86_64/_deps/libarchive-src/libarchive/. -Wall -Wformat -Wformat-security -ffunction-sections -fdata-sections -fvisibility=hidden -O3 -DNDEBUG -fPIC -Wno-dev -MD -MT _deps/libarchive-build/libarchive/CMakeFiles/archive.dir/archive_write_set_format_ustar.c.o -MF _deps/libarchive-build/libarchive/CMakeFiles/archive.dir/archive_write_set_format_ustar.c.o.d -o _deps/libarchive-build/libarchive/CMakeFiles/archive.dir/archive_write_set_format_ustar.c.o -c /project/build/cp310-cp310-linux_x86_64/_deps/libarchive-src/libarchive/archive_write_set_format_ustar.c
[343/514] /opt/rh/devtoolset-10/root/usr/bin/gcc  -pthread -DHAVE_CONFIG_H -D__LIBARCHIVE_ENABLE_VISIBILITY -Darchive_EXPORTS -I/project/build/cp310-cp310-linux_x86_64/_deps/libarchive-src/libarchive -I/project/build/cp310-cp310-linux_x86_64/_deps/libarchive-build -I/project/build/cp310-cp310-linux_x86_64/_deps/libarchive-src/libarchive/. -Wall -Wformat -Wformat-security -ffunction-sections -fdata-sections -fvisibility=hidden -O3 -DNDEBUG -fPIC -Wno-dev -MD -MT _deps/libarchive-build/libarchive/CMakeFiles/archive.dir/xxhash.c.o -MF _deps/libarchive-build/libarchive/CMakeFiles/archive.dir/xxhash.c.o.d -o _deps/libarchive-build/libarchive/CMakeFiles/archive.dir/xxhash.c.o -c /project/build/cp310-cp310-linux_x86_64/_deps/libarchive-src/libarchive/xxhash.c
[344/514] /opt/rh/devtoolset-10/root/usr/bin/gcc  -pthread -DHAVE_CONFIG_H -D__LIBARCHIVE_ENABLE_VISIBILITY -Darchive_EXPORTS -I/project/build/cp310-cp310-linux_x86_64/_deps/libarchive-src/libarchive -I/project/build/cp310-cp310-linux_x86_64/_deps/libarchive-build -I/project/build/cp310-cp310-linux_x86_64/_deps/libarchive-src/libarchive/. -Wall -Wformat -Wformat-security -ffunction-sections -fdata-sections -fvisibility=hidden -O3 -DNDEBUG -fPIC -Wno-dev -MD -MT _deps/libarchive-build/libarchive/CMakeFiles/archive.dir/filter_fork_posix.c.o -MF _deps/libarchive-build/libarchive/CMakeFiles/archive.dir/filter_fork_posix.c.o.d -o _deps/libarchive-build/libarchive/CMakeFiles/archive.dir/filter_fork_posix.c.o -c /project/build/cp310-cp310-linux_x86_64/_deps/libarchive-src/libarchive/filter_fork_posix.c
[345/514] /opt/rh/devtoolset-10/root/usr/bin/gcc  -pthread -DHAVE_CONFIG_H -D__LIBARCHIVE_ENABLE_VISIBILITY -Darchive_EXPORTS -I/project/build/cp310-cp310-linux_x86_64/_deps/libarchive-src/libarchive -I/project/build/cp310-cp310-linux_x86_64/_deps/libarchive-build -I/project/build/cp310-cp310-linux_x86_64/_deps/libarchive-src/libarchive/. -Wall -Wformat -Wformat-security -ffunction-sections -fdata-sections -fvisibility=hidden -O3 -DNDEBUG -fPIC -Wno-dev -MD -MT _deps/libarchive-build/libarchive/CMakeFiles/archive.dir/archive_write_set_format_v7tar.c.o -MF _deps/libarchive-build/libarchive/CMakeFiles/archive.dir/archive_write_set_format_v7tar.c.o.d -o _deps/libarchive-build/libarchive/CMakeFiles/archive.dir/archive_write_set_format_v7tar.c.o -c /project/build/cp310-cp310-linux_x86_64/_deps/libarchive-src/libarchive/archive_write_set_format_v7tar.c
[346/514] /opt/rh/devtoolset-10/root/usr/bin/gcc  -pthread -DHAVE_CONFIG_H -D__LIBARCHIVE_ENABLE_VISIBILITY -Darchive_EXPORTS -I/project/build/cp310-cp310-linux_x86_64/_deps/libarchive-src/libarchive -I/project/build/cp310-cp310-linux_x86_64/_deps/libarchive-build -I/project/build/cp310-cp310-linux_x86_64/_deps/libarchive-src/libarchive/. -Wall -Wformat -Wformat-security -ffunction-sections -fdata-sections -fvisibility=hidden -O3 -DNDEBUG -fPIC -Wno-dev -MD -MT _deps/libarchive-build/libarchive/CMakeFiles/archive.dir/archive_write_set_passphrase.c.o -MF _deps/libarchive-build/libarchive/CMakeFiles/archive.dir/archive_write_set_passphrase.c.o.d -o _deps/libarchive-build/libarchive/CMakeFiles/archive.dir/archive_write_set_passphrase.c.o -c /project/build/cp310-cp310-linux_x86_64/_deps/libarchive-src/libarchive/archive_write_set_passphrase.c
[347/514] /opt/rh/devtoolset-10/root/usr/bin/gcc  -pthread -DHAVE_CONFIG_H -DLIBARCHIVE_STATIC -D__LIBARCHIVE_ENABLE_VISIBILITY -I/project/build/cp310-cp310-linux_x86_64/_deps/libarchive-src/libarchive -I/project/build/cp310-cp310-linux_x86_64/_deps/libarchive-build -I/project/build/cp310-cp310-linux_x86_64/_deps/libarchive-src/libarchive/. -Wall -Wformat -Wformat-security -ffunction-sections -fdata-sections -fvisibility=hidden -O3 -DNDEBUG -Wno-dev -MD -MT _deps/libarchive-build/libarchive/CMakeFiles/archive_static.dir/archive_check_magic.c.o -MF _deps/libarchive-build/libarchive/CMakeFiles/archive_static.dir/archive_check_magic.c.o.d -o _deps/libarchive-build/libarchive/CMakeFiles/archive_static.dir/archive_check_magic.c.o -c /project/build/cp310-cp310-linux_x86_64/_deps/libarchive-src/libarchive/archive_check_magic.c
[348/514] /opt/rh/devtoolset-10/root/usr/bin/gcc  -pthread -DHAVE_CONFIG_H -D__LIBARCHIVE_ENABLE_VISIBILITY -Darchive_EXPORTS -I/project/build/cp310-cp310-linux_x86_64/_deps/libarchive-src/libarchive -I/project/build/cp310-cp310-linux_x86_64/_deps/libarchive-build -I/project/build/cp310-cp310-linux_x86_64/_deps/libarchive-src/libarchive/. -Wall -Wformat -Wformat-security -ffunction-sections -fdata-sections -fvisibility=hidden -O3 -DNDEBUG -fPIC -Wno-dev -MD -MT _deps/libarchive-build/libarchive/CMakeFiles/archive.dir/archive_blake2sp_ref.c.o -MF _deps/libarchive-build/libarchive/CMakeFiles/archive.dir/archive_blake2sp_ref.c.o.d -o _deps/libarchive-build/libarchive/CMakeFiles/archive.dir/archive_blake2sp_ref.c.o -c /project/build/cp310-cp310-linux_x86_64/_deps/libarchive-src/libarchive/archive_blake2sp_ref.c
[349/514] /opt/rh/devtoolset-10/root/usr/bin/gcc  -pthread -DHAVE_CONFIG_H -DLIBARCHIVE_STATIC -D__LIBARCHIVE_ENABLE_VISIBILITY -I/project/build/cp310-cp310-linux_x86_64/_deps/libarchive-src/libarchive -I/project/build/cp310-cp310-linux_x86_64/_deps/libarchive-build -I/project/build/cp310-cp310-linux_x86_64/_deps/libarchive-src/libarchive/. -Wall -Wformat -Wformat-security -ffunction-sections -fdata-sections -fvisibility=hidden -O3 -DNDEBUG -Wno-dev -MD -MT _deps/libarchive-build/libarchive/CMakeFiles/archive_static.dir/archive_cmdline.c.o -MF _deps/libarchive-build/libarchive/CMakeFiles/archive_static.dir/archive_cmdline.c.o.d -o _deps/libarchive-build/libarchive/CMakeFiles/archive_static.dir/archive_cmdline.c.o -c /project/build/cp310-cp310-linux_x86_64/_deps/libarchive-src/libarchive/archive_cmdline.c
[350/514] /opt/rh/devtoolset-10/root/usr/bin/gcc  -pthread -DHAVE_CONFIG_H -D__LIBARCHIVE_ENABLE_VISIBILITY -Darchive_EXPORTS -I/project/build/cp310-cp310-linux_x86_64/_deps/libarchive-src/libarchive -I/project/build/cp310-cp310-linux_x86_64/_deps/libarchive-build -I/project/build/cp310-cp310-linux_x86_64/_deps/libarchive-src/libarchive/. -Wall -Wformat -Wformat-security -ffunction-sections -fdata-sections -fvisibility=hidden -O3 -DNDEBUG -fPIC -Wno-dev -MD -MT _deps/libarchive-build/libarchive/CMakeFiles/archive.dir/archive_write_set_format_7zip.c.o -MF _deps/libarchive-build/libarchive/CMakeFiles/archive.dir/archive_write_set_format_7zip.c.o.d -o _deps/libarchive-build/libarchive/CMakeFiles/archive.dir/archive_write_set_format_7zip.c.o -c /project/build/cp310-cp310-linux_x86_64/_deps/libarchive-src/libarchive/archive_write_set_format_7zip.c
[351/514] /opt/rh/devtoolset-10/root/usr/bin/gcc  -pthread -DHAVE_CONFIG_H -DLIBARCHIVE_STATIC -D__LIBARCHIVE_ENABLE_VISIBILITY -I/project/build/cp310-cp310-linux_x86_64/_deps/libarchive-src/libarchive -I/project/build/cp310-cp310-linux_x86_64/_deps/libarchive-build -I/project/build/cp310-cp310-linux_x86_64/_deps/libarchive-src/libarchive/. -Wall -Wformat -Wformat-security -ffunction-sections -fdata-sections -fvisibility=hidden -O3 -DNDEBUG -Wno-dev -MD -MT _deps/libarchive-build/libarchive/CMakeFiles/archive_static.dir/archive_cryptor.c.o -MF _deps/libarchive-build/libarchive/CMakeFiles/archive_static.dir/archive_cryptor.c.o.d -o _deps/libarchive-build/libarchive/CMakeFiles/archive_static.dir/archive_cryptor.c.o -c /project/build/cp310-cp310-linux_x86_64/_deps/libarchive-src/libarchive/archive_cryptor.c
[352/514] /opt/rh/devtoolset-10/root/usr/bin/gcc  -pthread -DHAVE_CONFIG_H -DLIBARCHIVE_STATIC -D__LIBARCHIVE_ENABLE_VISIBILITY -I/project/build/cp310-cp310-linux_x86_64/_deps/libarchive-src/libarchive -I/project/build/cp310-cp310-linux_x86_64/_deps/libarchive-build -I/project/build/cp310-cp310-linux_x86_64/_deps/libarchive-src/libarchive/. -Wall -Wformat -Wformat-security -ffunction-sections -fdata-sections -fvisibility=hidden -O3 -DNDEBUG -Wno-dev -MD -MT _deps/libarchive-build/libarchive/CMakeFiles/archive_static.dir/archive_digest.c.o -MF _deps/libarchive-build/libarchive/CMakeFiles/archive_static.dir/archive_digest.c.o.d -o _deps/libarchive-build/libarchive/CMakeFiles/archive_static.dir/archive_digest.c.o -c /project/build/cp310-cp310-linux_x86_64/_deps/libarchive-src/libarchive/archive_digest.c
[353/514] /opt/rh/devtoolset-10/root/usr/bin/gcc  -pthread -DHAVE_CONFIG_H -DLIBARCHIVE_STATIC -D__LIBARCHIVE_ENABLE_VISIBILITY -I/project/build/cp310-cp310-linux_x86_64/_deps/libarchive-src/libarchive -I/project/build/cp310-cp310-linux_x86_64/_deps/libarchive-build -I/project/build/cp310-cp310-linux_x86_64/_deps/libarchive-src/libarchive/. -Wall -Wformat -Wformat-security -ffunction-sections -fdata-sections -fvisibility=hidden -O3 -DNDEBUG -Wno-dev -MD -MT _deps/libarchive-build/libarchive/CMakeFiles/archive_static.dir/archive_entry_copy_stat.c.o -MF _deps/libarchive-build/libarchive/CMakeFiles/archive_static.dir/archive_entry_copy_stat.c.o.d -o _deps/libarchive-build/libarchive/CMakeFiles/archive_static.dir/archive_entry_copy_stat.c.o -c /project/build/cp310-cp310-linux_x86_64/_deps/libarchive-src/libarchive/archive_entry_copy_stat.c
[354/514] /opt/rh/devtoolset-10/root/usr/bin/gcc  -pthread -DHAVE_CONFIG_H -D__LIBARCHIVE_ENABLE_VISIBILITY -Darchive_EXPORTS -I/project/build/cp310-cp310-linux_x86_64/_deps/libarchive-src/libarchive -I/project/build/cp310-cp310-linux_x86_64/_deps/libarchive-build -I/project/build/cp310-cp310-linux_x86_64/_deps/libarchive-src/libarchive/. -Wall -Wformat -Wformat-security -ffunction-sections -fdata-sections -fvisibility=hidden -O3 -DNDEBUG -fPIC -Wno-dev -MD -MT _deps/libarchive-build/libarchive/CMakeFiles/archive.dir/archive_write_set_format_pax.c.o -MF _deps/libarchive-build/libarchive/CMakeFiles/archive.dir/archive_write_set_format_pax.c.o.d -o _deps/libarchive-build/libarchive/CMakeFiles/archive.dir/archive_write_set_format_pax.c.o -c /project/build/cp310-cp310-linux_x86_64/_deps/libarchive-src/libarchive/archive_write_set_format_pax.c
[355/514] /opt/rh/devtoolset-10/root/usr/bin/gcc  -pthread -DHAVE_CONFIG_H -DLIBARCHIVE_STATIC -D__LIBARCHIVE_ENABLE_VISIBILITY -I/project/build/cp310-cp310-linux_x86_64/_deps/libarchive-src/libarchive -I/project/build/cp310-cp310-linux_x86_64/_deps/libarchive-build -I/project/build/cp310-cp310-linux_x86_64/_deps/libarchive-src/libarchive/. -Wall -Wformat -Wformat-security -ffunction-sections -fdata-sections -fvisibility=hidden -O3 -DNDEBUG -Wno-dev -MD -MT _deps/libarchive-build/libarchive/CMakeFiles/archive_static.dir/archive_entry_link_resolver.c.o -MF _deps/libarchive-build/libarchive/CMakeFiles/archive_static.dir/archive_entry_link_resolver.c.o.d -o _deps/libarchive-build/libarchive/CMakeFiles/archive_static.dir/archive_entry_link_resolver.c.o -c /project/build/cp310-cp310-linux_x86_64/_deps/libarchive-src/libarchive/archive_entry_link_resolver.c
[356/514] /opt/rh/devtoolset-10/root/usr/bin/gcc  -pthread -DHAVE_CONFIG_H -DLIBARCHIVE_STATIC -D__LIBARCHIVE_ENABLE_VISIBILITY -I/project/build/cp310-cp310-linux_x86_64/_deps/libarchive-src/libarchive -I/project/build/cp310-cp310-linux_x86_64/_deps/libarchive-build -I/project/build/cp310-cp310-linux_x86_64/_deps/libarchive-src/libarchive/. -Wall -Wformat -Wformat-security -ffunction-sections -fdata-sections -fvisibility=hidden -O3 -DNDEBUG -Wno-dev -MD -MT _deps/libarchive-build/libarchive/CMakeFiles/archive_static.dir/archive_entry_stat.c.o -MF _deps/libarchive-build/libarchive/CMakeFiles/archive_static.dir/archive_entry_stat.c.o.d -o _deps/libarchive-build/libarchive/CMakeFiles/archive_static.dir/archive_entry_stat.c.o -c /project/build/cp310-cp310-linux_x86_64/_deps/libarchive-src/libarchive/archive_entry_stat.c
[357/514] /opt/rh/devtoolset-10/root/usr/bin/gcc  -pthread -DHAVE_CONFIG_H -DLIBARCHIVE_STATIC -D__LIBARCHIVE_ENABLE_VISIBILITY -I/project/build/cp310-cp310-linux_x86_64/_deps/libarchive-src/libarchive -I/project/build/cp310-cp310-linux_x86_64/_deps/libarchive-build -I/project/build/cp310-cp310-linux_x86_64/_deps/libarchive-src/libarchive/. -Wall -Wformat -Wformat-security -ffunction-sections -fdata-sections -fvisibility=hidden -O3 -DNDEBUG -Wno-dev -MD -MT _deps/libarchive-build/libarchive/CMakeFiles/archive_static.dir/archive_entry_sparse.c.o -MF _deps/libarchive-build/libarchive/CMakeFiles/archive_static.dir/archive_entry_sparse.c.o.d -o _deps/libarchive-build/libarchive/CMakeFiles/archive_static.dir/archive_entry_sparse.c.o -c /project/build/cp310-cp310-linux_x86_64/_deps/libarchive-src/libarchive/archive_entry_sparse.c
[358/514] /opt/rh/devtoolset-10/root/usr/bin/gcc  -pthread -DHAVE_CONFIG_H -D__LIBARCHIVE_ENABLE_VISIBILITY -Darchive_EXPORTS -I/project/build/cp310-cp310-linux_x86_64/_deps/libarchive-src/libarchive -I/project/build/cp310-cp310-linux_x86_64/_deps/libarchive-build -I/project/build/cp310-cp310-linux_x86_64/_deps/libarchive-src/libarchive/. -Wall -Wformat -Wformat-security -ffunction-sections -fdata-sections -fvisibility=hidden -O3 -DNDEBUG -fPIC -Wno-dev -MD -MT _deps/libarchive-build/libarchive/CMakeFiles/archive.dir/archive_write_set_format_mtree.c.o -MF _deps/libarchive-build/libarchive/CMakeFiles/archive.dir/archive_write_set_format_mtree.c.o.d -o _deps/libarchive-build/libarchive/CMakeFiles/archive.dir/archive_write_set_format_mtree.c.o -c /project/build/cp310-cp310-linux_x86_64/_deps/libarchive-src/libarchive/archive_write_set_format_mtree.c
[359/514] /opt/rh/devtoolset-10/root/usr/bin/gcc  -pthread -DHAVE_CONFIG_H -DLIBARCHIVE_STATIC -D__LIBARCHIVE_ENABLE_VISIBILITY -I/project/build/cp310-cp310-linux_x86_64/_deps/libarchive-src/libarchive -I/project/build/cp310-cp310-linux_x86_64/_deps/libarchive-build -I/project/build/cp310-cp310-linux_x86_64/_deps/libarchive-src/libarchive/. -Wall -Wformat -Wformat-security -ffunction-sections -fdata-sections -fvisibility=hidden -O3 -DNDEBUG -Wno-dev -MD -MT _deps/libarchive-build/libarchive/CMakeFiles/archive_static.dir/archive_entry_strmode.c.o -MF _deps/libarchive-build/libarchive/CMakeFiles/archive_static.dir/archive_entry_strmode.c.o.d -o _deps/libarchive-build/libarchive/CMakeFiles/archive_static.dir/archive_entry_strmode.c.o -c /project/build/cp310-cp310-linux_x86_64/_deps/libarchive-src/libarchive/archive_entry_strmode.c
[360/514] /opt/rh/devtoolset-10/root/usr/bin/gcc  -pthread -DHAVE_CONFIG_H -D__LIBARCHIVE_ENABLE_VISIBILITY -Darchive_EXPORTS -I/project/build/cp310-cp310-linux_x86_64/_deps/libarchive-src/libarchive -I/project/build/cp310-cp310-linux_x86_64/_deps/libarchive-build -I/project/build/cp310-cp310-linux_x86_64/_deps/libarchive-src/libarchive/. -Wall -Wformat -Wformat-security -ffunction-sections -fdata-sections -fvisibility=hidden -O3 -DNDEBUG -fPIC -Wno-dev -MD -MT _deps/libarchive-build/libarchive/CMakeFiles/archive.dir/archive_write_set_format_zip.c.o -MF _deps/libarchive-build/libarchive/CMakeFiles/archive.dir/archive_write_set_format_zip.c.o.d -o _deps/libarchive-build/libarchive/CMakeFiles/archive.dir/archive_write_set_format_zip.c.o -c /project/build/cp310-cp310-linux_x86_64/_deps/libarchive-src/libarchive/archive_write_set_format_zip.c
[361/514] /opt/rh/devtoolset-10/root/usr/bin/gcc  -pthread -DHAVE_CONFIG_H -D__LIBARCHIVE_ENABLE_VISIBILITY -Darchive_EXPORTS -I/project/build/cp310-cp310-linux_x86_64/_deps/libarchive-src/libarchive -I/project/build/cp310-cp310-linux_x86_64/_deps/libarchive-build -I/project/build/cp310-cp310-linux_x86_64/_deps/libarchive-src/libarchive/. -Wall -Wformat -Wformat-security -ffunction-sections -fdata-sections -fvisibility=hidden -O3 -DNDEBUG -fPIC -Wno-dev -MD -MT _deps/libarchive-build/libarchive/CMakeFiles/archive.dir/archive_blake2s_ref.c.o -MF _deps/libarchive-build/libarchive/CMakeFiles/archive.dir/archive_blake2s_ref.c.o.d -o _deps/libarchive-build/libarchive/CMakeFiles/archive.dir/archive_blake2s_ref.c.o -c /project/build/cp310-cp310-linux_x86_64/_deps/libarchive-src/libarchive/archive_blake2s_ref.c
[362/514] /opt/rh/devtoolset-10/root/usr/bin/gcc  -pthread -DHAVE_CONFIG_H -DLIBARCHIVE_STATIC -D__LIBARCHIVE_ENABLE_VISIBILITY -I/project/build/cp310-cp310-linux_x86_64/_deps/libarchive-src/libarchive -I/project/build/cp310-cp310-linux_x86_64/_deps/libarchive-build -I/project/build/cp310-cp310-linux_x86_64/_deps/libarchive-src/libarchive/. -Wall -Wformat -Wformat-security -ffunction-sections -fdata-sections -fvisibility=hidden -O3 -DNDEBUG -Wno-dev -MD -MT _deps/libarchive-build/libarchive/CMakeFiles/archive_static.dir/archive_hmac.c.o -MF _deps/libarchive-build/libarchive/CMakeFiles/archive_static.dir/archive_hmac.c.o.d -o _deps/libarchive-build/libarchive/CMakeFiles/archive_static.dir/archive_hmac.c.o -c /project/build/cp310-cp310-linux_x86_64/_deps/libarchive-src/libarchive/archive_hmac.c
[363/514] /opt/rh/devtoolset-10/root/usr/bin/gcc  -pthread -DHAVE_CONFIG_H -DLIBARCHIVE_STATIC -D__LIBARCHIVE_ENABLE_VISIBILITY -I/project/build/cp310-cp310-linux_x86_64/_deps/libarchive-src/libarchive -I/project/build/cp310-cp310-linux_x86_64/_deps/libarchive-build -I/project/build/cp310-cp310-linux_x86_64/_deps/libarchive-src/libarchive/. -Wall -Wformat -Wformat-security -ffunction-sections -fdata-sections -fvisibility=hidden -O3 -DNDEBUG -Wno-dev -MD -MT _deps/libarchive-build/libarchive/CMakeFiles/archive_static.dir/archive_entry_xattr.c.o -MF _deps/libarchive-build/libarchive/CMakeFiles/archive_static.dir/archive_entry_xattr.c.o.d -o _deps/libarchive-build/libarchive/CMakeFiles/archive_static.dir/archive_entry_xattr.c.o -c /project/build/cp310-cp310-linux_x86_64/_deps/libarchive-src/libarchive/archive_entry_xattr.c
[364/514] /opt/rh/devtoolset-10/root/usr/bin/gcc  -pthread -DHAVE_CONFIG_H -DLIBARCHIVE_STATIC -D__LIBARCHIVE_ENABLE_VISIBILITY -I/project/build/cp310-cp310-linux_x86_64/_deps/libarchive-src/libarchive -I/project/build/cp310-cp310-linux_x86_64/_deps/libarchive-build -I/project/build/cp310-cp310-linux_x86_64/_deps/libarchive-src/libarchive/. -Wall -Wformat -Wformat-security -ffunction-sections -fdata-sections -fvisibility=hidden -O3 -DNDEBUG -Wno-dev -MD -MT _deps/libarchive-build/libarchive/CMakeFiles/archive_static.dir/archive_options.c.o -MF _deps/libarchive-build/libarchive/CMakeFiles/archive_static.dir/archive_options.c.o.d -o _deps/libarchive-build/libarchive/CMakeFiles/archive_static.dir/archive_options.c.o -c /project/build/cp310-cp310-linux_x86_64/_deps/libarchive-src/libarchive/archive_options.c
[365/514] /opt/rh/devtoolset-10/root/usr/bin/gcc  -pthread -DHAVE_CONFIG_H -DLIBARCHIVE_STATIC -D__LIBARCHIVE_ENABLE_VISIBILITY -I/project/build/cp310-cp310-linux_x86_64/_deps/libarchive-src/libarchive -I/project/build/cp310-cp310-linux_x86_64/_deps/libarchive-build -I/project/build/cp310-cp310-linux_x86_64/_deps/libarchive-src/libarchive/. -Wall -Wformat -Wformat-security -ffunction-sections -fdata-sections -fvisibility=hidden -O3 -DNDEBUG -Wno-dev -MD -MT _deps/libarchive-build/libarchive/CMakeFiles/archive_static.dir/archive_random.c.o -MF _deps/libarchive-build/libarchive/CMakeFiles/archive_static.dir/archive_random.c.o.d -o _deps/libarchive-build/libarchive/CMakeFiles/archive_static.dir/archive_random.c.o -c /project/build/cp310-cp310-linux_x86_64/_deps/libarchive-src/libarchive/archive_random.c
[366/514] /opt/rh/devtoolset-10/root/usr/bin/gcc  -pthread -DHAVE_CONFIG_H -DLIBARCHIVE_STATIC -D__LIBARCHIVE_ENABLE_VISIBILITY -I/project/build/cp310-cp310-linux_x86_64/_deps/libarchive-src/libarchive -I/project/build/cp310-cp310-linux_x86_64/_deps/libarchive-build -I/project/build/cp310-cp310-linux_x86_64/_deps/libarchive-src/libarchive/. -Wall -Wformat -Wformat-security -ffunction-sections -fdata-sections -fvisibility=hidden -O3 -DNDEBUG -Wno-dev -MD -MT _deps/libarchive-build/libarchive/CMakeFiles/archive_static.dir/archive_pack_dev.c.o -MF _deps/libarchive-build/libarchive/CMakeFiles/archive_static.dir/archive_pack_dev.c.o.d -o _deps/libarchive-build/libarchive/CMakeFiles/archive_static.dir/archive_pack_dev.c.o -c /project/build/cp310-cp310-linux_x86_64/_deps/libarchive-src/libarchive/archive_pack_dev.c
[367/514] /opt/rh/devtoolset-10/root/usr/bin/gcc  -pthread -DHAVE_CONFIG_H -DLIBARCHIVE_STATIC -D__LIBARCHIVE_ENABLE_VISIBILITY -I/project/build/cp310-cp310-linux_x86_64/_deps/libarchive-src/libarchive -I/project/build/cp310-cp310-linux_x86_64/_deps/libarchive-build -I/project/build/cp310-cp310-linux_x86_64/_deps/libarchive-src/libarchive/. -Wall -Wformat -Wformat-security -ffunction-sections -fdata-sections -fvisibility=hidden -O3 -DNDEBUG -Wno-dev -MD -MT _deps/libarchive-build/libarchive/CMakeFiles/archive_static.dir/archive_pathmatch.c.o -MF _deps/libarchive-build/libarchive/CMakeFiles/archive_static.dir/archive_pathmatch.c.o.d -o _deps/libarchive-build/libarchive/CMakeFiles/archive_static.dir/archive_pathmatch.c.o -c /project/build/cp310-cp310-linux_x86_64/_deps/libarchive-src/libarchive/archive_pathmatch.c
[368/514] /opt/rh/devtoolset-10/root/usr/bin/gcc  -pthread -DHAVE_CONFIG_H -DLIBARCHIVE_STATIC -D__LIBARCHIVE_ENABLE_VISIBILITY -I/project/build/cp310-cp310-linux_x86_64/_deps/libarchive-src/libarchive -I/project/build/cp310-cp310-linux_x86_64/_deps/libarchive-build -I/project/build/cp310-cp310-linux_x86_64/_deps/libarchive-src/libarchive/. -Wall -Wformat -Wformat-security -ffunction-sections -fdata-sections -fvisibility=hidden -O3 -DNDEBUG -Wno-dev -MD -MT _deps/libarchive-build/libarchive/CMakeFiles/archive_static.dir/archive_getdate.c.o -MF _deps/libarchive-build/libarchive/CMakeFiles/archive_static.dir/archive_getdate.c.o.d -o _deps/libarchive-build/libarchive/CMakeFiles/archive_static.dir/archive_getdate.c.o -c /project/build/cp310-cp310-linux_x86_64/_deps/libarchive-src/libarchive/archive_getdate.c
[369/514] /opt/rh/devtoolset-10/root/usr/bin/gcc  -pthread -DHAVE_CONFIG_H -DLIBARCHIVE_STATIC -D__LIBARCHIVE_ENABLE_VISIBILITY -I/project/build/cp310-cp310-linux_x86_64/_deps/libarchive-src/libarchive -I/project/build/cp310-cp310-linux_x86_64/_deps/libarchive-build -I/project/build/cp310-cp310-linux_x86_64/_deps/libarchive-src/libarchive/. -Wall -Wformat -Wformat-security -ffunction-sections -fdata-sections -fvisibility=hidden -O3 -DNDEBUG -Wno-dev -MD -MT _deps/libarchive-build/libarchive/CMakeFiles/archive_static.dir/archive_rb.c.o -MF _deps/libarchive-build/libarchive/CMakeFiles/archive_static.dir/archive_rb.c.o.d -o _deps/libarchive-build/libarchive/CMakeFiles/archive_static.dir/archive_rb.c.o -c /project/build/cp310-cp310-linux_x86_64/_deps/libarchive-src/libarchive/archive_rb.c
[370/514] /opt/rh/devtoolset-10/root/usr/bin/gcc  -pthread -DHAVE_CONFIG_H -DLIBARCHIVE_STATIC -D__LIBARCHIVE_ENABLE_VISIBILITY -I/project/build/cp310-cp310-linux_x86_64/_deps/libarchive-src/libarchive -I/project/build/cp310-cp310-linux_x86_64/_deps/libarchive-build -I/project/build/cp310-cp310-linux_x86_64/_deps/libarchive-src/libarchive/. -Wall -Wformat -Wformat-security -ffunction-sections -fdata-sections -fvisibility=hidden -O3 -DNDEBUG -Wno-dev -MD -MT _deps/libarchive-build/libarchive/CMakeFiles/archive_static.dir/archive_read_add_passphrase.c.o -MF _deps/libarchive-build/libarchive/CMakeFiles/archive_static.dir/archive_read_add_passphrase.c.o.d -o _deps/libarchive-build/libarchive/CMakeFiles/archive_static.dir/archive_read_add_passphrase.c.o -c /project/build/cp310-cp310-linux_x86_64/_deps/libarchive-src/libarchive/archive_read_add_passphrase.c
[371/514] /opt/rh/devtoolset-10/root/usr/bin/gcc  -pthread -DHAVE_CONFIG_H -DLIBARCHIVE_STATIC -D__LIBARCHIVE_ENABLE_VISIBILITY -I/project/build/cp310-cp310-linux_x86_64/_deps/libarchive-src/libarchive -I/project/build/cp310-cp310-linux_x86_64/_deps/libarchive-build -I/project/build/cp310-cp310-linux_x86_64/_deps/libarchive-src/libarchive/. -Wall -Wformat -Wformat-security -ffunction-sections -fdata-sections -fvisibility=hidden -O3 -DNDEBUG -Wno-dev -MD -MT _deps/libarchive-build/libarchive/CMakeFiles/archive_static.dir/archive_entry.c.o -MF _deps/libarchive-build/libarchive/CMakeFiles/archive_static.dir/archive_entry.c.o.d -o _deps/libarchive-build/libarchive/CMakeFiles/archive_static.dir/archive_entry.c.o -c /project/build/cp310-cp310-linux_x86_64/_deps/libarchive-src/libarchive/archive_entry.c
[372/514] /opt/rh/devtoolset-10/root/usr/bin/gcc  -pthread -DHAVE_CONFIG_H -DLIBARCHIVE_STATIC -D__LIBARCHIVE_ENABLE_VISIBILITY -I/project/build/cp310-cp310-linux_x86_64/_deps/libarchive-src/libarchive -I/project/build/cp310-cp310-linux_x86_64/_deps/libarchive-build -I/project/build/cp310-cp310-linux_x86_64/_deps/libarchive-src/libarchive/. -Wall -Wformat -Wformat-security -ffunction-sections -fdata-sections -fvisibility=hidden -O3 -DNDEBUG -Wno-dev -MD -MT _deps/libarchive-build/libarchive/CMakeFiles/archive_static.dir/archive_read_append_filter.c.o -MF _deps/libarchive-build/libarchive/CMakeFiles/archive_static.dir/archive_read_append_filter.c.o.d -o _deps/libarchive-build/libarchive/CMakeFiles/archive_static.dir/archive_read_append_filter.c.o -c /project/build/cp310-cp310-linux_x86_64/_deps/libarchive-src/libarchive/archive_read_append_filter.c
[373/514] /opt/rh/devtoolset-10/root/usr/bin/gcc  -pthread -DHAVE_CONFIG_H -DLIBARCHIVE_STATIC -D__LIBARCHIVE_ENABLE_VISIBILITY -I/project/build/cp310-cp310-linux_x86_64/_deps/libarchive-src/libarchive -I/project/build/cp310-cp310-linux_x86_64/_deps/libarchive-build -I/project/build/cp310-cp310-linux_x86_64/_deps/libarchive-src/libarchive/. -Wall -Wformat -Wformat-security -ffunction-sections -fdata-sections -fvisibility=hidden -O3 -DNDEBUG -Wno-dev -MD -MT _deps/libarchive-build/libarchive/CMakeFiles/archive_static.dir/archive_read_data_into_fd.c.o -MF _deps/libarchive-build/libarchive/CMakeFiles/archive_static.dir/archive_read_data_into_fd.c.o.d -o _deps/libarchive-build/libarchive/CMakeFiles/archive_static.dir/archive_read_data_into_fd.c.o -c /project/build/cp310-cp310-linux_x86_64/_deps/libarchive-src/libarchive/archive_read_data_into_fd.c
[374/514] /opt/rh/devtoolset-10/root/usr/bin/gcc  -pthread -DHAVE_CONFIG_H -DLIBARCHIVE_STATIC -D__LIBARCHIVE_ENABLE_VISIBILITY -I/project/build/cp310-cp310-linux_x86_64/_deps/libarchive-src/libarchive -I/project/build/cp310-cp310-linux_x86_64/_deps/libarchive-build -I/project/build/cp310-cp310-linux_x86_64/_deps/libarchive-src/libarchive/. -Wall -Wformat -Wformat-security -ffunction-sections -fdata-sections -fvisibility=hidden -O3 -DNDEBUG -Wno-dev -MD -MT _deps/libarchive-build/libarchive/CMakeFiles/archive_static.dir/archive_acl.c.o -MF _deps/libarchive-build/libarchive/CMakeFiles/archive_static.dir/archive_acl.c.o.d -o _deps/libarchive-build/libarchive/CMakeFiles/archive_static.dir/archive_acl.c.o -c /project/build/cp310-cp310-linux_x86_64/_deps/libarchive-src/libarchive/archive_acl.c
[375/514] /opt/rh/devtoolset-10/root/usr/bin/gcc  -pthread -DHAVE_CONFIG_H -DLIBARCHIVE_STATIC -D__LIBARCHIVE_ENABLE_VISIBILITY -I/project/build/cp310-cp310-linux_x86_64/_deps/libarchive-src/libarchive -I/project/build/cp310-cp310-linux_x86_64/_deps/libarchive-build -I/project/build/cp310-cp310-linux_x86_64/_deps/libarchive-src/libarchive/. -Wall -Wformat -Wformat-security -ffunction-sections -fdata-sections -fvisibility=hidden -O3 -DNDEBUG -Wno-dev -MD -MT _deps/libarchive-build/libarchive/CMakeFiles/archive_static.dir/archive_match.c.o -MF _deps/libarchive-build/libarchive/CMakeFiles/archive_static.dir/archive_match.c.o.d -o _deps/libarchive-build/libarchive/CMakeFiles/archive_static.dir/archive_match.c.o -c /project/build/cp310-cp310-linux_x86_64/_deps/libarchive-src/libarchive/archive_match.c
[376/514] /opt/rh/devtoolset-10/root/usr/bin/gcc  -pthread -DHAVE_CONFIG_H -DLIBARCHIVE_STATIC -D__LIBARCHIVE_ENABLE_VISIBILITY -I/project/build/cp310-cp310-linux_x86_64/_deps/libarchive-src/libarchive -I/project/build/cp310-cp310-linux_x86_64/_deps/libarchive-build -I/project/build/cp310-cp310-linux_x86_64/_deps/libarchive-src/libarchive/. -Wall -Wformat -Wformat-security -ffunction-sections -fdata-sections -fvisibility=hidden -O3 -DNDEBUG -Wno-dev -MD -MT _deps/libarchive-build/libarchive/CMakeFiles/archive_static.dir/archive_read_disk_entry_from_file.c.o -MF _deps/libarchive-build/libarchive/CMakeFiles/archive_static.dir/archive_read_disk_entry_from_file.c.o.d -o _deps/libarchive-build/libarchive/CMakeFiles/archive_static.dir/archive_read_disk_entry_from_file.c.o -c /project/build/cp310-cp310-linux_x86_64/_deps/libarchive-src/libarchive/archive_read_disk_entry_from_file.c
[377/514] /opt/rh/devtoolset-10/root/usr/bin/gcc  -pthread -DHAVE_CONFIG_H -DLIBARCHIVE_STATIC -D__LIBARCHIVE_ENABLE_VISIBILITY -I/project/build/cp310-cp310-linux_x86_64/_deps/libarchive-src/libarchive -I/project/build/cp310-cp310-linux_x86_64/_deps/libarchive-build -I/project/build/cp310-cp310-linux_x86_64/_deps/libarchive-src/libarchive/. -Wall -Wformat -Wformat-security -ffunction-sections -fdata-sections -fvisibility=hidden -O3 -DNDEBUG -Wno-dev -MD -MT _deps/libarchive-build/libarchive/CMakeFiles/archive_static.dir/archive_read_extract.c.o -MF _deps/libarchive-build/libarchive/CMakeFiles/archive_static.dir/archive_read_extract.c.o.d -o _deps/libarchive-build/libarchive/CMakeFiles/archive_static.dir/archive_read_extract.c.o -c /project/build/cp310-cp310-linux_x86_64/_deps/libarchive-src/libarchive/archive_read_extract.c
[378/514] /opt/rh/devtoolset-10/root/usr/bin/gcc  -pthread -DHAVE_CONFIG_H -DLIBARCHIVE_STATIC -D__LIBARCHIVE_ENABLE_VISIBILITY -I/project/build/cp310-cp310-linux_x86_64/_deps/libarchive-src/libarchive -I/project/build/cp310-cp310-linux_x86_64/_deps/libarchive-build -I/project/build/cp310-cp310-linux_x86_64/_deps/libarchive-src/libarchive/. -Wall -Wformat -Wformat-security -ffunction-sections -fdata-sections -fvisibility=hidden -O3 -DNDEBUG -Wno-dev -MD -MT _deps/libarchive-build/libarchive/CMakeFiles/archive_static.dir/archive_read_extract2.c.o -MF _deps/libarchive-build/libarchive/CMakeFiles/archive_static.dir/archive_read_extract2.c.o.d -o _deps/libarchive-build/libarchive/CMakeFiles/archive_static.dir/archive_read_extract2.c.o -c /project/build/cp310-cp310-linux_x86_64/_deps/libarchive-src/libarchive/archive_read_extract2.c
[379/514] /opt/rh/devtoolset-10/root/usr/bin/gcc  -pthread -DHAVE_CONFIG_H -DLIBARCHIVE_STATIC -D__LIBARCHIVE_ENABLE_VISIBILITY -I/project/build/cp310-cp310-linux_x86_64/_deps/libarchive-src/libarchive -I/project/build/cp310-cp310-linux_x86_64/_deps/libarchive-build -I/project/build/cp310-cp310-linux_x86_64/_deps/libarchive-src/libarchive/. -Wall -Wformat -Wformat-security -ffunction-sections -fdata-sections -fvisibility=hidden -O3 -DNDEBUG -Wno-dev -MD -MT _deps/libarchive-build/libarchive/CMakeFiles/archive_static.dir/archive_read_open_fd.c.o -MF _deps/libarchive-build/libarchive/CMakeFiles/archive_static.dir/archive_read_open_fd.c.o.d -o _deps/libarchive-build/libarchive/CMakeFiles/archive_static.dir/archive_read_open_fd.c.o -c /project/build/cp310-cp310-linux_x86_64/_deps/libarchive-src/libarchive/archive_read_open_fd.c
[380/514] /opt/rh/devtoolset-10/root/usr/bin/gcc  -pthread -DHAVE_CONFIG_H -DLIBARCHIVE_STATIC -D__LIBARCHIVE_ENABLE_VISIBILITY -I/project/build/cp310-cp310-linux_x86_64/_deps/libarchive-src/libarchive -I/project/build/cp310-cp310-linux_x86_64/_deps/libarchive-build -I/project/build/cp310-cp310-linux_x86_64/_deps/libarchive-src/libarchive/. -Wall -Wformat -Wformat-security -ffunction-sections -fdata-sections -fvisibility=hidden -O3 -DNDEBUG -Wno-dev -MD -MT _deps/libarchive-build/libarchive/CMakeFiles/archive_static.dir/archive_read_disk_set_standard_lookup.c.o -MF _deps/libarchive-build/libarchive/CMakeFiles/archive_static.dir/archive_read_disk_set_standard_lookup.c.o.d -o _deps/libarchive-build/libarchive/CMakeFiles/archive_static.dir/archive_read_disk_set_standard_lookup.c.o -c /project/build/cp310-cp310-linux_x86_64/_deps/libarchive-src/libarchive/archive_read_disk_set_standard_lookup.c
[381/514] /opt/rh/devtoolset-10/root/usr/bin/gcc  -pthread -DHAVE_CONFIG_H -DLIBARCHIVE_STATIC -D__LIBARCHIVE_ENABLE_VISIBILITY -I/project/build/cp310-cp310-linux_x86_64/_deps/libarchive-src/libarchive -I/project/build/cp310-cp310-linux_x86_64/_deps/libarchive-build -I/project/build/cp310-cp310-linux_x86_64/_deps/libarchive-src/libarchive/. -Wall -Wformat -Wformat-security -ffunction-sections -fdata-sections -fvisibility=hidden -O3 -DNDEBUG -Wno-dev -MD -MT _deps/libarchive-build/libarchive/CMakeFiles/archive_static.dir/archive_read_open_file.c.o -MF _deps/libarchive-build/libarchive/CMakeFiles/archive_static.dir/archive_read_open_file.c.o.d -o _deps/libarchive-build/libarchive/CMakeFiles/archive_static.dir/archive_read_open_file.c.o -c /project/build/cp310-cp310-linux_x86_64/_deps/libarchive-src/libarchive/archive_read_open_file.c
[382/514] /opt/rh/devtoolset-10/root/usr/bin/gcc  -pthread -DHAVE_CONFIG_H -DLIBARCHIVE_STATIC -D__LIBARCHIVE_ENABLE_VISIBILITY -I/project/build/cp310-cp310-linux_x86_64/_deps/libarchive-src/libarchive -I/project/build/cp310-cp310-linux_x86_64/_deps/libarchive-build -I/project/build/cp310-cp310-linux_x86_64/_deps/libarchive-src/libarchive/. -Wall -Wformat -Wformat-security -ffunction-sections -fdata-sections -fvisibility=hidden -O3 -DNDEBUG -Wno-dev -MD -MT _deps/libarchive-build/libarchive/CMakeFiles/archive_static.dir/archive_read_set_format.c.o -MF _deps/libarchive-build/libarchive/CMakeFiles/archive_static.dir/archive_read_set_format.c.o.d -o _deps/libarchive-build/libarchive/CMakeFiles/archive_static.dir/archive_read_set_format.c.o -c /project/build/cp310-cp310-linux_x86_64/_deps/libarchive-src/libarchive/archive_read_set_format.c
[383/514] /opt/rh/devtoolset-10/root/usr/bin/gcc  -pthread -DHAVE_CONFIG_H -DLIBARCHIVE_STATIC -D__LIBARCHIVE_ENABLE_VISIBILITY -I/project/build/cp310-cp310-linux_x86_64/_deps/libarchive-src/libarchive -I/project/build/cp310-cp310-linux_x86_64/_deps/libarchive-build -I/project/build/cp310-cp310-linux_x86_64/_deps/libarchive-src/libarchive/. -Wall -Wformat -Wformat-security -ffunction-sections -fdata-sections -fvisibility=hidden -O3 -DNDEBUG -Wno-dev -MD -MT _deps/libarchive-build/libarchive/CMakeFiles/archive_static.dir/archive_read_open_memory.c.o -MF _deps/libarchive-build/libarchive/CMakeFiles/archive_static.dir/archive_read_open_memory.c.o.d -o _deps/libarchive-build/libarchive/CMakeFiles/archive_static.dir/archive_read_open_memory.c.o -c /project/build/cp310-cp310-linux_x86_64/_deps/libarchive-src/libarchive/archive_read_open_memory.c
[384/514] /opt/rh/devtoolset-10/root/usr/bin/gcc  -pthread -DHAVE_CONFIG_H -DLIBARCHIVE_STATIC -D__LIBARCHIVE_ENABLE_VISIBILITY -I/project/build/cp310-cp310-linux_x86_64/_deps/libarchive-src/libarchive -I/project/build/cp310-cp310-linux_x86_64/_deps/libarchive-build -I/project/build/cp310-cp310-linux_x86_64/_deps/libarchive-src/libarchive/. -Wall -Wformat -Wformat-security -ffunction-sections -fdata-sections -fvisibility=hidden -O3 -DNDEBUG -Wno-dev -MD -MT _deps/libarchive-build/libarchive/CMakeFiles/archive_static.dir/archive_read_support_filter_all.c.o -MF _deps/libarchive-build/libarchive/CMakeFiles/archive_static.dir/archive_read_support_filter_all.c.o.d -o _deps/libarchive-build/libarchive/CMakeFiles/archive_static.dir/archive_read_support_filter_all.c.o -c /project/build/cp310-cp310-linux_x86_64/_deps/libarchive-src/libarchive/archive_read_support_filter_all.c
[385/514] /opt/rh/devtoolset-10/root/usr/bin/gcc  -pthread -DHAVE_CONFIG_H -DLIBARCHIVE_STATIC -D__LIBARCHIVE_ENABLE_VISIBILITY -I/project/build/cp310-cp310-linux_x86_64/_deps/libarchive-src/libarchive -I/project/build/cp310-cp310-linux_x86_64/_deps/libarchive-build -I/project/build/cp310-cp310-linux_x86_64/_deps/libarchive-src/libarchive/. -Wall -Wformat -Wformat-security -ffunction-sections -fdata-sections -fvisibility=hidden -O3 -DNDEBUG -Wno-dev -MD -MT _deps/libarchive-build/libarchive/CMakeFiles/archive_static.dir/archive_read_set_options.c.o -MF _deps/libarchive-build/libarchive/CMakeFiles/archive_static.dir/archive_read_set_options.c.o.d -o _deps/libarchive-build/libarchive/CMakeFiles/archive_static.dir/archive_read_set_options.c.o -c /project/build/cp310-cp310-linux_x86_64/_deps/libarchive-src/libarchive/archive_read_set_options.c
[386/514] /opt/rh/devtoolset-10/root/usr/bin/gcc  -pthread -DHAVE_CONFIG_H -DLIBARCHIVE_STATIC -D__LIBARCHIVE_ENABLE_VISIBILITY -I/project/build/cp310-cp310-linux_x86_64/_deps/libarchive-src/libarchive -I/project/build/cp310-cp310-linux_x86_64/_deps/libarchive-build -I/project/build/cp310-cp310-linux_x86_64/_deps/libarchive-src/libarchive/. -Wall -Wformat -Wformat-security -ffunction-sections -fdata-sections -fvisibility=hidden -O3 -DNDEBUG -Wno-dev -MD -MT _deps/libarchive-build/libarchive/CMakeFiles/archive_static.dir/archive_read_open_filename.c.o -MF _deps/libarchive-build/libarchive/CMakeFiles/archive_static.dir/archive_read_open_filename.c.o.d -o _deps/libarchive-build/libarchive/CMakeFiles/archive_static.dir/archive_read_open_filename.c.o -c /project/build/cp310-cp310-linux_x86_64/_deps/libarchive-src/libarchive/archive_read_open_filename.c
[387/514] /opt/rh/devtoolset-10/root/usr/bin/gcc  -pthread -DHAVE_CONFIG_H -DLIBARCHIVE_STATIC -D__LIBARCHIVE_ENABLE_VISIBILITY -I/project/build/cp310-cp310-linux_x86_64/_deps/libarchive-src/libarchive -I/project/build/cp310-cp310-linux_x86_64/_deps/libarchive-build -I/project/build/cp310-cp310-linux_x86_64/_deps/libarchive-src/libarchive/. -Wall -Wformat -Wformat-security -ffunction-sections -fdata-sections -fvisibility=hidden -O3 -DNDEBUG -Wno-dev -MD -MT _deps/libarchive-build/libarchive/CMakeFiles/archive_static.dir/archive_read_support_filter_bzip2.c.o -MF _deps/libarchive-build/libarchive/CMakeFiles/archive_static.dir/archive_read_support_filter_bzip2.c.o.d -o _deps/libarchive-build/libarchive/CMakeFiles/archive_static.dir/archive_read_support_filter_bzip2.c.o -c /project/build/cp310-cp310-linux_x86_64/_deps/libarchive-src/libarchive/archive_read_support_filter_bzip2.c
[388/514] /opt/rh/devtoolset-10/root/usr/bin/gcc  -pthread -DHAVE_CONFIG_H -DLIBARCHIVE_STATIC -D__LIBARCHIVE_ENABLE_VISIBILITY -I/project/build/cp310-cp310-linux_x86_64/_deps/libarchive-src/libarchive -I/project/build/cp310-cp310-linux_x86_64/_deps/libarchive-build -I/project/build/cp310-cp310-linux_x86_64/_deps/libarchive-src/libarchive/. -Wall -Wformat -Wformat-security -ffunction-sections -fdata-sections -fvisibility=hidden -O3 -DNDEBUG -Wno-dev -MD -MT _deps/libarchive-build/libarchive/CMakeFiles/archive_static.dir/archive_read_support_filter_by_code.c.o -MF _deps/libarchive-build/libarchive/CMakeFiles/archive_static.dir/archive_read_support_filter_by_code.c.o.d -o _deps/libarchive-build/libarchive/CMakeFiles/archive_static.dir/archive_read_support_filter_by_code.c.o -c /project/build/cp310-cp310-linux_x86_64/_deps/libarchive-src/libarchive/archive_read_support_filter_by_code.c
[389/514] /opt/rh/devtoolset-10/root/usr/bin/gcc  -pthread -DHAVE_CONFIG_H -DLIBARCHIVE_STATIC -D__LIBARCHIVE_ENABLE_VISIBILITY -I/project/build/cp310-cp310-linux_x86_64/_deps/libarchive-src/libarchive -I/project/build/cp310-cp310-linux_x86_64/_deps/libarchive-build -I/project/build/cp310-cp310-linux_x86_64/_deps/libarchive-src/libarchive/. -Wall -Wformat -Wformat-security -ffunction-sections -fdata-sections -fvisibility=hidden -O3 -DNDEBUG -Wno-dev -MD -MT _deps/libarchive-build/libarchive/CMakeFiles/archive_static.dir/archive_read_support_filter_grzip.c.o -MF _deps/libarchive-build/libarchive/CMakeFiles/archive_static.dir/archive_read_support_filter_grzip.c.o.d -o _deps/libarchive-build/libarchive/CMakeFiles/archive_static.dir/archive_read_support_filter_grzip.c.o -c /project/build/cp310-cp310-linux_x86_64/_deps/libarchive-src/libarchive/archive_read_support_filter_grzip.c
[390/514] /opt/rh/devtoolset-10/root/usr/bin/gcc  -pthread -DHAVE_CONFIG_H -DLIBARCHIVE_STATIC -D__LIBARCHIVE_ENABLE_VISIBILITY -I/project/build/cp310-cp310-linux_x86_64/_deps/libarchive-src/libarchive -I/project/build/cp310-cp310-linux_x86_64/_deps/libarchive-build -I/project/build/cp310-cp310-linux_x86_64/_deps/libarchive-src/libarchive/. -Wall -Wformat -Wformat-security -ffunction-sections -fdata-sections -fvisibility=hidden -O3 -DNDEBUG -Wno-dev -MD -MT _deps/libarchive-build/libarchive/CMakeFiles/archive_static.dir/archive_read_support_filter_compress.c.o -MF _deps/libarchive-build/libarchive/CMakeFiles/archive_static.dir/archive_read_support_filter_compress.c.o.d -o _deps/libarchive-build/libarchive/CMakeFiles/archive_static.dir/archive_read_support_filter_compress.c.o -c /project/build/cp310-cp310-linux_x86_64/_deps/libarchive-src/libarchive/archive_read_support_filter_compress.c
[391/514] /opt/rh/devtoolset-10/root/usr/bin/gcc  -pthread -DHAVE_CONFIG_H -DLIBARCHIVE_STATIC -D__LIBARCHIVE_ENABLE_VISIBILITY -I/project/build/cp310-cp310-linux_x86_64/_deps/libarchive-src/libarchive -I/project/build/cp310-cp310-linux_x86_64/_deps/libarchive-build -I/project/build/cp310-cp310-linux_x86_64/_deps/libarchive-src/libarchive/. -Wall -Wformat -Wformat-security -ffunction-sections -fdata-sections -fvisibility=hidden -O3 -DNDEBUG -Wno-dev -MD -MT _deps/libarchive-build/libarchive/CMakeFiles/archive_static.dir/archive_read.c.o -MF _deps/libarchive-build/libarchive/CMakeFiles/archive_static.dir/archive_read.c.o.d -o _deps/libarchive-build/libarchive/CMakeFiles/archive_static.dir/archive_read.c.o -c /project/build/cp310-cp310-linux_x86_64/_deps/libarchive-src/libarchive/archive_read.c
[392/514] /opt/rh/devtoolset-10/root/usr/bin/gcc  -pthread -DHAVE_CONFIG_H -DLIBARCHIVE_STATIC -D__LIBARCHIVE_ENABLE_VISIBILITY -I/project/build/cp310-cp310-linux_x86_64/_deps/libarchive-src/libarchive -I/project/build/cp310-cp310-linux_x86_64/_deps/libarchive-build -I/project/build/cp310-cp310-linux_x86_64/_deps/libarchive-src/libarchive/. -Wall -Wformat -Wformat-security -ffunction-sections -fdata-sections -fvisibility=hidden -O3 -DNDEBUG -Wno-dev -MD -MT _deps/libarchive-build/libarchive/CMakeFiles/archive_static.dir/archive_read_support_filter_lrzip.c.o -MF _deps/libarchive-build/libarchive/CMakeFiles/archive_static.dir/archive_read_support_filter_lrzip.c.o.d -o _deps/libarchive-build/libarchive/CMakeFiles/archive_static.dir/archive_read_support_filter_lrzip.c.o -c /project/build/cp310-cp310-linux_x86_64/_deps/libarchive-src/libarchive/archive_read_support_filter_lrzip.c
[393/514] /opt/rh/devtoolset-10/root/usr/bin/gcc  -pthread -DHAVE_CONFIG_H -DLIBARCHIVE_STATIC -D__LIBARCHIVE_ENABLE_VISIBILITY -I/project/build/cp310-cp310-linux_x86_64/_deps/libarchive-src/libarchive -I/project/build/cp310-cp310-linux_x86_64/_deps/libarchive-build -I/project/build/cp310-cp310-linux_x86_64/_deps/libarchive-src/libarchive/. -Wall -Wformat -Wformat-security -ffunction-sections -fdata-sections -fvisibility=hidden -O3 -DNDEBUG -Wno-dev -MD -MT _deps/libarchive-build/libarchive/CMakeFiles/archive_static.dir/archive_read_support_filter_lz4.c.o -MF _deps/libarchive-build/libarchive/CMakeFiles/archive_static.dir/archive_read_support_filter_lz4.c.o.d -o _deps/libarchive-build/libarchive/CMakeFiles/archive_static.dir/archive_read_support_filter_lz4.c.o -c /project/build/cp310-cp310-linux_x86_64/_deps/libarchive-src/libarchive/archive_read_support_filter_lz4.c
[394/514] /opt/rh/devtoolset-10/root/usr/bin/gcc  -pthread -DHAVE_CONFIG_H -DLIBARCHIVE_STATIC -D__LIBARCHIVE_ENABLE_VISIBILITY -I/project/build/cp310-cp310-linux_x86_64/_deps/libarchive-src/libarchive -I/project/build/cp310-cp310-linux_x86_64/_deps/libarchive-build -I/project/build/cp310-cp310-linux_x86_64/_deps/libarchive-src/libarchive/. -Wall -Wformat -Wformat-security -ffunction-sections -fdata-sections -fvisibility=hidden -O3 -DNDEBUG -Wno-dev -MD -MT _deps/libarchive-build/libarchive/CMakeFiles/archive_static.dir/archive_read_support_filter_gzip.c.o -MF _deps/libarchive-build/libarchive/CMakeFiles/archive_static.dir/archive_read_support_filter_gzip.c.o.d -o _deps/libarchive-build/libarchive/CMakeFiles/archive_static.dir/archive_read_support_filter_gzip.c.o -c /project/build/cp310-cp310-linux_x86_64/_deps/libarchive-src/libarchive/archive_read_support_filter_gzip.c
[395/514] /opt/rh/devtoolset-10/root/usr/bin/gcc  -pthread -DHAVE_CONFIG_H -DLIBARCHIVE_STATIC -D__LIBARCHIVE_ENABLE_VISIBILITY -I/project/build/cp310-cp310-linux_x86_64/_deps/libarchive-src/libarchive -I/project/build/cp310-cp310-linux_x86_64/_deps/libarchive-build -I/project/build/cp310-cp310-linux_x86_64/_deps/libarchive-src/libarchive/. -Wall -Wformat -Wformat-security -ffunction-sections -fdata-sections -fvisibility=hidden -O3 -DNDEBUG -Wno-dev -MD -MT _deps/libarchive-build/libarchive/CMakeFiles/archive_static.dir/archive_read_support_filter_lzop.c.o -MF _deps/libarchive-build/libarchive/CMakeFiles/archive_static.dir/archive_read_support_filter_lzop.c.o.d -o _deps/libarchive-build/libarchive/CMakeFiles/archive_static.dir/archive_read_support_filter_lzop.c.o -c /project/build/cp310-cp310-linux_x86_64/_deps/libarchive-src/libarchive/archive_read_support_filter_lzop.c
[396/514] /opt/rh/devtoolset-10/root/usr/bin/gcc  -pthread -DHAVE_CONFIG_H -DLIBARCHIVE_STATIC -D__LIBARCHIVE_ENABLE_VISIBILITY -I/project/build/cp310-cp310-linux_x86_64/_deps/libarchive-src/libarchive -I/project/build/cp310-cp310-linux_x86_64/_deps/libarchive-build -I/project/build/cp310-cp310-linux_x86_64/_deps/libarchive-src/libarchive/. -Wall -Wformat -Wformat-security -ffunction-sections -fdata-sections -fvisibility=hidden -O3 -DNDEBUG -Wno-dev -MD -MT _deps/libarchive-build/libarchive/CMakeFiles/archive_static.dir/archive_ppmd8.c.o -MF _deps/libarchive-build/libarchive/CMakeFiles/archive_static.dir/archive_ppmd8.c.o.d -o _deps/libarchive-build/libarchive/CMakeFiles/archive_static.dir/archive_ppmd8.c.o -c /project/build/cp310-cp310-linux_x86_64/_deps/libarchive-src/libarchive/archive_ppmd8.c
[397/514] /opt/rh/devtoolset-10/root/usr/bin/gcc  -pthread -DHAVE_CONFIG_H -DLIBARCHIVE_STATIC -D__LIBARCHIVE_ENABLE_VISIBILITY -I/project/build/cp310-cp310-linux_x86_64/_deps/libarchive-src/libarchive -I/project/build/cp310-cp310-linux_x86_64/_deps/libarchive-build -I/project/build/cp310-cp310-linux_x86_64/_deps/libarchive-src/libarchive/. -Wall -Wformat -Wformat-security -ffunction-sections -fdata-sections -fvisibility=hidden -O3 -DNDEBUG -Wno-dev -MD -MT _deps/libarchive-build/libarchive/CMakeFiles/archive_static.dir/archive_read_support_filter_none.c.o -MF _deps/libarchive-build/libarchive/CMakeFiles/archive_static.dir/archive_read_support_filter_none.c.o.d -o _deps/libarchive-build/libarchive/CMakeFiles/archive_static.dir/archive_read_support_filter_none.c.o -c /project/build/cp310-cp310-linux_x86_64/_deps/libarchive-src/libarchive/archive_read_support_filter_none.c
[398/514] /opt/rh/devtoolset-10/root/usr/bin/gcc  -pthread -DHAVE_CONFIG_H -DLIBARCHIVE_STATIC -D__LIBARCHIVE_ENABLE_VISIBILITY -I/project/build/cp310-cp310-linux_x86_64/_deps/libarchive-src/libarchive -I/project/build/cp310-cp310-linux_x86_64/_deps/libarchive-build -I/project/build/cp310-cp310-linux_x86_64/_deps/libarchive-src/libarchive/. -Wall -Wformat -Wformat-security -ffunction-sections -fdata-sections -fvisibility=hidden -O3 -DNDEBUG -Wno-dev -MD -MT _deps/libarchive-build/libarchive/CMakeFiles/archive_static.dir/archive_read_support_filter_rpm.c.o -MF _deps/libarchive-build/libarchive/CMakeFiles/archive_static.dir/archive_read_support_filter_rpm.c.o.d -o _deps/libarchive-build/libarchive/CMakeFiles/archive_static.dir/archive_read_support_filter_rpm.c.o -c /project/build/cp310-cp310-linux_x86_64/_deps/libarchive-src/libarchive/archive_read_support_filter_rpm.c
[399/514] /opt/rh/devtoolset-10/root/usr/bin/gcc  -pthread -DHAVE_CONFIG_H -DLIBARCHIVE_STATIC -D__LIBARCHIVE_ENABLE_VISIBILITY -I/project/build/cp310-cp310-linux_x86_64/_deps/libarchive-src/libarchive -I/project/build/cp310-cp310-linux_x86_64/_deps/libarchive-build -I/project/build/cp310-cp310-linux_x86_64/_deps/libarchive-src/libarchive/. -Wall -Wformat -Wformat-security -ffunction-sections -fdata-sections -fvisibility=hidden -O3 -DNDEBUG -Wno-dev -MD -MT _deps/libarchive-build/libarchive/CMakeFiles/archive_static.dir/archive_read_support_filter_zstd.c.o -MF _deps/libarchive-build/libarchive/CMakeFiles/archive_static.dir/archive_read_support_filter_zstd.c.o.d -o _deps/libarchive-build/libarchive/CMakeFiles/archive_static.dir/archive_read_support_filter_zstd.c.o -c /project/build/cp310-cp310-linux_x86_64/_deps/libarchive-src/libarchive/archive_read_support_filter_zstd.c
[400/514] /opt/rh/devtoolset-10/root/usr/bin/gcc  -pthread -DHAVE_CONFIG_H -DLIBARCHIVE_STATIC -D__LIBARCHIVE_ENABLE_VISIBILITY -I/project/build/cp310-cp310-linux_x86_64/_deps/libarchive-src/libarchive -I/project/build/cp310-cp310-linux_x86_64/_deps/libarchive-build -I/project/build/cp310-cp310-linux_x86_64/_deps/libarchive-src/libarchive/. -Wall -Wformat -Wformat-security -ffunction-sections -fdata-sections -fvisibility=hidden -O3 -DNDEBUG -Wno-dev -MD -MT _deps/libarchive-build/libarchive/CMakeFiles/archive_static.dir/archive_read_support_filter_xz.c.o -MF _deps/libarchive-build/libarchive/CMakeFiles/archive_static.dir/archive_read_support_filter_xz.c.o.d -o _deps/libarchive-build/libarchive/CMakeFiles/archive_static.dir/archive_read_support_filter_xz.c.o -c /project/build/cp310-cp310-linux_x86_64/_deps/libarchive-src/libarchive/archive_read_support_filter_xz.c
[401/514] /opt/rh/devtoolset-10/root/usr/bin/gcc  -pthread -DHAVE_CONFIG_H -DLIBARCHIVE_STATIC -D__LIBARCHIVE_ENABLE_VISIBILITY -I/project/build/cp310-cp310-linux_x86_64/_deps/libarchive-src/libarchive -I/project/build/cp310-cp310-linux_x86_64/_deps/libarchive-build -I/project/build/cp310-cp310-linux_x86_64/_deps/libarchive-src/libarchive/. -Wall -Wformat -Wformat-security -ffunction-sections -fdata-sections -fvisibility=hidden -O3 -DNDEBUG -Wno-dev -MD -MT _deps/libarchive-build/libarchive/CMakeFiles/archive_static.dir/archive_read_support_format_all.c.o -MF _deps/libarchive-build/libarchive/CMakeFiles/archive_static.dir/archive_read_support_format_all.c.o.d -o _deps/libarchive-build/libarchive/CMakeFiles/archive_static.dir/archive_read_support_format_all.c.o -c /project/build/cp310-cp310-linux_x86_64/_deps/libarchive-src/libarchive/archive_read_support_format_all.c
[402/514] /opt/rh/devtoolset-10/root/usr/bin/gcc  -pthread -DHAVE_CONFIG_H -DLIBARCHIVE_STATIC -D__LIBARCHIVE_ENABLE_VISIBILITY -I/project/build/cp310-cp310-linux_x86_64/_deps/libarchive-src/libarchive -I/project/build/cp310-cp310-linux_x86_64/_deps/libarchive-build -I/project/build/cp310-cp310-linux_x86_64/_deps/libarchive-src/libarchive/. -Wall -Wformat -Wformat-security -ffunction-sections -fdata-sections -fvisibility=hidden -O3 -DNDEBUG -Wno-dev -MD -MT _deps/libarchive-build/libarchive/CMakeFiles/archive_static.dir/archive_read_support_filter_program.c.o -MF _deps/libarchive-build/libarchive/CMakeFiles/archive_static.dir/archive_read_support_filter_program.c.o.d -o _deps/libarchive-build/libarchive/CMakeFiles/archive_static.dir/archive_read_support_filter_program.c.o -c /project/build/cp310-cp310-linux_x86_64/_deps/libarchive-src/libarchive/archive_read_support_filter_program.c
[403/514] /opt/rh/devtoolset-10/root/usr/bin/gcc  -pthread -DHAVE_CONFIG_H -DLIBARCHIVE_STATIC -D__LIBARCHIVE_ENABLE_VISIBILITY -I/project/build/cp310-cp310-linux_x86_64/_deps/libarchive-src/libarchive -I/project/build/cp310-cp310-linux_x86_64/_deps/libarchive-build -I/project/build/cp310-cp310-linux_x86_64/_deps/libarchive-src/libarchive/. -Wall -Wformat -Wformat-security -ffunction-sections -fdata-sections -fvisibility=hidden -O3 -DNDEBUG -Wno-dev -MD -MT _deps/libarchive-build/libarchive/CMakeFiles/archive_static.dir/archive_read_support_format_by_code.c.o -MF _deps/libarchive-build/libarchive/CMakeFiles/archive_static.dir/archive_read_support_format_by_code.c.o.d -o _deps/libarchive-build/libarchive/CMakeFiles/archive_static.dir/archive_read_support_format_by_code.c.o -c /project/build/cp310-cp310-linux_x86_64/_deps/libarchive-src/libarchive/archive_read_support_format_by_code.c
[404/514] /opt/rh/devtoolset-10/root/usr/bin/gcc  -pthread -DHAVE_CONFIG_H -DLIBARCHIVE_STATIC -D__LIBARCHIVE_ENABLE_VISIBILITY -I/project/build/cp310-cp310-linux_x86_64/_deps/libarchive-src/libarchive -I/project/build/cp310-cp310-linux_x86_64/_deps/libarchive-build -I/project/build/cp310-cp310-linux_x86_64/_deps/libarchive-src/libarchive/. -Wall -Wformat -Wformat-security -ffunction-sections -fdata-sections -fvisibility=hidden -O3 -DNDEBUG -Wno-dev -MD -MT _deps/libarchive-build/libarchive/CMakeFiles/archive_static.dir/archive_read_support_filter_uu.c.o -MF _deps/libarchive-build/libarchive/CMakeFiles/archive_static.dir/archive_read_support_filter_uu.c.o.d -o _deps/libarchive-build/libarchive/CMakeFiles/archive_static.dir/archive_read_support_filter_uu.c.o -c /project/build/cp310-cp310-linux_x86_64/_deps/libarchive-src/libarchive/archive_read_support_filter_uu.c
[405/514] /opt/rh/devtoolset-10/root/usr/bin/gcc  -pthread -DHAVE_CONFIG_H -DLIBARCHIVE_STATIC -D__LIBARCHIVE_ENABLE_VISIBILITY -I/project/build/cp310-cp310-linux_x86_64/_deps/libarchive-src/libarchive -I/project/build/cp310-cp310-linux_x86_64/_deps/libarchive-build -I/project/build/cp310-cp310-linux_x86_64/_deps/libarchive-src/libarchive/. -Wall -Wformat -Wformat-security -ffunction-sections -fdata-sections -fvisibility=hidden -O3 -DNDEBUG -Wno-dev -MD -MT _deps/libarchive-build/libarchive/CMakeFiles/archive_static.dir/archive_read_disk_posix.c.o -MF _deps/libarchive-build/libarchive/CMakeFiles/archive_static.dir/archive_read_disk_posix.c.o.d -o _deps/libarchive-build/libarchive/CMakeFiles/archive_static.dir/archive_read_disk_posix.c.o -c /project/build/cp310-cp310-linux_x86_64/_deps/libarchive-src/libarchive/archive_read_disk_posix.c
[406/514] /opt/rh/devtoolset-10/root/usr/bin/gcc  -pthread -DHAVE_CONFIG_H -DLIBARCHIVE_STATIC -D__LIBARCHIVE_ENABLE_VISIBILITY -I/project/build/cp310-cp310-linux_x86_64/_deps/libarchive-src/libarchive -I/project/build/cp310-cp310-linux_x86_64/_deps/libarchive-build -I/project/build/cp310-cp310-linux_x86_64/_deps/libarchive-src/libarchive/. -Wall -Wformat -Wformat-security -ffunction-sections -fdata-sections -fvisibility=hidden -O3 -DNDEBUG -Wno-dev -MD -MT _deps/libarchive-build/libarchive/CMakeFiles/archive_static.dir/archive_read_support_format_empty.c.o -MF _deps/libarchive-build/libarchive/CMakeFiles/archive_static.dir/archive_read_support_format_empty.c.o.d -o _deps/libarchive-build/libarchive/CMakeFiles/archive_static.dir/archive_read_support_format_empty.c.o -c /project/build/cp310-cp310-linux_x86_64/_deps/libarchive-src/libarchive/archive_read_support_format_empty.c
[407/514] /opt/rh/devtoolset-10/root/usr/bin/gcc  -pthread -DHAVE_CONFIG_H -DLIBARCHIVE_STATIC -D__LIBARCHIVE_ENABLE_VISIBILITY -I/project/build/cp310-cp310-linux_x86_64/_deps/libarchive-src/libarchive -I/project/build/cp310-cp310-linux_x86_64/_deps/libarchive-build -I/project/build/cp310-cp310-linux_x86_64/_deps/libarchive-src/libarchive/. -Wall -Wformat -Wformat-security -ffunction-sections -fdata-sections -fvisibility=hidden -O3 -DNDEBUG -Wno-dev -MD -MT _deps/libarchive-build/libarchive/CMakeFiles/archive_static.dir/archive_read_support_format_ar.c.o -MF _deps/libarchive-build/libarchive/CMakeFiles/archive_static.dir/archive_read_support_format_ar.c.o.d -o _deps/libarchive-build/libarchive/CMakeFiles/archive_static.dir/archive_read_support_format_ar.c.o -c /project/build/cp310-cp310-linux_x86_64/_deps/libarchive-src/libarchive/archive_read_support_format_ar.c
[408/514] /opt/rh/devtoolset-10/root/usr/bin/gcc  -pthread -DHAVE_CONFIG_H -DLIBARCHIVE_STATIC -D__LIBARCHIVE_ENABLE_VISIBILITY -I/project/build/cp310-cp310-linux_x86_64/_deps/libarchive-src/libarchive -I/project/build/cp310-cp310-linux_x86_64/_deps/libarchive-build -I/project/build/cp310-cp310-linux_x86_64/_deps/libarchive-src/libarchive/. -Wall -Wformat -Wformat-security -ffunction-sections -fdata-sections -fvisibility=hidden -O3 -DNDEBUG -Wno-dev -MD -MT _deps/libarchive-build/libarchive/CMakeFiles/archive_static.dir/archive_ppmd7.c.o -MF _deps/libarchive-build/libarchive/CMakeFiles/archive_static.dir/archive_ppmd7.c.o.d -o _deps/libarchive-build/libarchive/CMakeFiles/archive_static.dir/archive_ppmd7.c.o -c /project/build/cp310-cp310-linux_x86_64/_deps/libarchive-src/libarchive/archive_ppmd7.c
[409/514] /opt/rh/devtoolset-10/root/usr/bin/gcc  -pthread -DHAVE_CONFIG_H -D__LIBARCHIVE_ENABLE_VISIBILITY -Darchive_EXPORTS -I/project/build/cp310-cp310-linux_x86_64/_deps/libarchive-src/libarchive -I/project/build/cp310-cp310-linux_x86_64/_deps/libarchive-build -I/project/build/cp310-cp310-linux_x86_64/_deps/libarchive-src/libarchive/. -Wall -Wformat -Wformat-security -ffunction-sections -fdata-sections -fvisibility=hidden -O3 -DNDEBUG -fPIC -Wno-dev -MD -MT _deps/libarchive-build/libarchive/CMakeFiles/archive.dir/archive_write_set_format_iso9660.c.o -MF _deps/libarchive-build/libarchive/CMakeFiles/archive.dir/archive_write_set_format_iso9660.c.o.d -o _deps/libarchive-build/libarchive/CMakeFiles/archive.dir/archive_write_set_format_iso9660.c.o -c /project/build/cp310-cp310-linux_x86_64/_deps/libarchive-src/libarchive/archive_write_set_format_iso9660.c
[410/514] /opt/rh/devtoolset-10/root/usr/bin/gcc  -pthread -DHAVE_CONFIG_H -DLIBARCHIVE_STATIC -D__LIBARCHIVE_ENABLE_VISIBILITY -I/project/build/cp310-cp310-linux_x86_64/_deps/libarchive-src/libarchive -I/project/build/cp310-cp310-linux_x86_64/_deps/libarchive-build -I/project/build/cp310-cp310-linux_x86_64/_deps/libarchive-src/libarchive/. -Wall -Wformat -Wformat-security -ffunction-sections -fdata-sections -fvisibility=hidden -O3 -DNDEBUG -Wno-dev -MD -MT _deps/libarchive-build/libarchive/CMakeFiles/archive_static.dir/archive_read_support_format_raw.c.o -MF _deps/libarchive-build/libarchive/CMakeFiles/archive_static.dir/archive_read_support_format_raw.c.o.d -o _deps/libarchive-build/libarchive/CMakeFiles/archive_static.dir/archive_read_support_format_raw.c.o -c /project/build/cp310-cp310-linux_x86_64/_deps/libarchive-src/libarchive/archive_read_support_format_raw.c
[411/514] : && /opt/rh/devtoolset-10/root/usr/bin/gcc  -pthread -fPIC -Wall -Wformat -Wformat-security -ffunction-sections -fdata-sections -fvisibility=hidden -O3 -DNDEBUG  -Wl,--gc-sections -shared -Wl,-soname,libarchive.so.13 -o _deps/libarchive-build/libarchive/libarchive.so.13.7.6 _deps/libarchive-build/libarchive/CMakeFiles/archive.dir/archive_acl.c.o _deps/libarchive-build/libarchive/CMakeFiles/archive.dir/archive_check_magic.c.o _deps/libarchive-build/libarchive/CMakeFiles/archive.dir/archive_cmdline.c.o _deps/libarchive-build/libarchive/CMakeFiles/archive.dir/archive_cryptor.c.o _deps/libarchive-build/libarchive/CMakeFiles/archive.dir/archive_digest.c.o _deps/libarchive-build/libarchive/CMakeFiles/archive.dir/archive_entry.c.o _deps/libarchive-build/libarchive/CMakeFiles/archive.dir/archive_entry_copy_stat.c.o _deps/libarchive-build/libarchive/CMakeFiles/archive.dir/archive_entry_link_resolver.c.o _deps/libarchive-build/libarchive/CMakeFiles/archive.dir/archive_entry_sparse.c.o _deps/libarchive-build/libarchive/CMakeFiles/archive.dir/archive_entry_stat.c.o _deps/libarchive-build/libarchive/CMakeFiles/archive.dir/archive_entry_strmode.c.o _deps/libarchive-build/libarchive/CMakeFiles/archive.dir/archive_entry_xattr.c.o _deps/libarchive-build/libarchive/CMakeFiles/archive.dir/archive_getdate.c.o _deps/libarchive-build/libarchive/CMakeFiles/archive.dir/archive_hmac.c.o _deps/libarchive-build/libarchive/CMakeFiles/archive.dir/archive_match.c.o _deps/libarchive-build/libarchive/CMakeFiles/archive.dir/archive_options.c.o _deps/libarchive-build/libarchive/CMakeFiles/archive.dir/archive_pack_dev.c.o _deps/libarchive-build/libarchive/CMakeFiles/archive.dir/archive_pathmatch.c.o _deps/libarchive-build/libarchive/CMakeFiles/archive.dir/archive_ppmd8.c.o _deps/libarchive-build/libarchive/CMakeFiles/archive.dir/archive_ppmd7.c.o _deps/libarchive-build/libarchive/CMakeFiles/archive.dir/archive_random.c.o _deps/libarchive-build/libarchive/CMakeFiles/archive.dir/archive_rb.c.o _deps/libarchive-build/libarchive/CMakeFiles/archive.dir/archive_read.c.o _deps/libarchive-build/libarchive/CMakeFiles/archive.dir/archive_read_add_passphrase.c.o _deps/libarchive-build/libarchive/CMakeFiles/archive.dir/archive_read_append_filter.c.o _deps/libarchive-build/libarchive/CMakeFiles/archive.dir/archive_read_data_into_fd.c.o _deps/libarchive-build/libarchive/CMakeFiles/archive.dir/archive_read_disk_entry_from_file.c.o _deps/libarchive-build/libarchive/CMakeFiles/archive.dir/archive_read_disk_posix.c.o _deps/libarchive-build/libarchive/CMakeFiles/archive.dir/archive_read_disk_set_standard_lookup.c.o _deps/libarchive-build/libarchive/CMakeFiles/archive.dir/archive_read_extract.c.o _deps/libarchive-build/libarchive/CMakeFiles/archive.dir/archive_read_extract2.c.o _deps/libarchive-build/libarchive/CMakeFiles/archive.dir/archive_read_open_fd.c.o _deps/libarchive-build/libarchive/CMakeFiles/archive.dir/archive_read_open_file.c.o _deps/libarchive-build/libarchive/CMakeFiles/archive.dir/archive_read_open_filename.c.o _deps/libarchive-build/libarchive/CMakeFiles/archive.dir/archive_read_open_memory.c.o _deps/libarchive-build/libarchive/CMakeFiles/archive.dir/archive_read_set_format.c.o _deps/libarchive-build/libarchive/CMakeFiles/archive.dir/archive_read_set_options.c.o _deps/libarchive-build/libarchive/CMakeFiles/archive.dir/archive_read_support_filter_all.c.o _deps/libarchive-build/libarchive/CMakeFiles/archive.dir/archive_read_support_filter_by_code.c.o _deps/libarchive-build/libarchive/CMakeFiles/archive.dir/archive_read_support_filter_bzip2.c.o _deps/libarchive-build/libarchive/CMakeFiles/archive.dir/archive_read_support_filter_compress.c.o _deps/libarchive-build/libarchive/CMakeFiles/archive.dir/archive_read_support_filter_gzip.c.o _deps/libarchive-build/libarchive/CMakeFiles/archive.dir/archive_read_support_filter_grzip.c.o _deps/libarchive-build/libarchive/CMakeFiles/archive.dir/archive_read_support_filter_lrzip.c.o _deps/libarchive-build/libarchive/CMakeFiles/archive.dir/archive_read_support_filter_lz4.c.o _deps/libarchive-build/libarchive/CMakeFiles/archive.dir/archive_read_support_filter_lzop.c.o _deps/libarchive-build/libarchive/CMakeFiles/archive.dir/archive_read_support_filter_none.c.o _deps/libarchive-build/libarchive/CMakeFiles/archive.dir/archive_read_support_filter_program.c.o _deps/libarchive-build/libarchive/CMakeFiles/archive.dir/archive_read_support_filter_rpm.c.o _deps/libarchive-build/libarchive/CMakeFiles/archive.dir/archive_read_support_filter_uu.c.o _deps/libarchive-build/libarchive/CMakeFiles/archive.dir/archive_read_support_filter_xz.c.o _deps/libarchive-build/libarchive/CMakeFiles/archive.dir/archive_read_support_filter_zstd.c.o _deps/libarchive-build/libarchive/CMakeFiles/archive.dir/archive_read_support_format_7zip.c.o _deps/libarchive-build/libarchive/CMakeFiles/archive.dir/archive_read_support_format_all.c.o _deps/libarchive-build/libarchive/CMakeFiles/archive.dir/archive_read_support_format_ar.c.o _deps/libarchive-build/libarchive/CMakeFiles/archive.dir/archive_read_support_format_by_code.c.o _deps/libarchive-build/libarchive/CMakeFiles/archive.dir/archive_read_support_format_cab.c.o _deps/libarchive-build/libarchive/CMakeFiles/archive.dir/archive_read_support_format_cpio.c.o _deps/libarchive-build/libarchive/CMakeFiles/archive.dir/archive_read_support_format_empty.c.o _deps/libarchive-build/libarchive/CMakeFiles/archive.dir/archive_read_support_format_iso9660.c.o _deps/libarchive-build/libarchive/CMakeFiles/archive.dir/archive_read_support_format_lha.c.o _deps/libarchive-build/libarchive/CMakeFiles/archive.dir/archive_read_support_format_mtree.c.o _deps/libarchive-build/libarchive/CMakeFiles/archive.dir/archive_read_support_format_rar.c.o _deps/libarchive-build/libarchive/CMakeFiles/archive.dir/archive_read_support_format_rar5.c.o _deps/libarchive-build/libarchive/CMakeFiles/archive.dir/archive_read_support_format_raw.c.o _deps/libarchive-build/libarchive/CMakeFiles/archive.dir/archive_read_support_format_tar.c.o _deps/libarchive-build/libarchive/CMakeFiles/archive.dir/archive_read_support_format_warc.c.o _deps/libarchive-build/libarchive/CMakeFiles/archive.dir/archive_read_support_format_xar.c.o _deps/libarchive-build/libarchive/CMakeFiles/archive.dir/archive_read_support_format_zip.c.o _deps/libarchive-build/libarchive/CMakeFiles/archive.dir/archive_string.c.o _deps/libarchive-build/libarchive/CMakeFiles/archive.dir/archive_string_sprintf.c.o _deps/libarchive-build/libarchive/CMakeFiles/archive.dir/archive_util.c.o _deps/libarchive-build/libarchive/CMakeFiles/archive.dir/archive_version_details.c.o _deps/libarchive-build/libarchive/CMakeFiles/archive.dir/archive_virtual.c.o _deps/libarchive-build/libarchive/CMakeFiles/archive.dir/archive_write.c.o _deps/libarchive-build/libarchive/CMakeFiles/archive.dir/archive_write_disk_posix.c.o _deps/libarchive-build/libarchive/CMakeFiles/archive.dir/archive_write_disk_set_standard_lookup.c.o _deps/libarchive-build/libarchive/CMakeFiles/archive.dir/archive_write_open_fd.c.o _deps/libarchive-build/libarchive/CMakeFiles/archive.dir/archive_write_open_file.c.o _deps/libarchive-build/libarchive/CMakeFiles/archive.dir/archive_write_open_filename.c.o _deps/libarchive-build/libarchive/CMakeFiles/archive.dir/archive_write_open_memory.c.o _deps/libarchive-build/libarchive/CMakeFiles/archive.dir/archive_write_add_filter.c.o _deps/libarchive-build/libarchive/CMakeFiles/archive.dir/archive_write_add_filter_b64encode.c.o _deps/libarchive-build/libarchive/CMakeFiles/archive.dir/archive_write_add_filter_by_name.c.o _deps/libarchive-build/libarchive/CMakeFiles/archive.dir/archive_write_add_filter_bzip2.c.o _deps/libarchive-build/libarchive/CMakeFiles/archive.dir/archive_write_add_filter_compress.c.o _deps/libarchive-build/libarchive/CMakeFiles/archive.dir/archive_write_add_filter_grzip.c.o _deps/libarchive-build/libarchive/CMakeFiles/archive.dir/archive_write_add_filter_gzip.c.o _deps/libarchive-build/libarchive/CMakeFiles/archive.dir/archive_write_add_filter_lrzip.c.o _deps/libarchive-build/libarchive/CMakeFiles/archive.dir/archive_write_add_filter_lz4.c.o _deps/libarchive-build/libarchive/CMakeFiles/archive.dir/archive_write_add_filter_lzop.c.o _deps/libarchive-build/libarchive/CMakeFiles/archive.dir/archive_write_add_filter_none.c.o _deps/libarchive-build/libarchive/CMakeFiles/archive.dir/archive_write_add_filter_program.c.o _deps/libarchive-build/libarchive/CMakeFiles/archive.dir/archive_write_add_filter_uuencode.c.o _deps/libarchive-build/libarchive/CMakeFiles/archive.dir/archive_write_add_filter_xz.c.o _deps/libarchive-build/libarchive/CMakeFiles/archive.dir/archive_write_add_filter_zstd.c.o _deps/libarchive-build/libarchive/CMakeFiles/archive.dir/archive_write_set_format.c.o _deps/libarchive-build/libarchive/CMakeFiles/archive.dir/archive_write_set_format_7zip.c.o _deps/libarchive-build/libarchive/CMakeFiles/archive.dir/archive_write_set_format_ar.c.o _deps/libarchive-build/libarchive/CMakeFiles/archive.dir/archive_write_set_format_by_name.c.o _deps/libarchive-build/libarchive/CMakeFiles/archive.dir/archive_write_set_format_cpio.c.o _deps/libarchive-build/libarchive/CMakeFiles/archive.dir/archive_write_set_format_cpio_binary.c.o _deps/libarchive-build/libarchive/CMakeFiles/archive.dir/archive_write_set_format_cpio_newc.c.o _deps/libarchive-build/libarchive/CMakeFiles/archive.dir/archive_write_set_format_cpio_odc.c.o _deps/libarchive-build/libarchive/CMakeFiles/archive.dir/archive_write_set_format_filter_by_ext.c.o _deps/libarchive-build/libarchive/CMakeFiles/archive.dir/archive_write_set_format_gnutar.c.o _deps/libarchive-build/libarchive/CMakeFiles/archive.dir/archive_write_set_format_iso9660.c.o _deps/libarchive-build/libarchive/CMakeFiles/archive.dir/archive_write_set_format_mtree.c.o _deps/libarchive-build/libarchive/CMakeFiles/archive.dir/archive_write_set_format_pax.c.o _deps/libarchive-build/libarchive/CMakeFiles/archive.dir/archive_write_set_format_raw.c.o _deps/libarchive-build/libarchive/CMakeFiles/archive.dir/archive_write_set_format_shar.c.o _deps/libarchive-build/libarchive/CMakeFiles/archive.dir/archive_write_set_format_ustar.c.o _deps/libarchive-build/libarchive/CMakeFiles/archive.dir/archive_write_set_format_v7tar.c.o _deps/libarchive-build/libarchive/CMakeFiles/archive.dir/archive_write_set_format_warc.c.o _deps/libarchive-build/libarchive/CMakeFiles/archive.dir/archive_write_set_format_xar.c.o _deps/libarchive-build/libarchive/CMakeFiles/archive.dir/archive_write_set_format_zip.c.o _deps/libarchive-build/libarchive/CMakeFiles/archive.dir/archive_write_set_options.c.o _deps/libarchive-build/libarchive/CMakeFiles/archive.dir/archive_write_set_passphrase.c.o _deps/libarchive-build/libarchive/CMakeFiles/archive.dir/filter_fork_posix.c.o _deps/libarchive-build/libarchive/CMakeFiles/archive.dir/xxhash.c.o _deps/libarchive-build/libarchive/CMakeFiles/archive.dir/archive_blake2sp_ref.c.o _deps/libarchive-build/libarchive/CMakeFiles/archive.dir/archive_blake2s_ref.c.o  -lz  -lcrypto  -lexpat  -lssl && :
[412/514] /opt/_internal/pipx/venvs/cmake/lib/python3.12/site-packages/cmake/data/bin/cmake -E cmake_symlink_library _deps/libarchive-build/libarchive/libarchive.so.13.7.6  _deps/libarchive-build/libarchive/libarchive.so.13 _deps/libarchive-build/libarchive/libarchive.so && :
[413/514] /opt/rh/devtoolset-10/root/usr/bin/gcc  -pthread -DHAVE_CONFIG_H -DLIBARCHIVE_STATIC -D__LIBARCHIVE_ENABLE_VISIBILITY -I/project/build/cp310-cp310-linux_x86_64/_deps/libarchive-src/libarchive -I/project/build/cp310-cp310-linux_x86_64/_deps/libarchive-build -I/project/build/cp310-cp310-linux_x86_64/_deps/libarchive-src/libarchive/. -Wall -Wformat -Wformat-security -ffunction-sections -fdata-sections -fvisibility=hidden -O3 -DNDEBUG -Wno-dev -MD -MT _deps/libarchive-build/libarchive/CMakeFiles/archive_static.dir/archive_read_support_format_mtree.c.o -MF _deps/libarchive-build/libarchive/CMakeFiles/archive_static.dir/archive_read_support_format_mtree.c.o.d -o _deps/libarchive-build/libarchive/CMakeFiles/archive_static.dir/archive_read_support_format_mtree.c.o -c /project/build/cp310-cp310-linux_x86_64/_deps/libarchive-src/libarchive/archive_read_support_format_mtree.c
[414/514] /opt/rh/devtoolset-10/root/usr/bin/gcc  -pthread -DHAVE_CONFIG_H -DLIBARCHIVE_STATIC -D__LIBARCHIVE_ENABLE_VISIBILITY -I/project/build/cp310-cp310-linux_x86_64/_deps/libarchive-src/libarchive -I/project/build/cp310-cp310-linux_x86_64/_deps/libarchive-build -I/project/build/cp310-cp310-linux_x86_64/_deps/libarchive-src/libarchive/. -Wall -Wformat -Wformat-security -ffunction-sections -fdata-sections -fvisibility=hidden -O3 -DNDEBUG -Wno-dev -MD -MT _deps/libarchive-build/libarchive/CMakeFiles/archive_static.dir/archive_read_support_format_warc.c.o -MF _deps/libarchive-build/libarchive/CMakeFiles/archive_static.dir/archive_read_support_format_warc.c.o.d -o _deps/libarchive-build/libarchive/CMakeFiles/archive_static.dir/archive_read_support_format_warc.c.o -c /project/build/cp310-cp310-linux_x86_64/_deps/libarchive-src/libarchive/archive_read_support_format_warc.c
[415/514] /opt/rh/devtoolset-10/root/usr/bin/gcc  -pthread -DHAVE_CONFIG_H -DLIBARCHIVE_STATIC -D__LIBARCHIVE_ENABLE_VISIBILITY -I/project/build/cp310-cp310-linux_x86_64/_deps/libarchive-src/libarchive -I/project/build/cp310-cp310-linux_x86_64/_deps/libarchive-build -I/project/build/cp310-cp310-linux_x86_64/_deps/libarchive-src/libarchive/. -Wall -Wformat -Wformat-security -ffunction-sections -fdata-sections -fvisibility=hidden -O3 -DNDEBUG -Wno-dev -MD -MT _deps/libarchive-build/libarchive/CMakeFiles/archive_static.dir/archive_read_support_format_lha.c.o -MF _deps/libarchive-build/libarchive/CMakeFiles/archive_static.dir/archive_read_support_format_lha.c.o.d -o _deps/libarchive-build/libarchive/CMakeFiles/archive_static.dir/archive_read_support_format_lha.c.o -c /project/build/cp310-cp310-linux_x86_64/_deps/libarchive-src/libarchive/archive_read_support_format_lha.c
[416/514] /opt/rh/devtoolset-10/root/usr/bin/gcc  -pthread -DHAVE_CONFIG_H -DLIBARCHIVE_STATIC -D__LIBARCHIVE_ENABLE_VISIBILITY -I/project/build/cp310-cp310-linux_x86_64/_deps/libarchive-src/libarchive -I/project/build/cp310-cp310-linux_x86_64/_deps/libarchive-build -I/project/build/cp310-cp310-linux_x86_64/_deps/libarchive-src/libarchive/. -Wall -Wformat -Wformat-security -ffunction-sections -fdata-sections -fvisibility=hidden -O3 -DNDEBUG -Wno-dev -MD -MT _deps/libarchive-build/libarchive/CMakeFiles/archive_static.dir/archive_read_support_format_cab.c.o -MF _deps/libarchive-build/libarchive/CMakeFiles/archive_static.dir/archive_read_support_format_cab.c.o.d -o _deps/libarchive-build/libarchive/CMakeFiles/archive_static.dir/archive_read_support_format_cab.c.o -c /project/build/cp310-cp310-linux_x86_64/_deps/libarchive-src/libarchive/archive_read_support_format_cab.c
[417/514] /opt/rh/devtoolset-10/root/usr/bin/gcc  -pthread -DHAVE_CONFIG_H -DLIBARCHIVE_STATIC -D__LIBARCHIVE_ENABLE_VISIBILITY -I/project/build/cp310-cp310-linux_x86_64/_deps/libarchive-src/libarchive -I/project/build/cp310-cp310-linux_x86_64/_deps/libarchive-build -I/project/build/cp310-cp310-linux_x86_64/_deps/libarchive-src/libarchive/. -Wall -Wformat -Wformat-security -ffunction-sections -fdata-sections -fvisibility=hidden -O3 -DNDEBUG -Wno-dev -MD -MT _deps/libarchive-build/libarchive/CMakeFiles/archive_static.dir/archive_read_support_format_iso9660.c.o -MF _deps/libarchive-build/libarchive/CMakeFiles/archive_static.dir/archive_read_support_format_iso9660.c.o.d -o _deps/libarchive-build/libarchive/CMakeFiles/archive_static.dir/archive_read_support_format_iso9660.c.o -c /project/build/cp310-cp310-linux_x86_64/_deps/libarchive-src/libarchive/archive_read_support_format_iso9660.c
[418/514] /opt/rh/devtoolset-10/root/usr/bin/gcc  -pthread -DHAVE_CONFIG_H -DLIBARCHIVE_STATIC -D__LIBARCHIVE_ENABLE_VISIBILITY -I/project/build/cp310-cp310-linux_x86_64/_deps/libarchive-src/libarchive -I/project/build/cp310-cp310-linux_x86_64/_deps/libarchive-build -I/project/build/cp310-cp310-linux_x86_64/_deps/libarchive-src/libarchive/. -Wall -Wformat -Wformat-security -ffunction-sections -fdata-sections -fvisibility=hidden -O3 -DNDEBUG -Wno-dev -MD -MT _deps/libarchive-build/libarchive/CMakeFiles/archive_static.dir/archive_read_support_format_7zip.c.o -MF _deps/libarchive-build/libarchive/CMakeFiles/archive_static.dir/archive_read_support_format_7zip.c.o.d -o _deps/libarchive-build/libarchive/CMakeFiles/archive_static.dir/archive_read_support_format_7zip.c.o -c /project/build/cp310-cp310-linux_x86_64/_deps/libarchive-src/libarchive/archive_read_support_format_7zip.c
[419/514] /opt/rh/devtoolset-10/root/usr/bin/gcc  -pthread -DHAVE_CONFIG_H -DLIBARCHIVE_STATIC -D__LIBARCHIVE_ENABLE_VISIBILITY -I/project/build/cp310-cp310-linux_x86_64/_deps/libarchive-src/libarchive -I/project/build/cp310-cp310-linux_x86_64/_deps/libarchive-build -I/project/build/cp310-cp310-linux_x86_64/_deps/libarchive-src/libarchive/. -Wall -Wformat -Wformat-security -ffunction-sections -fdata-sections -fvisibility=hidden -O3 -DNDEBUG -Wno-dev -MD -MT _deps/libarchive-build/libarchive/CMakeFiles/archive_static.dir/archive_read_support_format_cpio.c.o -MF _deps/libarchive-build/libarchive/CMakeFiles/archive_static.dir/archive_read_support_format_cpio.c.o.d -o _deps/libarchive-build/libarchive/CMakeFiles/archive_static.dir/archive_read_support_format_cpio.c.o -c /project/build/cp310-cp310-linux_x86_64/_deps/libarchive-src/libarchive/archive_read_support_format_cpio.c
[420/514] /opt/rh/devtoolset-10/root/usr/bin/gcc  -pthread -DHAVE_CONFIG_H -DLIBARCHIVE_STATIC -D__LIBARCHIVE_ENABLE_VISIBILITY -I/project/build/cp310-cp310-linux_x86_64/_deps/libarchive-src/libarchive -I/project/build/cp310-cp310-linux_x86_64/_deps/libarchive-build -I/project/build/cp310-cp310-linux_x86_64/_deps/libarchive-src/libarchive/. -Wall -Wformat -Wformat-security -ffunction-sections -fdata-sections -fvisibility=hidden -O3 -DNDEBUG -Wno-dev -MD -MT _deps/libarchive-build/libarchive/CMakeFiles/archive_static.dir/archive_version_details.c.o -MF _deps/libarchive-build/libarchive/CMakeFiles/archive_static.dir/archive_version_details.c.o.d -o _deps/libarchive-build/libarchive/CMakeFiles/archive_static.dir/archive_version_details.c.o -c /project/build/cp310-cp310-linux_x86_64/_deps/libarchive-src/libarchive/archive_version_details.c
[421/514] /opt/rh/devtoolset-10/root/usr/bin/gcc  -pthread -DHAVE_CONFIG_H -DLIBARCHIVE_STATIC -D__LIBARCHIVE_ENABLE_VISIBILITY -I/project/build/cp310-cp310-linux_x86_64/_deps/libarchive-src/libarchive -I/project/build/cp310-cp310-linux_x86_64/_deps/libarchive-build -I/project/build/cp310-cp310-linux_x86_64/_deps/libarchive-src/libarchive/. -Wall -Wformat -Wformat-security -ffunction-sections -fdata-sections -fvisibility=hidden -O3 -DNDEBUG -Wno-dev -MD -MT _deps/libarchive-build/libarchive/CMakeFiles/archive_static.dir/archive_string_sprintf.c.o -MF _deps/libarchive-build/libarchive/CMakeFiles/archive_static.dir/archive_string_sprintf.c.o.d -o _deps/libarchive-build/libarchive/CMakeFiles/archive_static.dir/archive_string_sprintf.c.o -c /project/build/cp310-cp310-linux_x86_64/_deps/libarchive-src/libarchive/archive_string_sprintf.c
[422/514] /opt/rh/devtoolset-10/root/usr/bin/gcc  -pthread -DHAVE_CONFIG_H -DLIBARCHIVE_STATIC -D__LIBARCHIVE_ENABLE_VISIBILITY -I/project/build/cp310-cp310-linux_x86_64/_deps/libarchive-src/libarchive -I/project/build/cp310-cp310-linux_x86_64/_deps/libarchive-build -I/project/build/cp310-cp310-linux_x86_64/_deps/libarchive-src/libarchive/. -Wall -Wformat -Wformat-security -ffunction-sections -fdata-sections -fvisibility=hidden -O3 -DNDEBUG -Wno-dev -MD -MT _deps/libarchive-build/libarchive/CMakeFiles/archive_static.dir/archive_util.c.o -MF _deps/libarchive-build/libarchive/CMakeFiles/archive_static.dir/archive_util.c.o.d -o _deps/libarchive-build/libarchive/CMakeFiles/archive_static.dir/archive_util.c.o -c /project/build/cp310-cp310-linux_x86_64/_deps/libarchive-src/libarchive/archive_util.c
[423/514] /opt/rh/devtoolset-10/root/usr/bin/gcc  -pthread -DHAVE_CONFIG_H -DLIBARCHIVE_STATIC -D__LIBARCHIVE_ENABLE_VISIBILITY -I/project/build/cp310-cp310-linux_x86_64/_deps/libarchive-src/libarchive -I/project/build/cp310-cp310-linux_x86_64/_deps/libarchive-build -I/project/build/cp310-cp310-linux_x86_64/_deps/libarchive-src/libarchive/. -Wall -Wformat -Wformat-security -ffunction-sections -fdata-sections -fvisibility=hidden -O3 -DNDEBUG -Wno-dev -MD -MT _deps/libarchive-build/libarchive/CMakeFiles/archive_static.dir/archive_virtual.c.o -MF _deps/libarchive-build/libarchive/CMakeFiles/archive_static.dir/archive_virtual.c.o.d -o _deps/libarchive-build/libarchive/CMakeFiles/archive_static.dir/archive_virtual.c.o -c /project/build/cp310-cp310-linux_x86_64/_deps/libarchive-src/libarchive/archive_virtual.c
[424/514] /opt/rh/devtoolset-10/root/usr/bin/gcc  -pthread -DHAVE_CONFIG_H -DLIBARCHIVE_STATIC -D__LIBARCHIVE_ENABLE_VISIBILITY -I/project/build/cp310-cp310-linux_x86_64/_deps/libarchive-src/libarchive -I/project/build/cp310-cp310-linux_x86_64/_deps/libarchive-build -I/project/build/cp310-cp310-linux_x86_64/_deps/libarchive-src/libarchive/. -Wall -Wformat -Wformat-security -ffunction-sections -fdata-sections -fvisibility=hidden -O3 -DNDEBUG -Wno-dev -MD -MT _deps/libarchive-build/libarchive/CMakeFiles/archive_static.dir/archive_write_disk_set_standard_lookup.c.o -MF _deps/libarchive-build/libarchive/CMakeFiles/archive_static.dir/archive_write_disk_set_standard_lookup.c.o.d -o _deps/libarchive-build/libarchive/CMakeFiles/archive_static.dir/archive_write_disk_set_standard_lookup.c.o -c /project/build/cp310-cp310-linux_x86_64/_deps/libarchive-src/libarchive/archive_write_disk_set_standard_lookup.c
[425/514] /opt/rh/devtoolset-10/root/usr/bin/gcc  -pthread -DHAVE_CONFIG_H -DLIBARCHIVE_STATIC -D__LIBARCHIVE_ENABLE_VISIBILITY -I/project/build/cp310-cp310-linux_x86_64/_deps/libarchive-src/libarchive -I/project/build/cp310-cp310-linux_x86_64/_deps/libarchive-build -I/project/build/cp310-cp310-linux_x86_64/_deps/libarchive-src/libarchive/. -Wall -Wformat -Wformat-security -ffunction-sections -fdata-sections -fvisibility=hidden -O3 -DNDEBUG -Wno-dev -MD -MT _deps/libarchive-build/libarchive/CMakeFiles/archive_static.dir/archive_write_open_fd.c.o -MF _deps/libarchive-build/libarchive/CMakeFiles/archive_static.dir/archive_write_open_fd.c.o.d -o _deps/libarchive-build/libarchive/CMakeFiles/archive_static.dir/archive_write_open_fd.c.o -c /project/build/cp310-cp310-linux_x86_64/_deps/libarchive-src/libarchive/archive_write_open_fd.c
[426/514] /opt/rh/devtoolset-10/root/usr/bin/gcc  -pthread -DHAVE_CONFIG_H -DLIBARCHIVE_STATIC -D__LIBARCHIVE_ENABLE_VISIBILITY -I/project/build/cp310-cp310-linux_x86_64/_deps/libarchive-src/libarchive -I/project/build/cp310-cp310-linux_x86_64/_deps/libarchive-build -I/project/build/cp310-cp310-linux_x86_64/_deps/libarchive-src/libarchive/. -Wall -Wformat -Wformat-security -ffunction-sections -fdata-sections -fvisibility=hidden -O3 -DNDEBUG -Wno-dev -MD -MT _deps/libarchive-build/libarchive/CMakeFiles/archive_static.dir/archive_write.c.o -MF _deps/libarchive-build/libarchive/CMakeFiles/archive_static.dir/archive_write.c.o.d -o _deps/libarchive-build/libarchive/CMakeFiles/archive_static.dir/archive_write.c.o -c /project/build/cp310-cp310-linux_x86_64/_deps/libarchive-src/libarchive/archive_write.c
[427/514] /opt/rh/devtoolset-10/root/usr/bin/gcc  -pthread -DHAVE_CONFIG_H -DLIBARCHIVE_STATIC -D__LIBARCHIVE_ENABLE_VISIBILITY -I/project/build/cp310-cp310-linux_x86_64/_deps/libarchive-src/libarchive -I/project/build/cp310-cp310-linux_x86_64/_deps/libarchive-build -I/project/build/cp310-cp310-linux_x86_64/_deps/libarchive-src/libarchive/. -Wall -Wformat -Wformat-security -ffunction-sections -fdata-sections -fvisibility=hidden -O3 -DNDEBUG -Wno-dev -MD -MT _deps/libarchive-build/libarchive/CMakeFiles/archive_static.dir/archive_write_open_file.c.o -MF _deps/libarchive-build/libarchive/CMakeFiles/archive_static.dir/archive_write_open_file.c.o.d -o _deps/libarchive-build/libarchive/CMakeFiles/archive_static.dir/archive_write_open_file.c.o -c /project/build/cp310-cp310-linux_x86_64/_deps/libarchive-src/libarchive/archive_write_open_file.c
[428/514] /opt/rh/devtoolset-10/root/usr/bin/gcc  -pthread -DHAVE_CONFIG_H -DLIBARCHIVE_STATIC -D__LIBARCHIVE_ENABLE_VISIBILITY -I/project/build/cp310-cp310-linux_x86_64/_deps/libarchive-src/libarchive -I/project/build/cp310-cp310-linux_x86_64/_deps/libarchive-build -I/project/build/cp310-cp310-linux_x86_64/_deps/libarchive-src/libarchive/. -Wall -Wformat -Wformat-security -ffunction-sections -fdata-sections -fvisibility=hidden -O3 -DNDEBUG -Wno-dev -MD -MT _deps/libarchive-build/libarchive/CMakeFiles/archive_static.dir/archive_read_support_format_tar.c.o -MF _deps/libarchive-build/libarchive/CMakeFiles/archive_static.dir/archive_read_support_format_tar.c.o.d -o _deps/libarchive-build/libarchive/CMakeFiles/archive_static.dir/archive_read_support_format_tar.c.o -c /project/build/cp310-cp310-linux_x86_64/_deps/libarchive-src/libarchive/archive_read_support_format_tar.c
[429/514] /opt/rh/devtoolset-10/root/usr/bin/gcc  -pthread -DHAVE_CONFIG_H -DLIBARCHIVE_STATIC -D__LIBARCHIVE_ENABLE_VISIBILITY -I/project/build/cp310-cp310-linux_x86_64/_deps/libarchive-src/libarchive -I/project/build/cp310-cp310-linux_x86_64/_deps/libarchive-build -I/project/build/cp310-cp310-linux_x86_64/_deps/libarchive-src/libarchive/. -Wall -Wformat -Wformat-security -ffunction-sections -fdata-sections -fvisibility=hidden -O3 -DNDEBUG -Wno-dev -MD -MT _deps/libarchive-build/libarchive/CMakeFiles/archive_static.dir/archive_read_support_format_rar.c.o -MF _deps/libarchive-build/libarchive/CMakeFiles/archive_static.dir/archive_read_support_format_rar.c.o.d -o _deps/libarchive-build/libarchive/CMakeFiles/archive_static.dir/archive_read_support_format_rar.c.o -c /project/build/cp310-cp310-linux_x86_64/_deps/libarchive-src/libarchive/archive_read_support_format_rar.c
[430/514] /opt/rh/devtoolset-10/root/usr/bin/gcc  -pthread -DHAVE_CONFIG_H -DLIBARCHIVE_STATIC -D__LIBARCHIVE_ENABLE_VISIBILITY -I/project/build/cp310-cp310-linux_x86_64/_deps/libarchive-src/libarchive -I/project/build/cp310-cp310-linux_x86_64/_deps/libarchive-build -I/project/build/cp310-cp310-linux_x86_64/_deps/libarchive-src/libarchive/. -Wall -Wformat -Wformat-security -ffunction-sections -fdata-sections -fvisibility=hidden -O3 -DNDEBUG -Wno-dev -MD -MT _deps/libarchive-build/libarchive/CMakeFiles/archive_static.dir/archive_write_open_memory.c.o -MF _deps/libarchive-build/libarchive/CMakeFiles/archive_static.dir/archive_write_open_memory.c.o.d -o _deps/libarchive-build/libarchive/CMakeFiles/archive_static.dir/archive_write_open_memory.c.o -c /project/build/cp310-cp310-linux_x86_64/_deps/libarchive-src/libarchive/archive_write_open_memory.c
[431/514] /opt/rh/devtoolset-10/root/usr/bin/gcc  -pthread -DHAVE_CONFIG_H -DLIBARCHIVE_STATIC -D__LIBARCHIVE_ENABLE_VISIBILITY -I/project/build/cp310-cp310-linux_x86_64/_deps/libarchive-src/libarchive -I/project/build/cp310-cp310-linux_x86_64/_deps/libarchive-build -I/project/build/cp310-cp310-linux_x86_64/_deps/libarchive-src/libarchive/. -Wall -Wformat -Wformat-security -ffunction-sections -fdata-sections -fvisibility=hidden -O3 -DNDEBUG -Wno-dev -MD -MT _deps/libarchive-build/libarchive/CMakeFiles/archive_static.dir/archive_write_open_filename.c.o -MF _deps/libarchive-build/libarchive/CMakeFiles/archive_static.dir/archive_write_open_filename.c.o.d -o _deps/libarchive-build/libarchive/CMakeFiles/archive_static.dir/archive_write_open_filename.c.o -c /project/build/cp310-cp310-linux_x86_64/_deps/libarchive-src/libarchive/archive_write_open_filename.c
[432/514] /opt/rh/devtoolset-10/root/usr/bin/gcc  -pthread -DHAVE_CONFIG_H -DLIBARCHIVE_STATIC -D__LIBARCHIVE_ENABLE_VISIBILITY -I/project/build/cp310-cp310-linux_x86_64/_deps/libarchive-src/libarchive -I/project/build/cp310-cp310-linux_x86_64/_deps/libarchive-build -I/project/build/cp310-cp310-linux_x86_64/_deps/libarchive-src/libarchive/. -Wall -Wformat -Wformat-security -ffunction-sections -fdata-sections -fvisibility=hidden -O3 -DNDEBUG -Wno-dev -MD -MT _deps/libarchive-build/libarchive/CMakeFiles/archive_static.dir/archive_write_add_filter.c.o -MF _deps/libarchive-build/libarchive/CMakeFiles/archive_static.dir/archive_write_add_filter.c.o.d -o _deps/libarchive-build/libarchive/CMakeFiles/archive_static.dir/archive_write_add_filter.c.o -c /project/build/cp310-cp310-linux_x86_64/_deps/libarchive-src/libarchive/archive_write_add_filter.c
[433/514] /opt/rh/devtoolset-10/root/usr/bin/gcc  -pthread -DHAVE_CONFIG_H -DLIBARCHIVE_STATIC -D__LIBARCHIVE_ENABLE_VISIBILITY -I/project/build/cp310-cp310-linux_x86_64/_deps/libarchive-src/libarchive -I/project/build/cp310-cp310-linux_x86_64/_deps/libarchive-build -I/project/build/cp310-cp310-linux_x86_64/_deps/libarchive-src/libarchive/. -Wall -Wformat -Wformat-security -ffunction-sections -fdata-sections -fvisibility=hidden -O3 -DNDEBUG -Wno-dev -MD -MT _deps/libarchive-build/libarchive/CMakeFiles/archive_static.dir/archive_write_add_filter_by_name.c.o -MF _deps/libarchive-build/libarchive/CMakeFiles/archive_static.dir/archive_write_add_filter_by_name.c.o.d -o _deps/libarchive-build/libarchive/CMakeFiles/archive_static.dir/archive_write_add_filter_by_name.c.o -c /project/build/cp310-cp310-linux_x86_64/_deps/libarchive-src/libarchive/archive_write_add_filter_by_name.c
[434/514] /opt/rh/devtoolset-10/root/usr/bin/gcc  -pthread -DHAVE_CONFIG_H -DLIBARCHIVE_STATIC -D__LIBARCHIVE_ENABLE_VISIBILITY -I/project/build/cp310-cp310-linux_x86_64/_deps/libarchive-src/libarchive -I/project/build/cp310-cp310-linux_x86_64/_deps/libarchive-build -I/project/build/cp310-cp310-linux_x86_64/_deps/libarchive-src/libarchive/. -Wall -Wformat -Wformat-security -ffunction-sections -fdata-sections -fvisibility=hidden -O3 -DNDEBUG -Wno-dev -MD -MT _deps/libarchive-build/libarchive/CMakeFiles/archive_static.dir/archive_write_add_filter_bzip2.c.o -MF _deps/libarchive-build/libarchive/CMakeFiles/archive_static.dir/archive_write_add_filter_bzip2.c.o.d -o _deps/libarchive-build/libarchive/CMakeFiles/archive_static.dir/archive_write_add_filter_bzip2.c.o -c /project/build/cp310-cp310-linux_x86_64/_deps/libarchive-src/libarchive/archive_write_add_filter_bzip2.c
[435/514] /opt/rh/devtoolset-10/root/usr/bin/gcc  -pthread -DHAVE_CONFIG_H -DLIBARCHIVE_STATIC -D__LIBARCHIVE_ENABLE_VISIBILITY -I/project/build/cp310-cp310-linux_x86_64/_deps/libarchive-src/libarchive -I/project/build/cp310-cp310-linux_x86_64/_deps/libarchive-build -I/project/build/cp310-cp310-linux_x86_64/_deps/libarchive-src/libarchive/. -Wall -Wformat -Wformat-security -ffunction-sections -fdata-sections -fvisibility=hidden -O3 -DNDEBUG -Wno-dev -MD -MT _deps/libarchive-build/libarchive/CMakeFiles/archive_static.dir/archive_write_add_filter_b64encode.c.o -MF _deps/libarchive-build/libarchive/CMakeFiles/archive_static.dir/archive_write_add_filter_b64encode.c.o.d -o _deps/libarchive-build/libarchive/CMakeFiles/archive_static.dir/archive_write_add_filter_b64encode.c.o -c /project/build/cp310-cp310-linux_x86_64/_deps/libarchive-src/libarchive/archive_write_add_filter_b64encode.c
[436/514] /opt/rh/devtoolset-10/root/usr/bin/gcc  -pthread -DHAVE_CONFIG_H -DLIBARCHIVE_STATIC -D__LIBARCHIVE_ENABLE_VISIBILITY -I/project/build/cp310-cp310-linux_x86_64/_deps/libarchive-src/libarchive -I/project/build/cp310-cp310-linux_x86_64/_deps/libarchive-build -I/project/build/cp310-cp310-linux_x86_64/_deps/libarchive-src/libarchive/. -Wall -Wformat -Wformat-security -ffunction-sections -fdata-sections -fvisibility=hidden -O3 -DNDEBUG -Wno-dev -MD -MT _deps/libarchive-build/libarchive/CMakeFiles/archive_static.dir/archive_write_add_filter_grzip.c.o -MF _deps/libarchive-build/libarchive/CMakeFiles/archive_static.dir/archive_write_add_filter_grzip.c.o.d -o _deps/libarchive-build/libarchive/CMakeFiles/archive_static.dir/archive_write_add_filter_grzip.c.o -c /project/build/cp310-cp310-linux_x86_64/_deps/libarchive-src/libarchive/archive_write_add_filter_grzip.c
[437/514] /opt/rh/devtoolset-10/root/usr/bin/gcc  -pthread -DHAVE_CONFIG_H -DLIBARCHIVE_STATIC -D__LIBARCHIVE_ENABLE_VISIBILITY -I/project/build/cp310-cp310-linux_x86_64/_deps/libarchive-src/libarchive -I/project/build/cp310-cp310-linux_x86_64/_deps/libarchive-build -I/project/build/cp310-cp310-linux_x86_64/_deps/libarchive-src/libarchive/. -Wall -Wformat -Wformat-security -ffunction-sections -fdata-sections -fvisibility=hidden -O3 -DNDEBUG -Wno-dev -MD -MT _deps/libarchive-build/libarchive/CMakeFiles/archive_static.dir/archive_write_add_filter_compress.c.o -MF _deps/libarchive-build/libarchive/CMakeFiles/archive_static.dir/archive_write_add_filter_compress.c.o.d -o _deps/libarchive-build/libarchive/CMakeFiles/archive_static.dir/archive_write_add_filter_compress.c.o -c /project/build/cp310-cp310-linux_x86_64/_deps/libarchive-src/libarchive/archive_write_add_filter_compress.c
[438/514] /opt/rh/devtoolset-10/root/usr/bin/gcc  -pthread -DHAVE_CONFIG_H -DLIBARCHIVE_STATIC -D__LIBARCHIVE_ENABLE_VISIBILITY -I/project/build/cp310-cp310-linux_x86_64/_deps/libarchive-src/libarchive -I/project/build/cp310-cp310-linux_x86_64/_deps/libarchive-build -I/project/build/cp310-cp310-linux_x86_64/_deps/libarchive-src/libarchive/. -Wall -Wformat -Wformat-security -ffunction-sections -fdata-sections -fvisibility=hidden -O3 -DNDEBUG -Wno-dev -MD -MT _deps/libarchive-build/libarchive/CMakeFiles/archive_static.dir/archive_write_add_filter_gzip.c.o -MF _deps/libarchive-build/libarchive/CMakeFiles/archive_static.dir/archive_write_add_filter_gzip.c.o.d -o _deps/libarchive-build/libarchive/CMakeFiles/archive_static.dir/archive_write_add_filter_gzip.c.o -c /project/build/cp310-cp310-linux_x86_64/_deps/libarchive-src/libarchive/archive_write_add_filter_gzip.c
[439/514] /opt/rh/devtoolset-10/root/usr/bin/gcc  -pthread -DHAVE_CONFIG_H -DLIBARCHIVE_STATIC -D__LIBARCHIVE_ENABLE_VISIBILITY -I/project/build/cp310-cp310-linux_x86_64/_deps/libarchive-src/libarchive -I/project/build/cp310-cp310-linux_x86_64/_deps/libarchive-build -I/project/build/cp310-cp310-linux_x86_64/_deps/libarchive-src/libarchive/. -Wall -Wformat -Wformat-security -ffunction-sections -fdata-sections -fvisibility=hidden -O3 -DNDEBUG -Wno-dev -MD -MT _deps/libarchive-build/libarchive/CMakeFiles/archive_static.dir/archive_write_add_filter_lrzip.c.o -MF _deps/libarchive-build/libarchive/CMakeFiles/archive_static.dir/archive_write_add_filter_lrzip.c.o.d -o _deps/libarchive-build/libarchive/CMakeFiles/archive_static.dir/archive_write_add_filter_lrzip.c.o -c /project/build/cp310-cp310-linux_x86_64/_deps/libarchive-src/libarchive/archive_write_add_filter_lrzip.c
[440/514] /opt/rh/devtoolset-10/root/usr/bin/gcc  -pthread -DHAVE_CONFIG_H -DLIBARCHIVE_STATIC -D__LIBARCHIVE_ENABLE_VISIBILITY -I/project/build/cp310-cp310-linux_x86_64/_deps/libarchive-src/libarchive -I/project/build/cp310-cp310-linux_x86_64/_deps/libarchive-build -I/project/build/cp310-cp310-linux_x86_64/_deps/libarchive-src/libarchive/. -Wall -Wformat -Wformat-security -ffunction-sections -fdata-sections -fvisibility=hidden -O3 -DNDEBUG -Wno-dev -MD -MT _deps/libarchive-build/libarchive/CMakeFiles/archive_static.dir/archive_write_add_filter_none.c.o -MF _deps/libarchive-build/libarchive/CMakeFiles/archive_static.dir/archive_write_add_filter_none.c.o.d -o _deps/libarchive-build/libarchive/CMakeFiles/archive_static.dir/archive_write_add_filter_none.c.o -c /project/build/cp310-cp310-linux_x86_64/_deps/libarchive-src/libarchive/archive_write_add_filter_none.c
[441/514] /opt/rh/devtoolset-10/root/usr/bin/gcc  -pthread -DHAVE_CONFIG_H -DLIBARCHIVE_STATIC -D__LIBARCHIVE_ENABLE_VISIBILITY -I/project/build/cp310-cp310-linux_x86_64/_deps/libarchive-src/libarchive -I/project/build/cp310-cp310-linux_x86_64/_deps/libarchive-build -I/project/build/cp310-cp310-linux_x86_64/_deps/libarchive-src/libarchive/. -Wall -Wformat -Wformat-security -ffunction-sections -fdata-sections -fvisibility=hidden -O3 -DNDEBUG -Wno-dev -MD -MT _deps/libarchive-build/libarchive/CMakeFiles/archive_static.dir/archive_write_add_filter_lz4.c.o -MF _deps/libarchive-build/libarchive/CMakeFiles/archive_static.dir/archive_write_add_filter_lz4.c.o.d -o _deps/libarchive-build/libarchive/CMakeFiles/archive_static.dir/archive_write_add_filter_lz4.c.o -c /project/build/cp310-cp310-linux_x86_64/_deps/libarchive-src/libarchive/archive_write_add_filter_lz4.c
[442/514] /opt/rh/devtoolset-10/root/usr/bin/gcc  -pthread -DHAVE_CONFIG_H -DLIBARCHIVE_STATIC -D__LIBARCHIVE_ENABLE_VISIBILITY -I/project/build/cp310-cp310-linux_x86_64/_deps/libarchive-src/libarchive -I/project/build/cp310-cp310-linux_x86_64/_deps/libarchive-build -I/project/build/cp310-cp310-linux_x86_64/_deps/libarchive-src/libarchive/. -Wall -Wformat -Wformat-security -ffunction-sections -fdata-sections -fvisibility=hidden -O3 -DNDEBUG -Wno-dev -MD -MT _deps/libarchive-build/libarchive/CMakeFiles/archive_static.dir/archive_write_add_filter_lzop.c.o -MF _deps/libarchive-build/libarchive/CMakeFiles/archive_static.dir/archive_write_add_filter_lzop.c.o.d -o _deps/libarchive-build/libarchive/CMakeFiles/archive_static.dir/archive_write_add_filter_lzop.c.o -c /project/build/cp310-cp310-linux_x86_64/_deps/libarchive-src/libarchive/archive_write_add_filter_lzop.c
[443/514] /opt/rh/devtoolset-10/root/usr/bin/gcc  -pthread -DHAVE_CONFIG_H -DLIBARCHIVE_STATIC -D__LIBARCHIVE_ENABLE_VISIBILITY -I/project/build/cp310-cp310-linux_x86_64/_deps/libarchive-src/libarchive -I/project/build/cp310-cp310-linux_x86_64/_deps/libarchive-build -I/project/build/cp310-cp310-linux_x86_64/_deps/libarchive-src/libarchive/. -Wall -Wformat -Wformat-security -ffunction-sections -fdata-sections -fvisibility=hidden -O3 -DNDEBUG -Wno-dev -MD -MT _deps/libarchive-build/libarchive/CMakeFiles/archive_static.dir/archive_read_support_format_xar.c.o -MF _deps/libarchive-build/libarchive/CMakeFiles/archive_static.dir/archive_read_support_format_xar.c.o.d -o _deps/libarchive-build/libarchive/CMakeFiles/archive_static.dir/archive_read_support_format_xar.c.o -c /project/build/cp310-cp310-linux_x86_64/_deps/libarchive-src/libarchive/archive_read_support_format_xar.c
[444/514] /opt/rh/devtoolset-10/root/usr/bin/gcc  -pthread -DHAVE_CONFIG_H -DLIBARCHIVE_STATIC -D__LIBARCHIVE_ENABLE_VISIBILITY -I/project/build/cp310-cp310-linux_x86_64/_deps/libarchive-src/libarchive -I/project/build/cp310-cp310-linux_x86_64/_deps/libarchive-build -I/project/build/cp310-cp310-linux_x86_64/_deps/libarchive-src/libarchive/. -Wall -Wformat -Wformat-security -ffunction-sections -fdata-sections -fvisibility=hidden -O3 -DNDEBUG -Wno-dev -MD -MT _deps/libarchive-build/libarchive/CMakeFiles/archive_static.dir/archive_read_support_format_zip.c.o -MF _deps/libarchive-build/libarchive/CMakeFiles/archive_static.dir/archive_read_support_format_zip.c.o.d -o _deps/libarchive-build/libarchive/CMakeFiles/archive_static.dir/archive_read_support_format_zip.c.o -c /project/build/cp310-cp310-linux_x86_64/_deps/libarchive-src/libarchive/archive_read_support_format_zip.c
[445/514] /opt/rh/devtoolset-10/root/usr/bin/gcc  -pthread -DHAVE_CONFIG_H -DLIBARCHIVE_STATIC -D__LIBARCHIVE_ENABLE_VISIBILITY -I/project/build/cp310-cp310-linux_x86_64/_deps/libarchive-src/libarchive -I/project/build/cp310-cp310-linux_x86_64/_deps/libarchive-build -I/project/build/cp310-cp310-linux_x86_64/_deps/libarchive-src/libarchive/. -Wall -Wformat -Wformat-security -ffunction-sections -fdata-sections -fvisibility=hidden -O3 -DNDEBUG -Wno-dev -MD -MT _deps/libarchive-build/libarchive/CMakeFiles/archive_static.dir/archive_read_support_format_rar5.c.o -MF _deps/libarchive-build/libarchive/CMakeFiles/archive_static.dir/archive_read_support_format_rar5.c.o.d -o _deps/libarchive-build/libarchive/CMakeFiles/archive_static.dir/archive_read_support_format_rar5.c.o -c /project/build/cp310-cp310-linux_x86_64/_deps/libarchive-src/libarchive/archive_read_support_format_rar5.c
[446/514] /opt/rh/devtoolset-10/root/usr/bin/gcc  -pthread -DHAVE_CONFIG_H -DLIBARCHIVE_STATIC -D__LIBARCHIVE_ENABLE_VISIBILITY -I/project/build/cp310-cp310-linux_x86_64/_deps/libarchive-src/libarchive -I/project/build/cp310-cp310-linux_x86_64/_deps/libarchive-build -I/project/build/cp310-cp310-linux_x86_64/_deps/libarchive-src/libarchive/. -Wall -Wformat -Wformat-security -ffunction-sections -fdata-sections -fvisibility=hidden -O3 -DNDEBUG -Wno-dev -MD -MT _deps/libarchive-build/libarchive/CMakeFiles/archive_static.dir/archive_write_add_filter_xz.c.o -MF _deps/libarchive-build/libarchive/CMakeFiles/archive_static.dir/archive_write_add_filter_xz.c.o.d -o _deps/libarchive-build/libarchive/CMakeFiles/archive_static.dir/archive_write_add_filter_xz.c.o -c /project/build/cp310-cp310-linux_x86_64/_deps/libarchive-src/libarchive/archive_write_add_filter_xz.c
[447/514] /opt/rh/devtoolset-10/root/usr/bin/gcc  -pthread -DHAVE_CONFIG_H -DLIBARCHIVE_STATIC -D__LIBARCHIVE_ENABLE_VISIBILITY -I/project/build/cp310-cp310-linux_x86_64/_deps/libarchive-src/libarchive -I/project/build/cp310-cp310-linux_x86_64/_deps/libarchive-build -I/project/build/cp310-cp310-linux_x86_64/_deps/libarchive-src/libarchive/. -Wall -Wformat -Wformat-security -ffunction-sections -fdata-sections -fvisibility=hidden -O3 -DNDEBUG -Wno-dev -MD -MT _deps/libarchive-build/libarchive/CMakeFiles/archive_static.dir/archive_write_disk_posix.c.o -MF _deps/libarchive-build/libarchive/CMakeFiles/archive_static.dir/archive_write_disk_posix.c.o.d -o _deps/libarchive-build/libarchive/CMakeFiles/archive_static.dir/archive_write_disk_posix.c.o -c /project/build/cp310-cp310-linux_x86_64/_deps/libarchive-src/libarchive/archive_write_disk_posix.c
[448/514] /opt/rh/devtoolset-10/root/usr/bin/gcc  -pthread -DHAVE_CONFIG_H -DLIBARCHIVE_STATIC -D__LIBARCHIVE_ENABLE_VISIBILITY -I/project/build/cp310-cp310-linux_x86_64/_deps/libarchive-src/libarchive -I/project/build/cp310-cp310-linux_x86_64/_deps/libarchive-build -I/project/build/cp310-cp310-linux_x86_64/_deps/libarchive-src/libarchive/. -Wall -Wformat -Wformat-security -ffunction-sections -fdata-sections -fvisibility=hidden -O3 -DNDEBUG -Wno-dev -MD -MT _deps/libarchive-build/libarchive/CMakeFiles/archive_static.dir/archive_write_add_filter_zstd.c.o -MF _deps/libarchive-build/libarchive/CMakeFiles/archive_static.dir/archive_write_add_filter_zstd.c.o.d -o _deps/libarchive-build/libarchive/CMakeFiles/archive_static.dir/archive_write_add_filter_zstd.c.o -c /project/build/cp310-cp310-linux_x86_64/_deps/libarchive-src/libarchive/archive_write_add_filter_zstd.c
[449/514] /opt/rh/devtoolset-10/root/usr/bin/gcc  -pthread -DHAVE_CONFIG_H -DLIBARCHIVE_STATIC -D__LIBARCHIVE_ENABLE_VISIBILITY -I/project/build/cp310-cp310-linux_x86_64/_deps/libarchive-src/libarchive -I/project/build/cp310-cp310-linux_x86_64/_deps/libarchive-build -I/project/build/cp310-cp310-linux_x86_64/_deps/libarchive-src/libarchive/. -Wall -Wformat -Wformat-security -ffunction-sections -fdata-sections -fvisibility=hidden -O3 -DNDEBUG -Wno-dev -MD -MT _deps/libarchive-build/libarchive/CMakeFiles/archive_static.dir/archive_write_set_format.c.o -MF _deps/libarchive-build/libarchive/CMakeFiles/archive_static.dir/archive_write_set_format.c.o.d -o _deps/libarchive-build/libarchive/CMakeFiles/archive_static.dir/archive_write_set_format.c.o -c /project/build/cp310-cp310-linux_x86_64/_deps/libarchive-src/libarchive/archive_write_set_format.c
[450/514] /opt/rh/devtoolset-10/root/usr/bin/gcc  -pthread -DHAVE_CONFIG_H -DLIBARCHIVE_STATIC -D__LIBARCHIVE_ENABLE_VISIBILITY -I/project/build/cp310-cp310-linux_x86_64/_deps/libarchive-src/libarchive -I/project/build/cp310-cp310-linux_x86_64/_deps/libarchive-build -I/project/build/cp310-cp310-linux_x86_64/_deps/libarchive-src/libarchive/. -Wall -Wformat -Wformat-security -ffunction-sections -fdata-sections -fvisibility=hidden -O3 -DNDEBUG -Wno-dev -MD -MT _deps/libarchive-build/libarchive/CMakeFiles/archive_static.dir/archive_write_set_format_by_name.c.o -MF _deps/libarchive-build/libarchive/CMakeFiles/archive_static.dir/archive_write_set_format_by_name.c.o.d -o _deps/libarchive-build/libarchive/CMakeFiles/archive_static.dir/archive_write_set_format_by_name.c.o -c /project/build/cp310-cp310-linux_x86_64/_deps/libarchive-src/libarchive/archive_write_set_format_by_name.c
[451/514] /opt/rh/devtoolset-10/root/usr/bin/gcc  -pthread -DHAVE_CONFIG_H -DLIBARCHIVE_STATIC -D__LIBARCHIVE_ENABLE_VISIBILITY -I/project/build/cp310-cp310-linux_x86_64/_deps/libarchive-src/libarchive -I/project/build/cp310-cp310-linux_x86_64/_deps/libarchive-build -I/project/build/cp310-cp310-linux_x86_64/_deps/libarchive-src/libarchive/. -Wall -Wformat -Wformat-security -ffunction-sections -fdata-sections -fvisibility=hidden -O3 -DNDEBUG -Wno-dev -MD -MT _deps/libarchive-build/libarchive/CMakeFiles/archive_static.dir/archive_write_add_filter_uuencode.c.o -MF _deps/libarchive-build/libarchive/CMakeFiles/archive_static.dir/archive_write_add_filter_uuencode.c.o.d -o _deps/libarchive-build/libarchive/CMakeFiles/archive_static.dir/archive_write_add_filter_uuencode.c.o -c /project/build/cp310-cp310-linux_x86_64/_deps/libarchive-src/libarchive/archive_write_add_filter_uuencode.c
[452/514] /opt/rh/devtoolset-10/root/usr/bin/gcc  -pthread -DHAVE_CONFIG_H -DLIBARCHIVE_STATIC -D__LIBARCHIVE_ENABLE_VISIBILITY -I/project/build/cp310-cp310-linux_x86_64/_deps/libarchive-src/libarchive -I/project/build/cp310-cp310-linux_x86_64/_deps/libarchive-build -I/project/build/cp310-cp310-linux_x86_64/_deps/libarchive-src/libarchive/. -Wall -Wformat -Wformat-security -ffunction-sections -fdata-sections -fvisibility=hidden -O3 -DNDEBUG -Wno-dev -MD -MT _deps/libarchive-build/libarchive/CMakeFiles/archive_static.dir/archive_write_set_format_cpio.c.o -MF _deps/libarchive-build/libarchive/CMakeFiles/archive_static.dir/archive_write_set_format_cpio.c.o.d -o _deps/libarchive-build/libarchive/CMakeFiles/archive_static.dir/archive_write_set_format_cpio.c.o -c /project/build/cp310-cp310-linux_x86_64/_deps/libarchive-src/libarchive/archive_write_set_format_cpio.c
[453/514] /opt/rh/devtoolset-10/root/usr/bin/gcc  -pthread -DHAVE_CONFIG_H -DLIBARCHIVE_STATIC -D__LIBARCHIVE_ENABLE_VISIBILITY -I/project/build/cp310-cp310-linux_x86_64/_deps/libarchive-src/libarchive -I/project/build/cp310-cp310-linux_x86_64/_deps/libarchive-build -I/project/build/cp310-cp310-linux_x86_64/_deps/libarchive-src/libarchive/. -Wall -Wformat -Wformat-security -ffunction-sections -fdata-sections -fvisibility=hidden -O3 -DNDEBUG -Wno-dev -MD -MT _deps/libarchive-build/libarchive/CMakeFiles/archive_static.dir/archive_write_add_filter_program.c.o -MF _deps/libarchive-build/libarchive/CMakeFiles/archive_static.dir/archive_write_add_filter_program.c.o.d -o _deps/libarchive-build/libarchive/CMakeFiles/archive_static.dir/archive_write_add_filter_program.c.o -c /project/build/cp310-cp310-linux_x86_64/_deps/libarchive-src/libarchive/archive_write_add_filter_program.c
[454/514] /opt/rh/devtoolset-10/root/usr/bin/gcc  -pthread -DHAVE_CONFIG_H -DLIBARCHIVE_STATIC -D__LIBARCHIVE_ENABLE_VISIBILITY -I/project/build/cp310-cp310-linux_x86_64/_deps/libarchive-src/libarchive -I/project/build/cp310-cp310-linux_x86_64/_deps/libarchive-build -I/project/build/cp310-cp310-linux_x86_64/_deps/libarchive-src/libarchive/. -Wall -Wformat -Wformat-security -ffunction-sections -fdata-sections -fvisibility=hidden -O3 -DNDEBUG -Wno-dev -MD -MT _deps/libarchive-build/libarchive/CMakeFiles/archive_static.dir/archive_write_set_format_filter_by_ext.c.o -MF _deps/libarchive-build/libarchive/CMakeFiles/archive_static.dir/archive_write_set_format_filter_by_ext.c.o.d -o _deps/libarchive-build/libarchive/CMakeFiles/archive_static.dir/archive_write_set_format_filter_by_ext.c.o -c /project/build/cp310-cp310-linux_x86_64/_deps/libarchive-src/libarchive/archive_write_set_format_filter_by_ext.c
[455/514] /opt/rh/devtoolset-10/root/usr/bin/gcc  -pthread -DHAVE_CONFIG_H -DLIBARCHIVE_STATIC -D__LIBARCHIVE_ENABLE_VISIBILITY -I/project/build/cp310-cp310-linux_x86_64/_deps/libarchive-src/libarchive -I/project/build/cp310-cp310-linux_x86_64/_deps/libarchive-build -I/project/build/cp310-cp310-linux_x86_64/_deps/libarchive-src/libarchive/. -Wall -Wformat -Wformat-security -ffunction-sections -fdata-sections -fvisibility=hidden -O3 -DNDEBUG -Wno-dev -MD -MT _deps/libarchive-build/libarchive/CMakeFiles/archive_static.dir/archive_write_set_format_cpio_newc.c.o -MF _deps/libarchive-build/libarchive/CMakeFiles/archive_static.dir/archive_write_set_format_cpio_newc.c.o.d -o _deps/libarchive-build/libarchive/CMakeFiles/archive_static.dir/archive_write_set_format_cpio_newc.c.o -c /project/build/cp310-cp310-linux_x86_64/_deps/libarchive-src/libarchive/archive_write_set_format_cpio_newc.c
[456/514] /opt/rh/devtoolset-10/root/usr/bin/gcc  -pthread -DHAVE_CONFIG_H -DLIBARCHIVE_STATIC -D__LIBARCHIVE_ENABLE_VISIBILITY -I/project/build/cp310-cp310-linux_x86_64/_deps/libarchive-src/libarchive -I/project/build/cp310-cp310-linux_x86_64/_deps/libarchive-build -I/project/build/cp310-cp310-linux_x86_64/_deps/libarchive-src/libarchive/. -Wall -Wformat -Wformat-security -ffunction-sections -fdata-sections -fvisibility=hidden -O3 -DNDEBUG -Wno-dev -MD -MT _deps/libarchive-build/libarchive/CMakeFiles/archive_static.dir/archive_write_set_format_cpio_odc.c.o -MF _deps/libarchive-build/libarchive/CMakeFiles/archive_static.dir/archive_write_set_format_cpio_odc.c.o.d -o _deps/libarchive-build/libarchive/CMakeFiles/archive_static.dir/archive_write_set_format_cpio_odc.c.o -c /project/build/cp310-cp310-linux_x86_64/_deps/libarchive-src/libarchive/archive_write_set_format_cpio_odc.c
[457/514] /opt/rh/devtoolset-10/root/usr/bin/gcc  -pthread -DHAVE_CONFIG_H -DLIBARCHIVE_STATIC -D__LIBARCHIVE_ENABLE_VISIBILITY -I/project/build/cp310-cp310-linux_x86_64/_deps/libarchive-src/libarchive -I/project/build/cp310-cp310-linux_x86_64/_deps/libarchive-build -I/project/build/cp310-cp310-linux_x86_64/_deps/libarchive-src/libarchive/. -Wall -Wformat -Wformat-security -ffunction-sections -fdata-sections -fvisibility=hidden -O3 -DNDEBUG -Wno-dev -MD -MT _deps/libarchive-build/libarchive/CMakeFiles/archive_static.dir/archive_write_set_format_ar.c.o -MF _deps/libarchive-build/libarchive/CMakeFiles/archive_static.dir/archive_write_set_format_ar.c.o.d -o _deps/libarchive-build/libarchive/CMakeFiles/archive_static.dir/archive_write_set_format_ar.c.o -c /project/build/cp310-cp310-linux_x86_64/_deps/libarchive-src/libarchive/archive_write_set_format_ar.c
[458/514] /opt/rh/devtoolset-10/root/usr/bin/gcc  -pthread -DHAVE_CONFIG_H -DLIBARCHIVE_STATIC -D__LIBARCHIVE_ENABLE_VISIBILITY -I/project/build/cp310-cp310-linux_x86_64/_deps/libarchive-src/libarchive -I/project/build/cp310-cp310-linux_x86_64/_deps/libarchive-build -I/project/build/cp310-cp310-linux_x86_64/_deps/libarchive-src/libarchive/. -Wall -Wformat -Wformat-security -ffunction-sections -fdata-sections -fvisibility=hidden -O3 -DNDEBUG -Wno-dev -MD -MT _deps/libarchive-build/libarchive/CMakeFiles/archive_static.dir/archive_write_set_format_cpio_binary.c.o -MF _deps/libarchive-build/libarchive/CMakeFiles/archive_static.dir/archive_write_set_format_cpio_binary.c.o.d -o _deps/libarchive-build/libarchive/CMakeFiles/archive_static.dir/archive_write_set_format_cpio_binary.c.o -c /project/build/cp310-cp310-linux_x86_64/_deps/libarchive-src/libarchive/archive_write_set_format_cpio_binary.c
[459/514] /opt/rh/devtoolset-10/root/usr/bin/gcc  -pthread -DHAVE_CONFIG_H -DLIBARCHIVE_STATIC -D__LIBARCHIVE_ENABLE_VISIBILITY -I/project/build/cp310-cp310-linux_x86_64/_deps/libarchive-src/libarchive -I/project/build/cp310-cp310-linux_x86_64/_deps/libarchive-build -I/project/build/cp310-cp310-linux_x86_64/_deps/libarchive-src/libarchive/. -Wall -Wformat -Wformat-security -ffunction-sections -fdata-sections -fvisibility=hidden -O3 -DNDEBUG -Wno-dev -MD -MT _deps/libarchive-build/libarchive/CMakeFiles/archive_static.dir/archive_write_set_format_raw.c.o -MF _deps/libarchive-build/libarchive/CMakeFiles/archive_static.dir/archive_write_set_format_raw.c.o.d -o _deps/libarchive-build/libarchive/CMakeFiles/archive_static.dir/archive_write_set_format_raw.c.o -c /project/build/cp310-cp310-linux_x86_64/_deps/libarchive-src/libarchive/archive_write_set_format_raw.c
[460/514] /opt/rh/devtoolset-10/root/usr/bin/gcc  -pthread -DHAVE_CONFIG_H -DLIBARCHIVE_STATIC -D__LIBARCHIVE_ENABLE_VISIBILITY -I/project/build/cp310-cp310-linux_x86_64/_deps/libarchive-src/libarchive -I/project/build/cp310-cp310-linux_x86_64/_deps/libarchive-build -I/project/build/cp310-cp310-linux_x86_64/_deps/libarchive-src/libarchive/. -Wall -Wformat -Wformat-security -ffunction-sections -fdata-sections -fvisibility=hidden -O3 -DNDEBUG -Wno-dev -MD -MT _deps/libarchive-build/libarchive/CMakeFiles/archive_static.dir/archive_write_set_format_gnutar.c.o -MF _deps/libarchive-build/libarchive/CMakeFiles/archive_static.dir/archive_write_set_format_gnutar.c.o.d -o _deps/libarchive-build/libarchive/CMakeFiles/archive_static.dir/archive_write_set_format_gnutar.c.o -c /project/build/cp310-cp310-linux_x86_64/_deps/libarchive-src/libarchive/archive_write_set_format_gnutar.c
[461/514] /opt/rh/devtoolset-10/root/usr/bin/gcc  -pthread -DHAVE_CONFIG_H -DLIBARCHIVE_STATIC -D__LIBARCHIVE_ENABLE_VISIBILITY -I/project/build/cp310-cp310-linux_x86_64/_deps/libarchive-src/libarchive -I/project/build/cp310-cp310-linux_x86_64/_deps/libarchive-build -I/project/build/cp310-cp310-linux_x86_64/_deps/libarchive-src/libarchive/. -Wall -Wformat -Wformat-security -ffunction-sections -fdata-sections -fvisibility=hidden -O3 -DNDEBUG -Wno-dev -MD -MT _deps/libarchive-build/libarchive/CMakeFiles/archive_static.dir/archive_write_set_format_warc.c.o -MF _deps/libarchive-build/libarchive/CMakeFiles/archive_static.dir/archive_write_set_format_warc.c.o.d -o _deps/libarchive-build/libarchive/CMakeFiles/archive_static.dir/archive_write_set_format_warc.c.o -c /project/build/cp310-cp310-linux_x86_64/_deps/libarchive-src/libarchive/archive_write_set_format_warc.c
[462/514] /opt/rh/devtoolset-10/root/usr/bin/gcc  -pthread -DHAVE_CONFIG_H -DLIBARCHIVE_STATIC -D__LIBARCHIVE_ENABLE_VISIBILITY -I/project/build/cp310-cp310-linux_x86_64/_deps/libarchive-src/libarchive -I/project/build/cp310-cp310-linux_x86_64/_deps/libarchive-build -I/project/build/cp310-cp310-linux_x86_64/_deps/libarchive-src/libarchive/. -Wall -Wformat -Wformat-security -ffunction-sections -fdata-sections -fvisibility=hidden -O3 -DNDEBUG -Wno-dev -MD -MT _deps/libarchive-build/libarchive/CMakeFiles/archive_static.dir/archive_write_set_format_xar.c.o -MF _deps/libarchive-build/libarchive/CMakeFiles/archive_static.dir/archive_write_set_format_xar.c.o.d -o _deps/libarchive-build/libarchive/CMakeFiles/archive_static.dir/archive_write_set_format_xar.c.o -c /project/build/cp310-cp310-linux_x86_64/_deps/libarchive-src/libarchive/archive_write_set_format_xar.c
[463/514] /opt/rh/devtoolset-10/root/usr/bin/gcc  -pthread -DHAVE_CONFIG_H -DLIBARCHIVE_STATIC -D__LIBARCHIVE_ENABLE_VISIBILITY -I/project/build/cp310-cp310-linux_x86_64/_deps/libarchive-src/libarchive -I/project/build/cp310-cp310-linux_x86_64/_deps/libarchive-build -I/project/build/cp310-cp310-linux_x86_64/_deps/libarchive-src/libarchive/. -Wall -Wformat -Wformat-security -ffunction-sections -fdata-sections -fvisibility=hidden -O3 -DNDEBUG -Wno-dev -MD -MT _deps/libarchive-build/libarchive/CMakeFiles/archive_static.dir/archive_write_set_format_v7tar.c.o -MF _deps/libarchive-build/libarchive/CMakeFiles/archive_static.dir/archive_write_set_format_v7tar.c.o.d -o _deps/libarchive-build/libarchive/CMakeFiles/archive_static.dir/archive_write_set_format_v7tar.c.o -c /project/build/cp310-cp310-linux_x86_64/_deps/libarchive-src/libarchive/archive_write_set_format_v7tar.c
[464/514] /opt/rh/devtoolset-10/root/usr/bin/gcc  -pthread -DHAVE_CONFIG_H -DLIBARCHIVE_STATIC -D__LIBARCHIVE_ENABLE_VISIBILITY -I/project/build/cp310-cp310-linux_x86_64/_deps/libarchive-src/libarchive -I/project/build/cp310-cp310-linux_x86_64/_deps/libarchive-build -I/project/build/cp310-cp310-linux_x86_64/_deps/libarchive-src/libarchive/. -Wall -Wformat -Wformat-security -ffunction-sections -fdata-sections -fvisibility=hidden -O3 -DNDEBUG -Wno-dev -MD -MT _deps/libarchive-build/libarchive/CMakeFiles/archive_static.dir/archive_write_set_format_shar.c.o -MF _deps/libarchive-build/libarchive/CMakeFiles/archive_static.dir/archive_write_set_format_shar.c.o.d -o _deps/libarchive-build/libarchive/CMakeFiles/archive_static.dir/archive_write_set_format_shar.c.o -c /project/build/cp310-cp310-linux_x86_64/_deps/libarchive-src/libarchive/archive_write_set_format_shar.c
[465/514] /opt/rh/devtoolset-10/root/usr/bin/gcc  -pthread -DHAVE_CONFIG_H -DLIBARCHIVE_STATIC -D__LIBARCHIVE_ENABLE_VISIBILITY -I/project/build/cp310-cp310-linux_x86_64/_deps/libarchive-src/libarchive -I/project/build/cp310-cp310-linux_x86_64/_deps/libarchive-build -I/project/build/cp310-cp310-linux_x86_64/_deps/libarchive-src/libarchive/. -Wall -Wformat -Wformat-security -ffunction-sections -fdata-sections -fvisibility=hidden -O3 -DNDEBUG -Wno-dev -MD -MT _deps/libarchive-build/libarchive/CMakeFiles/archive_static.dir/archive_write_set_options.c.o -MF _deps/libarchive-build/libarchive/CMakeFiles/archive_static.dir/archive_write_set_options.c.o.d -o _deps/libarchive-build/libarchive/CMakeFiles/archive_static.dir/archive_write_set_options.c.o -c /project/build/cp310-cp310-linux_x86_64/_deps/libarchive-src/libarchive/archive_write_set_options.c
[466/514] /opt/rh/devtoolset-10/root/usr/bin/gcc  -pthread -DHAVE_CONFIG_H -DLIBARCHIVE_STATIC -D__LIBARCHIVE_ENABLE_VISIBILITY -I/project/build/cp310-cp310-linux_x86_64/_deps/libarchive-src/libarchive -I/project/build/cp310-cp310-linux_x86_64/_deps/libarchive-build -I/project/build/cp310-cp310-linux_x86_64/_deps/libarchive-src/libarchive/. -Wall -Wformat -Wformat-security -ffunction-sections -fdata-sections -fvisibility=hidden -O3 -DNDEBUG -Wno-dev -MD -MT _deps/libarchive-build/libarchive/CMakeFiles/archive_static.dir/archive_write_set_format_ustar.c.o -MF _deps/libarchive-build/libarchive/CMakeFiles/archive_static.dir/archive_write_set_format_ustar.c.o.d -o _deps/libarchive-build/libarchive/CMakeFiles/archive_static.dir/archive_write_set_format_ustar.c.o -c /project/build/cp310-cp310-linux_x86_64/_deps/libarchive-src/libarchive/archive_write_set_format_ustar.c
[467/514] /opt/rh/devtoolset-10/root/usr/bin/gcc  -pthread -DHAVE_CONFIG_H -DLIBARCHIVE_STATIC -D__LIBARCHIVE_ENABLE_VISIBILITY -I/project/build/cp310-cp310-linux_x86_64/_deps/libarchive-src/libarchive -I/project/build/cp310-cp310-linux_x86_64/_deps/libarchive-build -I/project/build/cp310-cp310-linux_x86_64/_deps/libarchive-src/libarchive/. -Wall -Wformat -Wformat-security -ffunction-sections -fdata-sections -fvisibility=hidden -O3 -DNDEBUG -Wno-dev -MD -MT _deps/libarchive-build/libarchive/CMakeFiles/archive_static.dir/archive_write_set_passphrase.c.o -MF _deps/libarchive-build/libarchive/CMakeFiles/archive_static.dir/archive_write_set_passphrase.c.o.d -o _deps/libarchive-build/libarchive/CMakeFiles/archive_static.dir/archive_write_set_passphrase.c.o -c /project/build/cp310-cp310-linux_x86_64/_deps/libarchive-src/libarchive/archive_write_set_passphrase.c
[468/514] /opt/rh/devtoolset-10/root/usr/bin/gcc  -pthread -DHAVE_CONFIG_H -DLIBARCHIVE_STATIC -D__LIBARCHIVE_ENABLE_VISIBILITY -I/project/build/cp310-cp310-linux_x86_64/_deps/libarchive-src/libarchive -I/project/build/cp310-cp310-linux_x86_64/_deps/libarchive-build -I/project/build/cp310-cp310-linux_x86_64/_deps/libarchive-src/libarchive/. -Wall -Wformat -Wformat-security -ffunction-sections -fdata-sections -fvisibility=hidden -O3 -DNDEBUG -Wno-dev -MD -MT _deps/libarchive-build/libarchive/CMakeFiles/archive_static.dir/archive_string.c.o -MF _deps/libarchive-build/libarchive/CMakeFiles/archive_static.dir/archive_string.c.o.d -o _deps/libarchive-build/libarchive/CMakeFiles/archive_static.dir/archive_string.c.o -c /project/build/cp310-cp310-linux_x86_64/_deps/libarchive-src/libarchive/archive_string.c
[469/514] /opt/rh/devtoolset-10/root/usr/bin/gcc  -pthread -DHAVE_CONFIG_H -DLIBARCHIVE_STATIC -D__LIBARCHIVE_ENABLE_VISIBILITY -I/project/build/cp310-cp310-linux_x86_64/_deps/libarchive-src/libarchive -I/project/build/cp310-cp310-linux_x86_64/_deps/libarchive-build -I/project/build/cp310-cp310-linux_x86_64/_deps/libarchive-src/libarchive/. -Wall -Wformat -Wformat-security -ffunction-sections -fdata-sections -fvisibility=hidden -O3 -DNDEBUG -Wno-dev -MD -MT _deps/libarchive-build/libarchive/CMakeFiles/archive_static.dir/xxhash.c.o -MF _deps/libarchive-build/libarchive/CMakeFiles/archive_static.dir/xxhash.c.o.d -o _deps/libarchive-build/libarchive/CMakeFiles/archive_static.dir/xxhash.c.o -c /project/build/cp310-cp310-linux_x86_64/_deps/libarchive-src/libarchive/xxhash.c
[470/514] /opt/rh/devtoolset-10/root/usr/bin/gcc  -pthread -DHAVE_CONFIG_H -DLIBARCHIVE_STATIC -D__LIBARCHIVE_ENABLE_VISIBILITY -I/project/build/cp310-cp310-linux_x86_64/_deps/libarchive-src/libarchive -I/project/build/cp310-cp310-linux_x86_64/_deps/libarchive-build -I/project/build/cp310-cp310-linux_x86_64/_deps/libarchive-src/libarchive/. -Wall -Wformat -Wformat-security -ffunction-sections -fdata-sections -fvisibility=hidden -O3 -DNDEBUG -Wno-dev -MD -MT _deps/libarchive-build/libarchive/CMakeFiles/archive_static.dir/filter_fork_posix.c.o -MF _deps/libarchive-build/libarchive/CMakeFiles/archive_static.dir/filter_fork_posix.c.o.d -o _deps/libarchive-build/libarchive/CMakeFiles/archive_static.dir/filter_fork_posix.c.o -c /project/build/cp310-cp310-linux_x86_64/_deps/libarchive-src/libarchive/filter_fork_posix.c
[471/514] /opt/rh/devtoolset-10/root/usr/bin/gcc  -pthread -DHAVE_CONFIG_H -DLIBARCHIVE_STATIC -D__LIBARCHIVE_ENABLE_VISIBILITY -I/project/build/cp310-cp310-linux_x86_64/_deps/libarchive-src/libarchive -I/project/build/cp310-cp310-linux_x86_64/_deps/libarchive-build -I/project/build/cp310-cp310-linux_x86_64/_deps/libarchive-src/libarchive/. -Wall -Wformat -Wformat-security -ffunction-sections -fdata-sections -fvisibility=hidden -O3 -DNDEBUG -Wno-dev -MD -MT _deps/libarchive-build/libarchive/CMakeFiles/archive_static.dir/archive_write_set_format_7zip.c.o -MF _deps/libarchive-build/libarchive/CMakeFiles/archive_static.dir/archive_write_set_format_7zip.c.o.d -o _deps/libarchive-build/libarchive/CMakeFiles/archive_static.dir/archive_write_set_format_7zip.c.o -c /project/build/cp310-cp310-linux_x86_64/_deps/libarchive-src/libarchive/archive_write_set_format_7zip.c
[472/514] /opt/rh/devtoolset-10/root/usr/bin/gcc  -pthread -DHAVE_CONFIG_H -DLIBARCHIVE_STATIC -D__LIBARCHIVE_ENABLE_VISIBILITY -I/project/build/cp310-cp310-linux_x86_64/_deps/libarchive-src/libarchive -I/project/build/cp310-cp310-linux_x86_64/_deps/libarchive-build -I/project/build/cp310-cp310-linux_x86_64/_deps/libarchive-src/cat/../libarchive_fe -I/project/build/cp310-cp310-linux_x86_64/_deps/libarchive-src/libarchive/. -Wall -Wformat -Wformat-security -ffunction-sections -fdata-sections -fvisibility=hidden -O3 -DNDEBUG -Wno-dev -MD -MT _deps/libarchive-build/cat/CMakeFiles/bsdcat.dir/cmdline.c.o -MF _deps/libarchive-build/cat/CMakeFiles/bsdcat.dir/cmdline.c.o.d -o _deps/libarchive-build/cat/CMakeFiles/bsdcat.dir/cmdline.c.o -c /project/build/cp310-cp310-linux_x86_64/_deps/libarchive-src/cat/cmdline.c
[473/514] /opt/rh/devtoolset-10/root/usr/bin/gcc  -pthread -DHAVE_CONFIG_H -DLIBARCHIVE_STATIC -D__LIBARCHIVE_ENABLE_VISIBILITY -I/project/build/cp310-cp310-linux_x86_64/_deps/libarchive-src/libarchive -I/project/build/cp310-cp310-linux_x86_64/_deps/libarchive-build -I/project/build/cp310-cp310-linux_x86_64/_deps/libarchive-src/cat/../libarchive_fe -I/project/build/cp310-cp310-linux_x86_64/_deps/libarchive-src/libarchive/. -Wall -Wformat -Wformat-security -ffunction-sections -fdata-sections -fvisibility=hidden -O3 -DNDEBUG -Wno-dev -MD -MT _deps/libarchive-build/cat/CMakeFiles/bsdcat.dir/bsdcat.c.o -MF _deps/libarchive-build/cat/CMakeFiles/bsdcat.dir/bsdcat.c.o.d -o _deps/libarchive-build/cat/CMakeFiles/bsdcat.dir/bsdcat.c.o -c /project/build/cp310-cp310-linux_x86_64/_deps/libarchive-src/cat/bsdcat.c
[474/514] /opt/rh/devtoolset-10/root/usr/bin/gcc  -pthread -DHAVE_CONFIG_H -DLIBARCHIVE_STATIC -D__LIBARCHIVE_ENABLE_VISIBILITY -I/project/build/cp310-cp310-linux_x86_64/_deps/libarchive-src/libarchive -I/project/build/cp310-cp310-linux_x86_64/_deps/libarchive-build -I/project/build/cp310-cp310-linux_x86_64/_deps/libarchive-src/cat/../libarchive_fe -I/project/build/cp310-cp310-linux_x86_64/_deps/libarchive-src/libarchive/. -Wall -Wformat -Wformat-security -ffunction-sections -fdata-sections -fvisibility=hidden -O3 -DNDEBUG -Wno-dev -MD -MT _deps/libarchive-build/cat/CMakeFiles/bsdcat.dir/__/libarchive_fe/err.c.o -MF _deps/libarchive-build/cat/CMakeFiles/bsdcat.dir/__/libarchive_fe/err.c.o.d -o _deps/libarchive-build/cat/CMakeFiles/bsdcat.dir/__/libarchive_fe/err.c.o -c /project/build/cp310-cp310-linux_x86_64/_deps/libarchive-src/libarchive_fe/err.c
[475/514] /opt/rh/devtoolset-10/root/usr/bin/gcc  -pthread -DHAVE_CONFIG_H -DLIBARCHIVE_STATIC -D__LIBARCHIVE_ENABLE_VISIBILITY -I/project/build/cp310-cp310-linux_x86_64/_deps/libarchive-src/libarchive -I/project/build/cp310-cp310-linux_x86_64/_deps/libarchive-build -I/project/build/cp310-cp310-linux_x86_64/_deps/libarchive-src/libarchive/. -Wall -Wformat -Wformat-security -ffunction-sections -fdata-sections -fvisibility=hidden -O3 -DNDEBUG -Wno-dev -MD -MT _deps/libarchive-build/libarchive/CMakeFiles/archive_static.dir/archive_blake2sp_ref.c.o -MF _deps/libarchive-build/libarchive/CMakeFiles/archive_static.dir/archive_blake2sp_ref.c.o.d -o _deps/libarchive-build/libarchive/CMakeFiles/archive_static.dir/archive_blake2sp_ref.c.o -c /project/build/cp310-cp310-linux_x86_64/_deps/libarchive-src/libarchive/archive_blake2sp_ref.c
[476/514] /opt/rh/devtoolset-10/root/usr/bin/gcc  -pthread -DHAVE_CONFIG_H -DLIBARCHIVE_STATIC -D__LIBARCHIVE_ENABLE_VISIBILITY -I/project/build/cp310-cp310-linux_x86_64/_deps/libarchive-src/libarchive -I/project/build/cp310-cp310-linux_x86_64/_deps/libarchive-build -I/project/build/cp310-cp310-linux_x86_64/_deps/libarchive-src/libarchive/. -Wall -Wformat -Wformat-security -ffunction-sections -fdata-sections -fvisibility=hidden -O3 -DNDEBUG -Wno-dev -MD -MT _deps/libarchive-build/libarchive/CMakeFiles/archive_static.dir/archive_write_set_format_mtree.c.o -MF _deps/libarchive-build/libarchive/CMakeFiles/archive_static.dir/archive_write_set_format_mtree.c.o.d -o _deps/libarchive-build/libarchive/CMakeFiles/archive_static.dir/archive_write_set_format_mtree.c.o -c /project/build/cp310-cp310-linux_x86_64/_deps/libarchive-src/libarchive/archive_write_set_format_mtree.c
[477/514] /opt/rh/devtoolset-10/root/usr/bin/gcc  -pthread -DHAVE_CONFIG_H -D__LIBARCHIVE_ENABLE_VISIBILITY -I/project/build/cp310-cp310-linux_x86_64/_deps/libarchive-src/libarchive -I/project/build/cp310-cp310-linux_x86_64/_deps/libarchive-build -I/project/build/cp310-cp310-linux_x86_64/_deps/libarchive-src/tar/../libarchive_fe -I/project/build/cp310-cp310-linux_x86_64/_deps/libarchive-src/libarchive/. -Wall -Wformat -Wformat-security -ffunction-sections -fdata-sections -fvisibility=hidden -O3 -DNDEBUG -Wno-dev -MD -MT _deps/libarchive-build/tar/CMakeFiles/bsdtar.dir/creation_set.c.o -MF _deps/libarchive-build/tar/CMakeFiles/bsdtar.dir/creation_set.c.o.d -o _deps/libarchive-build/tar/CMakeFiles/bsdtar.dir/creation_set.c.o -c /project/build/cp310-cp310-linux_x86_64/_deps/libarchive-src/tar/creation_set.c
[478/514] /opt/rh/devtoolset-10/root/usr/bin/gcc  -pthread -DHAVE_CONFIG_H -D__LIBARCHIVE_ENABLE_VISIBILITY -I/project/build/cp310-cp310-linux_x86_64/_deps/libarchive-src/libarchive -I/project/build/cp310-cp310-linux_x86_64/_deps/libarchive-build -I/project/build/cp310-cp310-linux_x86_64/_deps/libarchive-src/tar/../libarchive_fe -I/project/build/cp310-cp310-linux_x86_64/_deps/libarchive-src/libarchive/. -Wall -Wformat -Wformat-security -ffunction-sections -fdata-sections -fvisibility=hidden -O3 -DNDEBUG -Wno-dev -MD -MT _deps/libarchive-build/tar/CMakeFiles/bsdtar.dir/cmdline.c.o -MF _deps/libarchive-build/tar/CMakeFiles/bsdtar.dir/cmdline.c.o.d -o _deps/libarchive-build/tar/CMakeFiles/bsdtar.dir/cmdline.c.o -c /project/build/cp310-cp310-linux_x86_64/_deps/libarchive-src/tar/cmdline.c
[479/514] /opt/rh/devtoolset-10/root/usr/bin/gcc  -pthread -DHAVE_CONFIG_H -DLIBARCHIVE_STATIC -D__LIBARCHIVE_ENABLE_VISIBILITY -I/project/build/cp310-cp310-linux_x86_64/_deps/libarchive-src/libarchive -I/project/build/cp310-cp310-linux_x86_64/_deps/libarchive-build -I/project/build/cp310-cp310-linux_x86_64/_deps/libarchive-src/libarchive/. -Wall -Wformat -Wformat-security -ffunction-sections -fdata-sections -fvisibility=hidden -O3 -DNDEBUG -Wno-dev -MD -MT _deps/libarchive-build/libarchive/CMakeFiles/archive_static.dir/archive_write_set_format_pax.c.o -MF _deps/libarchive-build/libarchive/CMakeFiles/archive_static.dir/archive_write_set_format_pax.c.o.d -o _deps/libarchive-build/libarchive/CMakeFiles/archive_static.dir/archive_write_set_format_pax.c.o -c /project/build/cp310-cp310-linux_x86_64/_deps/libarchive-src/libarchive/archive_write_set_format_pax.c
[480/514] /opt/rh/devtoolset-10/root/usr/bin/gcc  -pthread -DHAVE_CONFIG_H -D__LIBARCHIVE_ENABLE_VISIBILITY -I/project/build/cp310-cp310-linux_x86_64/_deps/libarchive-src/libarchive -I/project/build/cp310-cp310-linux_x86_64/_deps/libarchive-build -I/project/build/cp310-cp310-linux_x86_64/_deps/libarchive-src/tar/../libarchive_fe -I/project/build/cp310-cp310-linux_x86_64/_deps/libarchive-src/libarchive/. -Wall -Wformat -Wformat-security -ffunction-sections -fdata-sections -fvisibility=hidden -O3 -DNDEBUG -Wno-dev -MD -MT _deps/libarchive-build/tar/CMakeFiles/bsdtar.dir/bsdtar.c.o -MF _deps/libarchive-build/tar/CMakeFiles/bsdtar.dir/bsdtar.c.o.d -o _deps/libarchive-build/tar/CMakeFiles/bsdtar.dir/bsdtar.c.o -c /project/build/cp310-cp310-linux_x86_64/_deps/libarchive-src/tar/bsdtar.c
[481/514] /opt/rh/devtoolset-10/root/usr/bin/gcc  -pthread -DHAVE_CONFIG_H -D__LIBARCHIVE_ENABLE_VISIBILITY -I/project/build/cp310-cp310-linux_x86_64/_deps/libarchive-src/libarchive -I/project/build/cp310-cp310-linux_x86_64/_deps/libarchive-build -I/project/build/cp310-cp310-linux_x86_64/_deps/libarchive-src/tar/../libarchive_fe -I/project/build/cp310-cp310-linux_x86_64/_deps/libarchive-src/libarchive/. -Wall -Wformat -Wformat-security -ffunction-sections -fdata-sections -fvisibility=hidden -O3 -DNDEBUG -Wno-dev -MD -MT _deps/libarchive-build/tar/CMakeFiles/bsdtar.dir/__/libarchive_fe/err.c.o -MF _deps/libarchive-build/tar/CMakeFiles/bsdtar.dir/__/libarchive_fe/err.c.o.d -o _deps/libarchive-build/tar/CMakeFiles/bsdtar.dir/__/libarchive_fe/err.c.o -c /project/build/cp310-cp310-linux_x86_64/_deps/libarchive-src/libarchive_fe/err.c
[482/514] /opt/rh/devtoolset-10/root/usr/bin/gcc  -pthread -DHAVE_CONFIG_H -D__LIBARCHIVE_ENABLE_VISIBILITY -I/project/build/cp310-cp310-linux_x86_64/_deps/libarchive-src/libarchive -I/project/build/cp310-cp310-linux_x86_64/_deps/libarchive-build -I/project/build/cp310-cp310-linux_x86_64/_deps/libarchive-src/tar/../libarchive_fe -I/project/build/cp310-cp310-linux_x86_64/_deps/libarchive-src/libarchive/. -Wall -Wformat -Wformat-security -ffunction-sections -fdata-sections -fvisibility=hidden -O3 -DNDEBUG -Wno-dev -MD -MT _deps/libarchive-build/tar/CMakeFiles/bsdtar.dir/read.c.o -MF _deps/libarchive-build/tar/CMakeFiles/bsdtar.dir/read.c.o.d -o _deps/libarchive-build/tar/CMakeFiles/bsdtar.dir/read.c.o -c /project/build/cp310-cp310-linux_x86_64/_deps/libarchive-src/tar/read.c
[483/514] /opt/rh/devtoolset-10/root/usr/bin/gcc  -pthread -DHAVE_CONFIG_H -D__LIBARCHIVE_ENABLE_VISIBILITY -I/project/build/cp310-cp310-linux_x86_64/_deps/libarchive-src/libarchive -I/project/build/cp310-cp310-linux_x86_64/_deps/libarchive-build -I/project/build/cp310-cp310-linux_x86_64/_deps/libarchive-src/tar/../libarchive_fe -I/project/build/cp310-cp310-linux_x86_64/_deps/libarchive-src/libarchive/. -Wall -Wformat -Wformat-security -ffunction-sections -fdata-sections -fvisibility=hidden -O3 -DNDEBUG -Wno-dev -MD -MT _deps/libarchive-build/tar/CMakeFiles/bsdtar.dir/__/libarchive_fe/line_reader.c.o -MF _deps/libarchive-build/tar/CMakeFiles/bsdtar.dir/__/libarchive_fe/line_reader.c.o.d -o _deps/libarchive-build/tar/CMakeFiles/bsdtar.dir/__/libarchive_fe/line_reader.c.o -c /project/build/cp310-cp310-linux_x86_64/_deps/libarchive-src/libarchive_fe/line_reader.c
[484/514] /opt/rh/devtoolset-10/root/usr/bin/gcc  -pthread -DHAVE_CONFIG_H -DLIBARCHIVE_STATIC -D__LIBARCHIVE_ENABLE_VISIBILITY -I/project/build/cp310-cp310-linux_x86_64/_deps/libarchive-src/libarchive -I/project/build/cp310-cp310-linux_x86_64/_deps/libarchive-build -I/project/build/cp310-cp310-linux_x86_64/_deps/libarchive-src/libarchive/. -Wall -Wformat -Wformat-security -ffunction-sections -fdata-sections -fvisibility=hidden -O3 -DNDEBUG -Wno-dev -MD -MT _deps/libarchive-build/libarchive/CMakeFiles/archive_static.dir/archive_write_set_format_zip.c.o -MF _deps/libarchive-build/libarchive/CMakeFiles/archive_static.dir/archive_write_set_format_zip.c.o.d -o _deps/libarchive-build/libarchive/CMakeFiles/archive_static.dir/archive_write_set_format_zip.c.o -c /project/build/cp310-cp310-linux_x86_64/_deps/libarchive-src/libarchive/archive_write_set_format_zip.c
[485/514] /opt/rh/devtoolset-10/root/usr/bin/gcc  -pthread -DHAVE_CONFIG_H -D__LIBARCHIVE_ENABLE_VISIBILITY -I/project/build/cp310-cp310-linux_x86_64/_deps/libarchive-src/libarchive -I/project/build/cp310-cp310-linux_x86_64/_deps/libarchive-build -I/project/build/cp310-cp310-linux_x86_64/_deps/libarchive-src/tar/../libarchive_fe -I/project/build/cp310-cp310-linux_x86_64/_deps/libarchive-src/libarchive/. -Wall -Wformat -Wformat-security -ffunction-sections -fdata-sections -fvisibility=hidden -O3 -DNDEBUG -Wno-dev -MD -MT _deps/libarchive-build/tar/CMakeFiles/bsdtar.dir/subst.c.o -MF _deps/libarchive-build/tar/CMakeFiles/bsdtar.dir/subst.c.o.d -o _deps/libarchive-build/tar/CMakeFiles/bsdtar.dir/subst.c.o -c /project/build/cp310-cp310-linux_x86_64/_deps/libarchive-src/tar/subst.c
[486/514] /opt/rh/devtoolset-10/root/usr/bin/gcc  -pthread -DHAVE_CONFIG_H -DLIBARCHIVE_STATIC -D__LIBARCHIVE_ENABLE_VISIBILITY -I/project/build/cp310-cp310-linux_x86_64/_deps/libarchive-src/libarchive -I/project/build/cp310-cp310-linux_x86_64/_deps/libarchive-build -I/project/build/cp310-cp310-linux_x86_64/_deps/libarchive-src/unzip/../libarchive_fe -I/project/build/cp310-cp310-linux_x86_64/_deps/libarchive-src/libarchive/. -Wall -Wformat -Wformat-security -ffunction-sections -fdata-sections -fvisibility=hidden -O3 -DNDEBUG -Wno-dev -MD -MT _deps/libarchive-build/unzip/CMakeFiles/bsdunzip.dir/la_getline.c.o -MF _deps/libarchive-build/unzip/CMakeFiles/bsdunzip.dir/la_getline.c.o.d -o _deps/libarchive-build/unzip/CMakeFiles/bsdunzip.dir/la_getline.c.o -c /project/build/cp310-cp310-linux_x86_64/_deps/libarchive-src/unzip/la_getline.c
[487/514] /opt/rh/devtoolset-10/root/usr/bin/gcc  -pthread -DHAVE_CONFIG_H -DLIBARCHIVE_STATIC -D__LIBARCHIVE_ENABLE_VISIBILITY -I/project/build/cp310-cp310-linux_x86_64/_deps/libarchive-src/libarchive -I/project/build/cp310-cp310-linux_x86_64/_deps/libarchive-build -I/project/build/cp310-cp310-linux_x86_64/_deps/libarchive-src/unzip/../libarchive_fe -I/project/build/cp310-cp310-linux_x86_64/_deps/libarchive-src/libarchive/. -Wall -Wformat -Wformat-security -ffunction-sections -fdata-sections -fvisibility=hidden -O3 -DNDEBUG -Wno-dev -MD -MT _deps/libarchive-build/unzip/CMakeFiles/bsdunzip.dir/cmdline.c.o -MF _deps/libarchive-build/unzip/CMakeFiles/bsdunzip.dir/cmdline.c.o.d -o _deps/libarchive-build/unzip/CMakeFiles/bsdunzip.dir/cmdline.c.o -c /project/build/cp310-cp310-linux_x86_64/_deps/libarchive-src/unzip/cmdline.c
[488/514] /opt/rh/devtoolset-10/root/usr/bin/gcc  -pthread -DHAVE_CONFIG_H -DLIBARCHIVE_STATIC -D__LIBARCHIVE_ENABLE_VISIBILITY -I/project/build/cp310-cp310-linux_x86_64/_deps/libarchive-src/libarchive -I/project/build/cp310-cp310-linux_x86_64/_deps/libarchive-build -I/project/build/cp310-cp310-linux_x86_64/_deps/libarchive-src/libarchive/. -Wall -Wformat -Wformat-security -ffunction-sections -fdata-sections -fvisibility=hidden -O3 -DNDEBUG -Wno-dev -MD -MT _deps/libarchive-build/libarchive/CMakeFiles/archive_static.dir/archive_blake2s_ref.c.o -MF _deps/libarchive-build/libarchive/CMakeFiles/archive_static.dir/archive_blake2s_ref.c.o.d -o _deps/libarchive-build/libarchive/CMakeFiles/archive_static.dir/archive_blake2s_ref.c.o -c /project/build/cp310-cp310-linux_x86_64/_deps/libarchive-src/libarchive/archive_blake2s_ref.c
[489/514] /opt/rh/devtoolset-10/root/usr/bin/gcc  -pthread -DHAVE_CONFIG_H -DLIBARCHIVE_STATIC -D__LIBARCHIVE_ENABLE_VISIBILITY -I/project/build/cp310-cp310-linux_x86_64/_deps/libarchive-src/libarchive -I/project/build/cp310-cp310-linux_x86_64/_deps/libarchive-build -I/project/build/cp310-cp310-linux_x86_64/_deps/libarchive-src/unzip/../libarchive_fe -I/project/build/cp310-cp310-linux_x86_64/_deps/libarchive-src/libarchive/. -Wall -Wformat -Wformat-security -ffunction-sections -fdata-sections -fvisibility=hidden -O3 -DNDEBUG -Wno-dev -MD -MT _deps/libarchive-build/unzip/CMakeFiles/bsdunzip.dir/__/libarchive_fe/err.c.o -MF _deps/libarchive-build/unzip/CMakeFiles/bsdunzip.dir/__/libarchive_fe/err.c.o.d -o _deps/libarchive-build/unzip/CMakeFiles/bsdunzip.dir/__/libarchive_fe/err.c.o -c /project/build/cp310-cp310-linux_x86_64/_deps/libarchive-src/libarchive_fe/err.c
[490/514] /opt/rh/devtoolset-10/root/usr/bin/gcc  -pthread -DHAVE_CONFIG_H -D__LIBARCHIVE_ENABLE_VISIBILITY -I/project/build/cp310-cp310-linux_x86_64/_deps/libarchive-src/libarchive -I/project/build/cp310-cp310-linux_x86_64/_deps/libarchive-build -I/project/build/cp310-cp310-linux_x86_64/_deps/libarchive-src/tar/../libarchive_fe -I/project/build/cp310-cp310-linux_x86_64/_deps/libarchive-src/libarchive/. -Wall -Wformat -Wformat-security -ffunction-sections -fdata-sections -fvisibility=hidden -O3 -DNDEBUG -Wno-dev -MD -MT _deps/libarchive-build/tar/CMakeFiles/bsdtar.dir/__/libarchive_fe/passphrase.c.o -MF _deps/libarchive-build/tar/CMakeFiles/bsdtar.dir/__/libarchive_fe/passphrase.c.o.d -o _deps/libarchive-build/tar/CMakeFiles/bsdtar.dir/__/libarchive_fe/passphrase.c.o -c /project/build/cp310-cp310-linux_x86_64/_deps/libarchive-src/libarchive_fe/passphrase.c
[491/514] /opt/rh/devtoolset-10/root/usr/bin/gcc  -pthread -DHAVE_CONFIG_H -D__LIBARCHIVE_ENABLE_VISIBILITY -I/project/build/cp310-cp310-linux_x86_64/_deps/libarchive-src/libarchive -I/project/build/cp310-cp310-linux_x86_64/_deps/libarchive-build -I/project/build/cp310-cp310-linux_x86_64/_deps/libarchive-src/tar/../libarchive_fe -I/project/build/cp310-cp310-linux_x86_64/_deps/libarchive-src/libarchive/. -Wall -Wformat -Wformat-security -ffunction-sections -fdata-sections -fvisibility=hidden -O3 -DNDEBUG -Wno-dev -MD -MT _deps/libarchive-build/tar/CMakeFiles/bsdtar.dir/util.c.o -MF _deps/libarchive-build/tar/CMakeFiles/bsdtar.dir/util.c.o.d -o _deps/libarchive-build/tar/CMakeFiles/bsdtar.dir/util.c.o -c /project/build/cp310-cp310-linux_x86_64/_deps/libarchive-src/tar/util.c
[492/514] /opt/rh/devtoolset-10/root/usr/bin/gcc  -pthread -DHAVE_CONFIG_H -DLIBARCHIVE_STATIC -D__LIBARCHIVE_ENABLE_VISIBILITY -I/project/build/cp310-cp310-linux_x86_64/_deps/libarchive-src/libarchive -I/project/build/cp310-cp310-linux_x86_64/_deps/libarchive-build -I/project/build/cp310-cp310-linux_x86_64/_deps/libarchive-src/unzip/../libarchive_fe -I/project/build/cp310-cp310-linux_x86_64/_deps/libarchive-src/libarchive/. -Wall -Wformat -Wformat-security -ffunction-sections -fdata-sections -fvisibility=hidden -O3 -DNDEBUG -Wno-dev -MD -MT _deps/libarchive-build/unzip/CMakeFiles/bsdunzip.dir/__/libarchive_fe/passphrase.c.o -MF _deps/libarchive-build/unzip/CMakeFiles/bsdunzip.dir/__/libarchive_fe/passphrase.c.o.d -o _deps/libarchive-build/unzip/CMakeFiles/bsdunzip.dir/__/libarchive_fe/passphrase.c.o -c /project/build/cp310-cp310-linux_x86_64/_deps/libarchive-src/libarchive_fe/passphrase.c
[493/514] /opt/rh/devtoolset-10/root/usr/bin/gcc  -pthread -DHAVE_CONFIG_H -D__LIBARCHIVE_ENABLE_VISIBILITY -I/project/build/cp310-cp310-linux_x86_64/_deps/libarchive-src/libarchive -I/project/build/cp310-cp310-linux_x86_64/_deps/libarchive-build -I/project/build/cp310-cp310-linux_x86_64/_deps/libarchive-src/tar/../libarchive_fe -I/project/build/cp310-cp310-linux_x86_64/_deps/libarchive-src/libarchive/. -Wall -Wformat -Wformat-security -ffunction-sections -fdata-sections -fvisibility=hidden -O3 -DNDEBUG -Wno-dev -MD -MT _deps/libarchive-build/tar/CMakeFiles/bsdtar.dir/write.c.o -MF _deps/libarchive-build/tar/CMakeFiles/bsdtar.dir/write.c.o.d -o _deps/libarchive-build/tar/CMakeFiles/bsdtar.dir/write.c.o -c /project/build/cp310-cp310-linux_x86_64/_deps/libarchive-src/tar/write.c
[494/514] : && /opt/rh/devtoolset-10/root/usr/bin/gcc  -pthread -Wall -Wformat -Wformat-security -ffunction-sections -fdata-sections -fvisibility=hidden -O3 -DNDEBUG -Wl,--gc-sections _deps/libarchive-build/tar/CMakeFiles/bsdtar.dir/bsdtar.c.o _deps/libarchive-build/tar/CMakeFiles/bsdtar.dir/cmdline.c.o _deps/libarchive-build/tar/CMakeFiles/bsdtar.dir/creation_set.c.o _deps/libarchive-build/tar/CMakeFiles/bsdtar.dir/read.c.o _deps/libarchive-build/tar/CMakeFiles/bsdtar.dir/subst.c.o _deps/libarchive-build/tar/CMakeFiles/bsdtar.dir/util.c.o _deps/libarchive-build/tar/CMakeFiles/bsdtar.dir/write.c.o _deps/libarchive-build/tar/CMakeFiles/bsdtar.dir/__/libarchive_fe/err.c.o _deps/libarchive-build/tar/CMakeFiles/bsdtar.dir/__/libarchive_fe/line_reader.c.o _deps/libarchive-build/tar/CMakeFiles/bsdtar.dir/__/libarchive_fe/passphrase.c.o -o _deps/libarchive-build/bin/bsdtar  -Wl,-rpath,/project/build/cp310-cp310-linux_x86_64/_deps/libarchive-build/libarchive:  _deps/libarchive-build/libarchive/libarchive.so.13.7.6  -lz  -lcrypto  -lexpat  -lssl && :
[495/514] /opt/rh/devtoolset-10/root/usr/bin/gcc  -pthread -DHAVE_CONFIG_H -DLIBARCHIVE_STATIC -D__LIBARCHIVE_ENABLE_VISIBILITY -I/project/build/cp310-cp310-linux_x86_64/_deps/libarchive-src/libarchive -I/project/build/cp310-cp310-linux_x86_64/_deps/libarchive-build -I/project/build/cp310-cp310-linux_x86_64/_deps/libarchive-src/unzip/../libarchive_fe -I/project/build/cp310-cp310-linux_x86_64/_deps/libarchive-src/libarchive/. -Wall -Wformat -Wformat-security -ffunction-sections -fdata-sections -fvisibility=hidden -O3 -DNDEBUG -Wno-dev -MD -MT _deps/libarchive-build/unzip/CMakeFiles/bsdunzip.dir/bsdunzip.c.o -MF _deps/libarchive-build/unzip/CMakeFiles/bsdunzip.dir/bsdunzip.c.o.d -o _deps/libarchive-build/unzip/CMakeFiles/bsdunzip.dir/bsdunzip.c.o -c /project/build/cp310-cp310-linux_x86_64/_deps/libarchive-src/unzip/bsdunzip.c
[496/514] /opt/rh/devtoolset-10/root/usr/bin/g++  -pthread -DNB_SHARED -DVERSION_INFO=1.0.4 -D_core_EXPORTS -I/opt/python/cp310-cp310/include/python3.10 -I/tmp/build-env-wz1cm6ml/lib/python3.10/site-packages/nanobind/include -I/project/include -O3 -DNDEBUG -std=c++2a -fPIC -fvisibility=hidden -Wno-dev -fno-stack-protector -Os -MD -MT geodepot-py/CMakeFiles/_core.dir/src/geodepot-py.cpp.o -MF geodepot-py/CMakeFiles/_core.dir/src/geodepot-py.cpp.o.d -o geodepot-py/CMakeFiles/_core.dir/src/geodepot-py.cpp.o -c /project/geodepot-py/src/geodepot-py.cpp
[497/514] /opt/rh/devtoolset-10/root/usr/bin/gcc  -pthread -DHAVE_CONFIG_H -DLIBARCHIVE_STATIC -D__LIBARCHIVE_ENABLE_VISIBILITY -I/project/build/cp310-cp310-linux_x86_64/_deps/libarchive-src/libarchive -I/project/build/cp310-cp310-linux_x86_64/_deps/libarchive-build -I/project/build/cp310-cp310-linux_x86_64/_deps/libarchive-src/libarchive/. -Wall -Wformat -Wformat-security -ffunction-sections -fdata-sections -fvisibility=hidden -O3 -DNDEBUG -Wno-dev -MD -MT _deps/libarchive-build/libarchive/CMakeFiles/archive_static.dir/archive_write_set_format_iso9660.c.o -MF _deps/libarchive-build/libarchive/CMakeFiles/archive_static.dir/archive_write_set_format_iso9660.c.o.d -o _deps/libarchive-build/libarchive/CMakeFiles/archive_static.dir/archive_write_set_format_iso9660.c.o -c /project/build/cp310-cp310-linux_x86_64/_deps/libarchive-src/libarchive/archive_write_set_format_iso9660.c
[498/514] : && /opt/_internal/pipx/venvs/cmake/lib/python3.12/site-packages/cmake/data/bin/cmake -E rm -f _deps/libarchive-build/libarchive/libarchive.a && /opt/rh/devtoolset-10/root/usr/bin/ar qc _deps/libarchive-build/libarchive/libarchive.a  _deps/libarchive-build/libarchive/CMakeFiles/archive_static.dir/archive_acl.c.o _deps/libarchive-build/libarchive/CMakeFiles/archive_static.dir/archive_check_magic.c.o _deps/libarchive-build/libarchive/CMakeFiles/archive_static.dir/archive_cmdline.c.o _deps/libarchive-build/libarchive/CMakeFiles/archive_static.dir/archive_cryptor.c.o _deps/libarchive-build/libarchive/CMakeFiles/archive_static.dir/archive_digest.c.o _deps/libarchive-build/libarchive/CMakeFiles/archive_static.dir/archive_entry.c.o _deps/libarchive-build/libarchive/CMakeFiles/archive_static.dir/archive_entry_copy_stat.c.o _deps/libarchive-build/libarchive/CMakeFiles/archive_static.dir/archive_entry_link_resolver.c.o _deps/libarchive-build/libarchive/CMakeFiles/archive_static.dir/archive_entry_sparse.c.o _deps/libarchive-build/libarchive/CMakeFiles/archive_static.dir/archive_entry_stat.c.o _deps/libarchive-build/libarchive/CMakeFiles/archive_static.dir/archive_entry_strmode.c.o _deps/libarchive-build/libarchive/CMakeFiles/archive_static.dir/archive_entry_xattr.c.o _deps/libarchive-build/libarchive/CMakeFiles/archive_static.dir/archive_getdate.c.o _deps/libarchive-build/libarchive/CMakeFiles/archive_static.dir/archive_hmac.c.o _deps/libarchive-build/libarchive/CMakeFiles/archive_static.dir/archive_match.c.o _deps/libarchive-build/libarchive/CMakeFiles/archive_static.dir/archive_options.c.o _deps/libarchive-build/libarchive/CMakeFiles/archive_static.dir/archive_pack_dev.c.o _deps/libarchive-build/libarchive/CMakeFiles/archive_static.dir/archive_pathmatch.c.o _deps/libarchive-build/libarchive/CMakeFiles/archive_static.dir/archive_ppmd8.c.o _deps/libarchive-build/libarchive/CMakeFiles/archive_static.dir/archive_ppmd7.c.o _deps/libarchive-build/libarchive/CMakeFiles/archive_static.dir/archive_random.c.o _deps/libarchive-build/libarchive/CMakeFiles/archive_static.dir/archive_rb.c.o _deps/libarchive-build/libarchive/CMakeFiles/archive_static.dir/archive_read.c.o _deps/libarchive-build/libarchive/CMakeFiles/archive_static.dir/archive_read_add_passphrase.c.o _deps/libarchive-build/libarchive/CMakeFiles/archive_static.dir/archive_read_append_filter.c.o _deps/libarchive-build/libarchive/CMakeFiles/archive_static.dir/archive_read_data_into_fd.c.o _deps/libarchive-build/libarchive/CMakeFiles/archive_static.dir/archive_read_disk_entry_from_file.c.o _deps/libarchive-build/libarchive/CMakeFiles/archive_static.dir/archive_read_disk_posix.c.o _deps/libarchive-build/libarchive/CMakeFiles/archive_static.dir/archive_read_disk_set_standard_lookup.c.o _deps/libarchive-build/libarchive/CMakeFiles/archive_static.dir/archive_read_extract.c.o _deps/libarchive-build/libarchive/CMakeFiles/archive_static.dir/archive_read_extract2.c.o _deps/libarchive-build/libarchive/CMakeFiles/archive_static.dir/archive_read_open_fd.c.o _deps/libarchive-build/libarchive/CMakeFiles/archive_static.dir/archive_read_open_file.c.o _deps/libarchive-build/libarchive/CMakeFiles/archive_static.dir/archive_read_open_filename.c.o _deps/libarchive-build/libarchive/CMakeFiles/archive_static.dir/archive_read_open_memory.c.o _deps/libarchive-build/libarchive/CMakeFiles/archive_static.dir/archive_read_set_format.c.o _deps/libarchive-build/libarchive/CMakeFiles/archive_static.dir/archive_read_set_options.c.o _deps/libarchive-build/libarchive/CMakeFiles/archive_static.dir/archive_read_support_filter_all.c.o _deps/libarchive-build/libarchive/CMakeFiles/archive_static.dir/archive_read_support_filter_by_code.c.o _deps/libarchive-build/libarchive/CMakeFiles/archive_static.dir/archive_read_support_filter_bzip2.c.o _deps/libarchive-build/libarchive/CMakeFiles/archive_static.dir/archive_read_support_filter_compress.c.o _deps/libarchive-build/libarchive/CMakeFiles/archive_static.dir/archive_read_support_filter_gzip.c.o _deps/libarchive-build/libarchive/CMakeFiles/archive_static.dir/archive_read_support_filter_grzip.c.o _deps/libarchive-build/libarchive/CMakeFiles/archive_static.dir/archive_read_support_filter_lrzip.c.o _deps/libarchive-build/libarchive/CMakeFiles/archive_static.dir/archive_read_support_filter_lz4.c.o _deps/libarchive-build/libarchive/CMakeFiles/archive_static.dir/archive_read_support_filter_lzop.c.o _deps/libarchive-build/libarchive/CMakeFiles/archive_static.dir/archive_read_support_filter_none.c.o _deps/libarchive-build/libarchive/CMakeFiles/archive_static.dir/archive_read_support_filter_program.c.o _deps/libarchive-build/libarchive/CMakeFiles/archive_static.dir/archive_read_support_filter_rpm.c.o _deps/libarchive-build/libarchive/CMakeFiles/archive_static.dir/archive_read_support_filter_uu.c.o _deps/libarchive-build/libarchive/CMakeFiles/archive_static.dir/archive_read_support_filter_xz.c.o _deps/libarchive-build/libarchive/CMakeFiles/archive_static.dir/archive_read_support_filter_zstd.c.o _deps/libarchive-build/libarchive/CMakeFiles/archive_static.dir/archive_read_support_format_7zip.c.o _deps/libarchive-build/libarchive/CMakeFiles/archive_static.dir/archive_read_support_format_all.c.o _deps/libarchive-build/libarchive/CMakeFiles/archive_static.dir/archive_read_support_format_ar.c.o _deps/libarchive-build/libarchive/CMakeFiles/archive_static.dir/archive_read_support_format_by_code.c.o _deps/libarchive-build/libarchive/CMakeFiles/archive_static.dir/archive_read_support_format_cab.c.o _deps/libarchive-build/libarchive/CMakeFiles/archive_static.dir/archive_read_support_format_cpio.c.o _deps/libarchive-build/libarchive/CMakeFiles/archive_static.dir/archive_read_support_format_empty.c.o _deps/libarchive-build/libarchive/CMakeFiles/archive_static.dir/archive_read_support_format_iso9660.c.o _deps/libarchive-build/libarchive/CMakeFiles/archive_static.dir/archive_read_support_format_lha.c.o _deps/libarchive-build/libarchive/CMakeFiles/archive_static.dir/archive_read_support_format_mtree.c.o _deps/libarchive-build/libarchive/CMakeFiles/archive_static.dir/archive_read_support_format_rar.c.o _deps/libarchive-build/libarchive/CMakeFiles/archive_static.dir/archive_read_support_format_rar5.c.o _deps/libarchive-build/libarchive/CMakeFiles/archive_static.dir/archive_read_support_format_raw.c.o _deps/libarchive-build/libarchive/CMakeFiles/archive_static.dir/archive_read_support_format_tar.c.o _deps/libarchive-build/libarchive/CMakeFiles/archive_static.dir/archive_read_support_format_warc.c.o _deps/libarchive-build/libarchive/CMakeFiles/archive_static.dir/archive_read_support_format_xar.c.o _deps/libarchive-build/libarchive/CMakeFiles/archive_static.dir/archive_read_support_format_zip.c.o _deps/libarchive-build/libarchive/CMakeFiles/archive_static.dir/archive_string.c.o _deps/libarchive-build/libarchive/CMakeFiles/archive_static.dir/archive_string_sprintf.c.o _deps/libarchive-build/libarchive/CMakeFiles/archive_static.dir/archive_util.c.o _deps/libarchive-build/libarchive/CMakeFiles/archive_static.dir/archive_version_details.c.o _deps/libarchive-build/libarchive/CMakeFiles/archive_static.dir/archive_virtual.c.o _deps/libarchive-build/libarchive/CMakeFiles/archive_static.dir/archive_write.c.o _deps/libarchive-build/libarchive/CMakeFiles/archive_static.dir/archive_write_disk_posix.c.o _deps/libarchive-build/libarchive/CMakeFiles/archive_static.dir/archive_write_disk_set_standard_lookup.c.o _deps/libarchive-build/libarchive/CMakeFiles/archive_static.dir/archive_write_open_fd.c.o _deps/libarchive-build/libarchive/CMakeFiles/archive_static.dir/archive_write_open_file.c.o _deps/libarchive-build/libarchive/CMakeFiles/archive_static.dir/archive_write_open_filename.c.o _deps/libarchive-build/libarchive/CMakeFiles/archive_static.dir/archive_write_open_memory.c.o _deps/libarchive-build/libarchive/CMakeFiles/archive_static.dir/archive_write_add_filter.c.o _deps/libarchive-build/libarchive/CMakeFiles/archive_static.dir/archive_write_add_filter_b64encode.c.o _deps/libarchive-build/libarchive/CMakeFiles/archive_static.dir/archive_write_add_filter_by_name.c.o _deps/libarchive-build/libarchive/CMakeFiles/archive_static.dir/archive_write_add_filter_bzip2.c.o _deps/libarchive-build/libarchive/CMakeFiles/archive_static.dir/archive_write_add_filter_compress.c.o _deps/libarchive-build/libarchive/CMakeFiles/archive_static.dir/archive_write_add_filter_grzip.c.o _deps/libarchive-build/libarchive/CMakeFiles/archive_static.dir/archive_write_add_filter_gzip.c.o _deps/libarchive-build/libarchive/CMakeFiles/archive_static.dir/archive_write_add_filter_lrzip.c.o _deps/libarchive-build/libarchive/CMakeFiles/archive_static.dir/archive_write_add_filter_lz4.c.o _deps/libarchive-build/libarchive/CMakeFiles/archive_static.dir/archive_write_add_filter_lzop.c.o _deps/libarchive-build/libarchive/CMakeFiles/archive_static.dir/archive_write_add_filter_none.c.o _deps/libarchive-build/libarchive/CMakeFiles/archive_static.dir/archive_write_add_filter_program.c.o _deps/libarchive-build/libarchive/CMakeFiles/archive_static.dir/archive_write_add_filter_uuencode.c.o _deps/libarchive-build/libarchive/CMakeFiles/archive_static.dir/archive_write_add_filter_xz.c.o _deps/libarchive-build/libarchive/CMakeFiles/archive_static.dir/archive_write_add_filter_zstd.c.o _deps/libarchive-build/libarchive/CMakeFiles/archive_static.dir/archive_write_set_format.c.o _deps/libarchive-build/libarchive/CMakeFiles/archive_static.dir/archive_write_set_format_7zip.c.o _deps/libarchive-build/libarchive/CMakeFiles/archive_static.dir/archive_write_set_format_ar.c.o _deps/libarchive-build/libarchive/CMakeFiles/archive_static.dir/archive_write_set_format_by_name.c.o _deps/libarchive-build/libarchive/CMakeFiles/archive_static.dir/archive_write_set_format_cpio.c.o _deps/libarchive-build/libarchive/CMakeFiles/archive_static.dir/archive_write_set_format_cpio_binary.c.o _deps/libarchive-build/libarchive/CMakeFiles/archive_static.dir/archive_write_set_format_cpio_newc.c.o _deps/libarchive-build/libarchive/CMakeFiles/archive_static.dir/archive_write_set_format_cpio_odc.c.o _deps/libarchive-build/libarchive/CMakeFiles/archive_static.dir/archive_write_set_format_filter_by_ext.c.o _deps/libarchive-build/libarchive/CMakeFiles/archive_static.dir/archive_write_set_format_gnutar.c.o _deps/libarchive-build/libarchive/CMakeFiles/archive_static.dir/archive_write_set_format_iso9660.c.o _deps/libarchive-build/libarchive/CMakeFiles/archive_static.dir/archive_write_set_format_mtree.c.o _deps/libarchive-build/libarchive/CMakeFiles/archive_static.dir/archive_write_set_format_pax.c.o _deps/libarchive-build/libarchive/CMakeFiles/archive_static.dir/archive_write_set_format_raw.c.o _deps/libarchive-build/libarchive/CMakeFiles/archive_static.dir/archive_write_set_format_shar.c.o _deps/libarchive-build/libarchive/CMakeFiles/archive_static.dir/archive_write_set_format_ustar.c.o _deps/libarchive-build/libarchive/CMakeFiles/archive_static.dir/archive_write_set_format_v7tar.c.o _deps/libarchive-build/libarchive/CMakeFiles/archive_static.dir/archive_write_set_format_warc.c.o _deps/libarchive-build/libarchive/CMakeFiles/archive_static.dir/archive_write_set_format_xar.c.o _deps/libarchive-build/libarchive/CMakeFiles/archive_static.dir/archive_write_set_format_zip.c.o _deps/libarchive-build/libarchive/CMakeFiles/archive_static.dir/archive_write_set_options.c.o _deps/libarchive-build/libarchive/CMakeFiles/archive_static.dir/archive_write_set_passphrase.c.o _deps/libarchive-build/libarchive/CMakeFiles/archive_static.dir/filter_fork_posix.c.o _deps/libarchive-build/libarchive/CMakeFiles/archive_static.dir/xxhash.c.o _deps/libarchive-build/libarchive/CMakeFiles/archive_static.dir/archive_blake2sp_ref.c.o _deps/libarchive-build/libarchive/CMakeFiles/archive_static.dir/archive_blake2s_ref.c.o && /opt/rh/devtoolset-10/root/usr/bin/ranlib _deps/libarchive-build/libarchive/libarchive.a && :
[499/514] /opt/rh/devtoolset-10/root/usr/bin/g++  -pthread -DNB_BUILD -DNB_COMPACT_ASSERTIONS -DNB_SHARED -Dnanobind_EXPORTS -I/tmp/build-env-wz1cm6ml/lib/python3.10/site-packages/nanobind/ext/robin_map/include -I/opt/python/cp310-cp310/include/python3.10 -I/tmp/build-env-wz1cm6ml/lib/python3.10/site-packages/nanobind/include -O3 -DNDEBUG -std=c++2a -flto=auto -fno-fat-lto-objects -fPIC -fvisibility=hidden -Wno-dev -fno-strict-aliasing -MD -MT geodepot-py/CMakeFiles/nanobind.dir/tmp/build-env-wz1cm6ml/lib/python3.10/site-packages/nanobind/src/nb_internals.cpp.o -MF geodepot-py/CMakeFiles/nanobind.dir/tmp/build-env-wz1cm6ml/lib/python3.10/site-packages/nanobind/src/nb_internals.cpp.o.d -o geodepot-py/CMakeFiles/nanobind.dir/tmp/build-env-wz1cm6ml/lib/python3.10/site-packages/nanobind/src/nb_internals.cpp.o -c /tmp/build-env-wz1cm6ml/lib/python3.10/site-packages/nanobind/src/nb_internals.cpp
[500/514] : && /opt/rh/devtoolset-10/root/usr/bin/gcc  -pthread -Wall -Wformat -Wformat-security -ffunction-sections -fdata-sections -fvisibility=hidden -O3 -DNDEBUG -Wl,--gc-sections _deps/libarchive-build/unzip/CMakeFiles/bsdunzip.dir/bsdunzip.c.o _deps/libarchive-build/unzip/CMakeFiles/bsdunzip.dir/cmdline.c.o _deps/libarchive-build/unzip/CMakeFiles/bsdunzip.dir/la_getline.c.o _deps/libarchive-build/unzip/CMakeFiles/bsdunzip.dir/__/libarchive_fe/err.c.o _deps/libarchive-build/unzip/CMakeFiles/bsdunzip.dir/__/libarchive_fe/passphrase.c.o -o _deps/libarchive-build/bin/bsdunzip  _deps/libarchive-build/libarchive/libarchive.a  -lz  -lcrypto  -lexpat  -lssl && :
[501/514] : && /opt/rh/devtoolset-10/root/usr/bin/gcc  -pthread -Wall -Wformat -Wformat-security -ffunction-sections -fdata-sections -fvisibility=hidden -O3 -DNDEBUG -Wl,--gc-sections _deps/libarchive-build/cat/CMakeFiles/bsdcat.dir/bsdcat.c.o _deps/libarchive-build/cat/CMakeFiles/bsdcat.dir/cmdline.c.o _deps/libarchive-build/cat/CMakeFiles/bsdcat.dir/__/libarchive_fe/err.c.o -o _deps/libarchive-build/bin/bsdcat  _deps/libarchive-build/libarchive/libarchive.a  -lz  -lcrypto  -lexpat  -lssl && :
[502/514] /opt/rh/devtoolset-10/root/usr/bin/g++  -pthread -DNB_BUILD -DNB_COMPACT_ASSERTIONS -DNB_SHARED -Dnanobind_EXPORTS -I/tmp/build-env-wz1cm6ml/lib/python3.10/site-packages/nanobind/ext/robin_map/include -I/opt/python/cp310-cp310/include/python3.10 -I/tmp/build-env-wz1cm6ml/lib/python3.10/site-packages/nanobind/include -O3 -DNDEBUG -std=c++2a -flto=auto -fno-fat-lto-objects -fPIC -fvisibility=hidden -Wno-dev -fno-strict-aliasing -MD -MT geodepot-py/CMakeFiles/nanobind.dir/tmp/build-env-wz1cm6ml/lib/python3.10/site-packages/nanobind/src/nb_static_property.cpp.o -MF geodepot-py/CMakeFiles/nanobind.dir/tmp/build-env-wz1cm6ml/lib/python3.10/site-packages/nanobind/src/nb_static_property.cpp.o.d -o geodepot-py/CMakeFiles/nanobind.dir/tmp/build-env-wz1cm6ml/lib/python3.10/site-packages/nanobind/src/nb_static_property.cpp.o -c /tmp/build-env-wz1cm6ml/lib/python3.10/site-packages/nanobind/src/nb_static_property.cpp
[503/514] /opt/rh/devtoolset-10/root/usr/bin/g++  -pthread -DNB_BUILD -DNB_COMPACT_ASSERTIONS -DNB_SHARED -Dnanobind_EXPORTS -I/tmp/build-env-wz1cm6ml/lib/python3.10/site-packages/nanobind/ext/robin_map/include -I/opt/python/cp310-cp310/include/python3.10 -I/tmp/build-env-wz1cm6ml/lib/python3.10/site-packages/nanobind/include -O3 -DNDEBUG -std=c++2a -flto=auto -fno-fat-lto-objects -fPIC -fvisibility=hidden -Wno-dev -fno-strict-aliasing -MD -MT geodepot-py/CMakeFiles/nanobind.dir/tmp/build-env-wz1cm6ml/lib/python3.10/site-packages/nanobind/src/nb_func.cpp.o -MF geodepot-py/CMakeFiles/nanobind.dir/tmp/build-env-wz1cm6ml/lib/python3.10/site-packages/nanobind/src/nb_func.cpp.o.d -o geodepot-py/CMakeFiles/nanobind.dir/tmp/build-env-wz1cm6ml/lib/python3.10/site-packages/nanobind/src/nb_func.cpp.o -c /tmp/build-env-wz1cm6ml/lib/python3.10/site-packages/nanobind/src/nb_func.cpp
[504/514] /opt/rh/devtoolset-10/root/usr/bin/g++  -pthread -DNB_BUILD -DNB_COMPACT_ASSERTIONS -DNB_SHARED -Dnanobind_EXPORTS -I/tmp/build-env-wz1cm6ml/lib/python3.10/site-packages/nanobind/ext/robin_map/include -I/opt/python/cp310-cp310/include/python3.10 -I/tmp/build-env-wz1cm6ml/lib/python3.10/site-packages/nanobind/include -O3 -DNDEBUG -std=c++2a -flto=auto -fno-fat-lto-objects -fPIC -fvisibility=hidden -Wno-dev -fno-strict-aliasing -MD -MT geodepot-py/CMakeFiles/nanobind.dir/tmp/build-env-wz1cm6ml/lib/python3.10/site-packages/nanobind/src/nb_ndarray.cpp.o -MF geodepot-py/CMakeFiles/nanobind.dir/tmp/build-env-wz1cm6ml/lib/python3.10/site-packages/nanobind/src/nb_ndarray.cpp.o.d -o geodepot-py/CMakeFiles/nanobind.dir/tmp/build-env-wz1cm6ml/lib/python3.10/site-packages/nanobind/src/nb_ndarray.cpp.o -c /tmp/build-env-wz1cm6ml/lib/python3.10/site-packages/nanobind/src/nb_ndarray.cpp
[505/514] /opt/rh/devtoolset-10/root/usr/bin/g++  -pthread -DNB_BUILD -DNB_COMPACT_ASSERTIONS -DNB_SHARED -Dnanobind_EXPORTS -I/tmp/build-env-wz1cm6ml/lib/python3.10/site-packages/nanobind/ext/robin_map/include -I/opt/python/cp310-cp310/include/python3.10 -I/tmp/build-env-wz1cm6ml/lib/python3.10/site-packages/nanobind/include -O3 -DNDEBUG -std=c++2a -flto=auto -fno-fat-lto-objects -fPIC -fvisibility=hidden -Wno-dev -fno-strict-aliasing -MD -MT geodepot-py/CMakeFiles/nanobind.dir/tmp/build-env-wz1cm6ml/lib/python3.10/site-packages/nanobind/src/nb_enum.cpp.o -MF geodepot-py/CMakeFiles/nanobind.dir/tmp/build-env-wz1cm6ml/lib/python3.10/site-packages/nanobind/src/nb_enum.cpp.o.d -o geodepot-py/CMakeFiles/nanobind.dir/tmp/build-env-wz1cm6ml/lib/python3.10/site-packages/nanobind/src/nb_enum.cpp.o -c /tmp/build-env-wz1cm6ml/lib/python3.10/site-packages/nanobind/src/nb_enum.cpp
[506/514] /opt/rh/devtoolset-10/root/usr/bin/g++  -pthread -DNB_BUILD -DNB_COMPACT_ASSERTIONS -DNB_SHARED -Dnanobind_EXPORTS -I/tmp/build-env-wz1cm6ml/lib/python3.10/site-packages/nanobind/ext/robin_map/include -I/opt/python/cp310-cp310/include/python3.10 -I/tmp/build-env-wz1cm6ml/lib/python3.10/site-packages/nanobind/include -O3 -DNDEBUG -std=c++2a -flto=auto -fno-fat-lto-objects -fPIC -fvisibility=hidden -Wno-dev -fno-strict-aliasing -MD -MT geodepot-py/CMakeFiles/nanobind.dir/tmp/build-env-wz1cm6ml/lib/python3.10/site-packages/nanobind/src/nb_type.cpp.o -MF geodepot-py/CMakeFiles/nanobind.dir/tmp/build-env-wz1cm6ml/lib/python3.10/site-packages/nanobind/src/nb_type.cpp.o.d -o geodepot-py/CMakeFiles/nanobind.dir/tmp/build-env-wz1cm6ml/lib/python3.10/site-packages/nanobind/src/nb_type.cpp.o -c /tmp/build-env-wz1cm6ml/lib/python3.10/site-packages/nanobind/src/nb_type.cpp
[507/514] /opt/rh/devtoolset-10/root/usr/bin/g++  -pthread -DNB_BUILD -DNB_COMPACT_ASSERTIONS -DNB_SHARED -Dnanobind_EXPORTS -I/tmp/build-env-wz1cm6ml/lib/python3.10/site-packages/nanobind/ext/robin_map/include -I/opt/python/cp310-cp310/include/python3.10 -I/tmp/build-env-wz1cm6ml/lib/python3.10/site-packages/nanobind/include -O3 -DNDEBUG -std=c++2a -flto=auto -fno-fat-lto-objects -fPIC -fvisibility=hidden -Wno-dev -fno-strict-aliasing -MD -MT geodepot-py/CMakeFiles/nanobind.dir/tmp/build-env-wz1cm6ml/lib/python3.10/site-packages/nanobind/src/common.cpp.o -MF geodepot-py/CMakeFiles/nanobind.dir/tmp/build-env-wz1cm6ml/lib/python3.10/site-packages/nanobind/src/common.cpp.o.d -o geodepot-py/CMakeFiles/nanobind.dir/tmp/build-env-wz1cm6ml/lib/python3.10/site-packages/nanobind/src/common.cpp.o -c /tmp/build-env-wz1cm6ml/lib/python3.10/site-packages/nanobind/src/common.cpp
[508/514] /opt/rh/devtoolset-10/root/usr/bin/g++  -pthread -DNB_BUILD -DNB_COMPACT_ASSERTIONS -DNB_SHARED -Dnanobind_EXPORTS -I/tmp/build-env-wz1cm6ml/lib/python3.10/site-packages/nanobind/ext/robin_map/include -I/opt/python/cp310-cp310/include/python3.10 -I/tmp/build-env-wz1cm6ml/lib/python3.10/site-packages/nanobind/include -O3 -DNDEBUG -std=c++2a -flto=auto -fno-fat-lto-objects -fPIC -fvisibility=hidden -Wno-dev -fno-strict-aliasing -MD -MT geodepot-py/CMakeFiles/nanobind.dir/tmp/build-env-wz1cm6ml/lib/python3.10/site-packages/nanobind/src/error.cpp.o -MF geodepot-py/CMakeFiles/nanobind.dir/tmp/build-env-wz1cm6ml/lib/python3.10/site-packages/nanobind/src/error.cpp.o.d -o geodepot-py/CMakeFiles/nanobind.dir/tmp/build-env-wz1cm6ml/lib/python3.10/site-packages/nanobind/src/error.cpp.o -c /tmp/build-env-wz1cm6ml/lib/python3.10/site-packages/nanobind/src/error.cpp
[509/514] /opt/rh/devtoolset-10/root/usr/bin/g++  -pthread -DNB_BUILD -DNB_COMPACT_ASSERTIONS -DNB_SHARED -Dnanobind_EXPORTS -I/tmp/build-env-wz1cm6ml/lib/python3.10/site-packages/nanobind/ext/robin_map/include -I/opt/python/cp310-cp310/include/python3.10 -I/tmp/build-env-wz1cm6ml/lib/python3.10/site-packages/nanobind/include -O3 -DNDEBUG -std=c++2a -flto=auto -fno-fat-lto-objects -fPIC -fvisibility=hidden -Wno-dev -fno-strict-aliasing -MD -MT geodepot-py/CMakeFiles/nanobind.dir/tmp/build-env-wz1cm6ml/lib/python3.10/site-packages/nanobind/src/implicit.cpp.o -MF geodepot-py/CMakeFiles/nanobind.dir/tmp/build-env-wz1cm6ml/lib/python3.10/site-packages/nanobind/src/implicit.cpp.o.d -o geodepot-py/CMakeFiles/nanobind.dir/tmp/build-env-wz1cm6ml/lib/python3.10/site-packages/nanobind/src/implicit.cpp.o -c /tmp/build-env-wz1cm6ml/lib/python3.10/site-packages/nanobind/src/implicit.cpp
[510/514] /opt/rh/devtoolset-10/root/usr/bin/g++  -pthread -DNB_BUILD -DNB_COMPACT_ASSERTIONS -DNB_SHARED -Dnanobind_EXPORTS -I/tmp/build-env-wz1cm6ml/lib/python3.10/site-packages/nanobind/ext/robin_map/include -I/opt/python/cp310-cp310/include/python3.10 -I/tmp/build-env-wz1cm6ml/lib/python3.10/site-packages/nanobind/include -O3 -DNDEBUG -std=c++2a -flto=auto -fno-fat-lto-objects -fPIC -fvisibility=hidden -Wno-dev -fno-strict-aliasing -MD -MT geodepot-py/CMakeFiles/nanobind.dir/tmp/build-env-wz1cm6ml/lib/python3.10/site-packages/nanobind/src/trampoline.cpp.o -MF geodepot-py/CMakeFiles/nanobind.dir/tmp/build-env-wz1cm6ml/lib/python3.10/site-packages/nanobind/src/trampoline.cpp.o.d -o geodepot-py/CMakeFiles/nanobind.dir/tmp/build-env-wz1cm6ml/lib/python3.10/site-packages/nanobind/src/trampoline.cpp.o -c /tmp/build-env-wz1cm6ml/lib/python3.10/site-packages/nanobind/src/trampoline.cpp
[511/514] : && /opt/rh/devtoolset-10/root/usr/bin/g++  -pthread -fPIC -O3 -DNDEBUG -flto=auto -fno-fat-lto-objects  -Wl,-s -shared -Wl,-soname,libnanobind.so -o geodepot-py/libnanobind.so geodepot-py/CMakeFiles/nanobind.dir/tmp/build-env-wz1cm6ml/lib/python3.10/site-packages/nanobind/src/nb_internals.cpp.o geodepot-py/CMakeFiles/nanobind.dir/tmp/build-env-wz1cm6ml/lib/python3.10/site-packages/nanobind/src/nb_func.cpp.o geodepot-py/CMakeFiles/nanobind.dir/tmp/build-env-wz1cm6ml/lib/python3.10/site-packages/nanobind/src/nb_type.cpp.o geodepot-py/CMakeFiles/nanobind.dir/tmp/build-env-wz1cm6ml/lib/python3.10/site-packages/nanobind/src/nb_enum.cpp.o geodepot-py/CMakeFiles/nanobind.dir/tmp/build-env-wz1cm6ml/lib/python3.10/site-packages/nanobind/src/nb_ndarray.cpp.o geodepot-py/CMakeFiles/nanobind.dir/tmp/build-env-wz1cm6ml/lib/python3.10/site-packages/nanobind/src/nb_static_property.cpp.o geodepot-py/CMakeFiles/nanobind.dir/tmp/build-env-wz1cm6ml/lib/python3.10/site-packages/nanobind/src/common.cpp.o geodepot-py/CMakeFiles/nanobind.dir/tmp/build-env-wz1cm6ml/lib/python3.10/site-packages/nanobind/src/error.cpp.o geodepot-py/CMakeFiles/nanobind.dir/tmp/build-env-wz1cm6ml/lib/python3.10/site-packages/nanobind/src/trampoline.cpp.o geodepot-py/CMakeFiles/nanobind.dir/tmp/build-env-wz1cm6ml/lib/python3.10/site-packages/nanobind/src/implicit.cpp.o   && :
[512/514] /opt/rh/devtoolset-10/root/usr/bin/g++  -pthread -Dgeodepot_EXPORTS -I/project/include -I/project/build/cp310-cp310-linux_x86_64/_deps/curl-src/include -I/project/build/cp310-cp310-linux_x86_64/_deps/libarchive-src/libarchive/. -isystem /project/build/cp310-cp310-linux_x86_64/_deps/json-src/include -O3 -DNDEBUG -std=c++2a -fPIC -Wno-dev -MD -MT src/geodepot/CMakeFiles/geodepot.dir/geodepot.cpp.o -MF src/geodepot/CMakeFiles/geodepot.dir/geodepot.cpp.o.d -o src/geodepot/CMakeFiles/geodepot.dir/geodepot.cpp.o -c /project/src/geodepot/geodepot.cpp
[513/514] : && /opt/rh/devtoolset-10/root/usr/bin/g++  -pthread -fPIC -O3 -DNDEBUG   -shared -Wl,-soname,libgeodepot.so -o src/geodepot/libgeodepot.so src/geodepot/CMakeFiles/geodepot.dir/geodepot.cpp.o  -Wl,-rpath,/project/build/cp310-cp310-linux_x86_64/_deps/curl-build/lib:/project/build/cp310-cp310-linux_x86_64/_deps/libarchive-build/libarchive  _deps/curl-build/lib/libcurl.so.4.8.0  _deps/libarchive-build/libarchive/libarchive.so.13.7.6  /usr/lib64/libz.so  /usr/lib64/libcrypto.so  /usr/lib64/libexpat.so  /usr/lib64/libssl.so && :
[514/514] : && /opt/rh/devtoolset-10/root/usr/bin/g++  -pthread -fPIC -O3 -DNDEBUG  -Wl,-s -shared  -o geodepot-py/_core.cpython-310-x86_64-linux-gnu.so geodepot-py/CMakeFiles/_core.dir/src/geodepot-py.cpp.o  -Wl,-rpath,/project/build/cp310-cp310-linux_x86_64/geodepot-py:/project/build/cp310-cp310-linux_x86_64/src/geodepot:/project/build/cp310-cp310-linux_x86_64/_deps/curl-build/lib:/project/build/cp310-cp310-linux_x86_64/_deps/libarchive-build/libarchive:  geodepot-py/libnanobind.so  src/geodepot/libgeodepot.so  -Wl,-rpath-link,/project/build/cp310-cp310-linux_x86_64/_deps/curl-build/lib:/project/build/cp310-cp310-linux_x86_64/_deps/libarchive-build/libarchive && :

2024-10-15 13:23:47,801 - scikit_build_core - INFO - RUN: /usr/local/bin/cmake --install build/cp310-cp310-linux_x86_64 --prefix /tmp/tmph8lfsnqs/wheel/platlib --strip
*** Installing project into wheel...
-- Install configuration: "Release"
-- Installing: /tmp/tmph8lfsnqs/wheel/platlib/share/man/man3/curl_easy_cleanup.3
-- Installing: /tmp/tmph8lfsnqs/wheel/platlib/share/man/man3/curl_easy_duphandle.3
-- Installing: /tmp/tmph8lfsnqs/wheel/platlib/share/man/man3/curl_easy_escape.3
-- Installing: /tmp/tmph8lfsnqs/wheel/platlib/share/man/man3/curl_easy_getinfo.3
-- Installing: /tmp/tmph8lfsnqs/wheel/platlib/share/man/man3/curl_easy_header.3
-- Installing: /tmp/tmph8lfsnqs/wheel/platlib/share/man/man3/curl_easy_init.3
-- Installing: /tmp/tmph8lfsnqs/wheel/platlib/share/man/man3/curl_easy_nextheader.3
-- Installing: /tmp/tmph8lfsnqs/wheel/platlib/share/man/man3/curl_easy_option_by_id.3
-- Installing: /tmp/tmph8lfsnqs/wheel/platlib/share/man/man3/curl_easy_option_by_name.3
-- Installing: /tmp/tmph8lfsnqs/wheel/platlib/share/man/man3/curl_easy_option_next.3
-- Installing: /tmp/tmph8lfsnqs/wheel/platlib/share/man/man3/curl_easy_pause.3
-- Installing: /tmp/tmph8lfsnqs/wheel/platlib/share/man/man3/curl_easy_perform.3
-- Installing: /tmp/tmph8lfsnqs/wheel/platlib/share/man/man3/curl_easy_recv.3
-- Installing: /tmp/tmph8lfsnqs/wheel/platlib/share/man/man3/curl_easy_reset.3
-- Installing: /tmp/tmph8lfsnqs/wheel/platlib/share/man/man3/curl_easy_send.3
-- Installing: /tmp/tmph8lfsnqs/wheel/platlib/share/man/man3/curl_easy_setopt.3
-- Installing: /tmp/tmph8lfsnqs/wheel/platlib/share/man/man3/curl_easy_strerror.3
-- Installing: /tmp/tmph8lfsnqs/wheel/platlib/share/man/man3/curl_easy_unescape.3
-- Installing: /tmp/tmph8lfsnqs/wheel/platlib/share/man/man3/curl_easy_upkeep.3
-- Installing: /tmp/tmph8lfsnqs/wheel/platlib/share/man/man3/curl_escape.3
-- Installing: /tmp/tmph8lfsnqs/wheel/platlib/share/man/man3/curl_formadd.3
-- Installing: /tmp/tmph8lfsnqs/wheel/platlib/share/man/man3/curl_formfree.3
-- Installing: /tmp/tmph8lfsnqs/wheel/platlib/share/man/man3/curl_formget.3
-- Installing: /tmp/tmph8lfsnqs/wheel/platlib/share/man/man3/curl_free.3
-- Installing: /tmp/tmph8lfsnqs/wheel/platlib/share/man/man3/curl_getdate.3
-- Installing: /tmp/tmph8lfsnqs/wheel/platlib/share/man/man3/curl_getenv.3
-- Installing: /tmp/tmph8lfsnqs/wheel/platlib/share/man/man3/curl_global_cleanup.3
-- Installing: /tmp/tmph8lfsnqs/wheel/platlib/share/man/man3/curl_global_init.3
-- Installing: /tmp/tmph8lfsnqs/wheel/platlib/share/man/man3/curl_global_init_mem.3
-- Installing: /tmp/tmph8lfsnqs/wheel/platlib/share/man/man3/curl_global_trace.3
-- Installing: /tmp/tmph8lfsnqs/wheel/platlib/share/man/man3/curl_global_sslset.3
-- Installing: /tmp/tmph8lfsnqs/wheel/platlib/share/man/man3/curl_mime_addpart.3
-- Installing: /tmp/tmph8lfsnqs/wheel/platlib/share/man/man3/curl_mime_data.3
-- Installing: /tmp/tmph8lfsnqs/wheel/platlib/share/man/man3/curl_mime_data_cb.3
-- Installing: /tmp/tmph8lfsnqs/wheel/platlib/share/man/man3/curl_mime_encoder.3
-- Installing: /tmp/tmph8lfsnqs/wheel/platlib/share/man/man3/curl_mime_filedata.3
-- Installing: /tmp/tmph8lfsnqs/wheel/platlib/share/man/man3/curl_mime_filename.3
-- Installing: /tmp/tmph8lfsnqs/wheel/platlib/share/man/man3/curl_mime_free.3
-- Installing: /tmp/tmph8lfsnqs/wheel/platlib/share/man/man3/curl_mime_headers.3
-- Installing: /tmp/tmph8lfsnqs/wheel/platlib/share/man/man3/curl_mime_init.3
-- Installing: /tmp/tmph8lfsnqs/wheel/platlib/share/man/man3/curl_mime_name.3
-- Installing: /tmp/tmph8lfsnqs/wheel/platlib/share/man/man3/curl_mime_subparts.3
-- Installing: /tmp/tmph8lfsnqs/wheel/platlib/share/man/man3/curl_mime_type.3
-- Installing: /tmp/tmph8lfsnqs/wheel/platlib/share/man/man3/curl_mprintf.3
-- Installing: /tmp/tmph8lfsnqs/wheel/platlib/share/man/man3/curl_multi_add_handle.3
-- Installing: /tmp/tmph8lfsnqs/wheel/platlib/share/man/man3/curl_multi_assign.3
-- Installing: /tmp/tmph8lfsnqs/wheel/platlib/share/man/man3/curl_multi_cleanup.3
-- Installing: /tmp/tmph8lfsnqs/wheel/platlib/share/man/man3/curl_multi_fdset.3
-- Installing: /tmp/tmph8lfsnqs/wheel/platlib/share/man/man3/curl_multi_get_handles.3
-- Installing: /tmp/tmph8lfsnqs/wheel/platlib/share/man/man3/curl_multi_info_read.3
-- Installing: /tmp/tmph8lfsnqs/wheel/platlib/share/man/man3/curl_multi_init.3
-- Installing: /tmp/tmph8lfsnqs/wheel/platlib/share/man/man3/curl_multi_perform.3
-- Installing: /tmp/tmph8lfsnqs/wheel/platlib/share/man/man3/curl_multi_poll.3
-- Installing: /tmp/tmph8lfsnqs/wheel/platlib/share/man/man3/curl_multi_remove_handle.3
-- Installing: /tmp/tmph8lfsnqs/wheel/platlib/share/man/man3/curl_multi_setopt.3
-- Installing: /tmp/tmph8lfsnqs/wheel/platlib/share/man/man3/curl_multi_socket.3
-- Installing: /tmp/tmph8lfsnqs/wheel/platlib/share/man/man3/curl_multi_socket_action.3
-- Installing: /tmp/tmph8lfsnqs/wheel/platlib/share/man/man3/curl_multi_socket_all.3
-- Installing: /tmp/tmph8lfsnqs/wheel/platlib/share/man/man3/curl_multi_strerror.3
-- Installing: /tmp/tmph8lfsnqs/wheel/platlib/share/man/man3/curl_multi_timeout.3
-- Installing: /tmp/tmph8lfsnqs/wheel/platlib/share/man/man3/curl_multi_wakeup.3
-- Installing: /tmp/tmph8lfsnqs/wheel/platlib/share/man/man3/curl_multi_wait.3
-- Installing: /tmp/tmph8lfsnqs/wheel/platlib/share/man/man3/curl_multi_waitfds.3
-- Installing: /tmp/tmph8lfsnqs/wheel/platlib/share/man/man3/curl_pushheader_bynum.3
-- Installing: /tmp/tmph8lfsnqs/wheel/platlib/share/man/man3/curl_pushheader_byname.3
-- Installing: /tmp/tmph8lfsnqs/wheel/platlib/share/man/man3/curl_share_cleanup.3
-- Installing: /tmp/tmph8lfsnqs/wheel/platlib/share/man/man3/curl_share_init.3
-- Installing: /tmp/tmph8lfsnqs/wheel/platlib/share/man/man3/curl_share_setopt.3
-- Installing: /tmp/tmph8lfsnqs/wheel/platlib/share/man/man3/curl_share_strerror.3
-- Installing: /tmp/tmph8lfsnqs/wheel/platlib/share/man/man3/curl_slist_append.3
-- Installing: /tmp/tmph8lfsnqs/wheel/platlib/share/man/man3/curl_slist_free_all.3
-- Installing: /tmp/tmph8lfsnqs/wheel/platlib/share/man/man3/curl_strequal.3
-- Installing: /tmp/tmph8lfsnqs/wheel/platlib/share/man/man3/curl_strnequal.3
-- Installing: /tmp/tmph8lfsnqs/wheel/platlib/share/man/man3/curl_unescape.3
-- Installing: /tmp/tmph8lfsnqs/wheel/platlib/share/man/man3/curl_url.3
-- Installing: /tmp/tmph8lfsnqs/wheel/platlib/share/man/man3/curl_url_cleanup.3
-- Installing: /tmp/tmph8lfsnqs/wheel/platlib/share/man/man3/curl_url_dup.3
-- Installing: /tmp/tmph8lfsnqs/wheel/platlib/share/man/man3/curl_url_get.3
-- Installing: /tmp/tmph8lfsnqs/wheel/platlib/share/man/man3/curl_url_set.3
-- Installing: /tmp/tmph8lfsnqs/wheel/platlib/share/man/man3/curl_url_strerror.3
-- Installing: /tmp/tmph8lfsnqs/wheel/platlib/share/man/man3/curl_version.3
-- Installing: /tmp/tmph8lfsnqs/wheel/platlib/share/man/man3/curl_version_info.3
-- Installing: /tmp/tmph8lfsnqs/wheel/platlib/share/man/man3/curl_ws_meta.3
-- Installing: /tmp/tmph8lfsnqs/wheel/platlib/share/man/man3/curl_ws_recv.3
-- Installing: /tmp/tmph8lfsnqs/wheel/platlib/share/man/man3/curl_ws_send.3
-- Installing: /tmp/tmph8lfsnqs/wheel/platlib/share/man/man3/libcurl-easy.3
-- Installing: /tmp/tmph8lfsnqs/wheel/platlib/share/man/man3/libcurl-env.3
-- Installing: /tmp/tmph8lfsnqs/wheel/platlib/share/man/man3/libcurl-env-dbg.3
-- Installing: /tmp/tmph8lfsnqs/wheel/platlib/share/man/man3/libcurl-errors.3
-- Installing: /tmp/tmph8lfsnqs/wheel/platlib/share/man/man3/libcurl-multi.3
-- Installing: /tmp/tmph8lfsnqs/wheel/platlib/share/man/man3/libcurl-security.3
-- Installing: /tmp/tmph8lfsnqs/wheel/platlib/share/man/man3/libcurl-share.3
-- Installing: /tmp/tmph8lfsnqs/wheel/platlib/share/man/man3/libcurl-symbols.3
-- Installing: /tmp/tmph8lfsnqs/wheel/platlib/share/man/man3/libcurl-thread.3
-- Installing: /tmp/tmph8lfsnqs/wheel/platlib/share/man/man3/libcurl-tutorial.3
-- Installing: /tmp/tmph8lfsnqs/wheel/platlib/share/man/man3/libcurl-url.3
-- Installing: /tmp/tmph8lfsnqs/wheel/platlib/share/man/man3/libcurl-ws.3
-- Installing: /tmp/tmph8lfsnqs/wheel/platlib/share/man/man3/libcurl.3
-- Installing: /tmp/tmph8lfsnqs/wheel/platlib/share/man/man3/CURLINFO_ACTIVESOCKET.3
-- Installing: /tmp/tmph8lfsnqs/wheel/platlib/share/man/man3/CURLINFO_APPCONNECT_TIME.3
-- Installing: /tmp/tmph8lfsnqs/wheel/platlib/share/man/man3/CURLINFO_APPCONNECT_TIME_T.3
-- Installing: /tmp/tmph8lfsnqs/wheel/platlib/share/man/man3/CURLINFO_CAINFO.3
-- Installing: /tmp/tmph8lfsnqs/wheel/platlib/share/man/man3/CURLINFO_CAPATH.3
-- Installing: /tmp/tmph8lfsnqs/wheel/platlib/share/man/man3/CURLINFO_CERTINFO.3
-- Installing: /tmp/tmph8lfsnqs/wheel/platlib/share/man/man3/CURLINFO_CONDITION_UNMET.3
-- Installing: /tmp/tmph8lfsnqs/wheel/platlib/share/man/man3/CURLINFO_CONNECT_TIME.3
-- Installing: /tmp/tmph8lfsnqs/wheel/platlib/share/man/man3/CURLINFO_CONNECT_TIME_T.3
-- Installing: /tmp/tmph8lfsnqs/wheel/platlib/share/man/man3/CURLINFO_CONN_ID.3
-- Installing: /tmp/tmph8lfsnqs/wheel/platlib/share/man/man3/CURLINFO_CONTENT_LENGTH_DOWNLOAD.3
-- Installing: /tmp/tmph8lfsnqs/wheel/platlib/share/man/man3/CURLINFO_CONTENT_LENGTH_DOWNLOAD_T.3
-- Installing: /tmp/tmph8lfsnqs/wheel/platlib/share/man/man3/CURLINFO_CONTENT_LENGTH_UPLOAD.3
-- Installing: /tmp/tmph8lfsnqs/wheel/platlib/share/man/man3/CURLINFO_CONTENT_LENGTH_UPLOAD_T.3
-- Installing: /tmp/tmph8lfsnqs/wheel/platlib/share/man/man3/CURLINFO_CONTENT_TYPE.3
-- Installing: /tmp/tmph8lfsnqs/wheel/platlib/share/man/man3/CURLINFO_COOKIELIST.3
-- Installing: /tmp/tmph8lfsnqs/wheel/platlib/share/man/man3/CURLINFO_EFFECTIVE_METHOD.3
-- Installing: /tmp/tmph8lfsnqs/wheel/platlib/share/man/man3/CURLINFO_EFFECTIVE_URL.3
-- Installing: /tmp/tmph8lfsnqs/wheel/platlib/share/man/man3/CURLINFO_FILETIME.3
-- Installing: /tmp/tmph8lfsnqs/wheel/platlib/share/man/man3/CURLINFO_FILETIME_T.3
-- Installing: /tmp/tmph8lfsnqs/wheel/platlib/share/man/man3/CURLINFO_FTP_ENTRY_PATH.3
-- Installing: /tmp/tmph8lfsnqs/wheel/platlib/share/man/man3/CURLINFO_HEADER_SIZE.3
-- Installing: /tmp/tmph8lfsnqs/wheel/platlib/share/man/man3/CURLINFO_HTTP_CONNECTCODE.3
-- Installing: /tmp/tmph8lfsnqs/wheel/platlib/share/man/man3/CURLINFO_HTTP_VERSION.3
-- Installing: /tmp/tmph8lfsnqs/wheel/platlib/share/man/man3/CURLINFO_HTTPAUTH_AVAIL.3
-- Installing: /tmp/tmph8lfsnqs/wheel/platlib/share/man/man3/CURLINFO_LASTSOCKET.3
-- Installing: /tmp/tmph8lfsnqs/wheel/platlib/share/man/man3/CURLINFO_LOCAL_IP.3
-- Installing: /tmp/tmph8lfsnqs/wheel/platlib/share/man/man3/CURLINFO_LOCAL_PORT.3
-- Installing: /tmp/tmph8lfsnqs/wheel/platlib/share/man/man3/CURLINFO_NAMELOOKUP_TIME.3
-- Installing: /tmp/tmph8lfsnqs/wheel/platlib/share/man/man3/CURLINFO_NAMELOOKUP_TIME_T.3
-- Installing: /tmp/tmph8lfsnqs/wheel/platlib/share/man/man3/CURLINFO_NUM_CONNECTS.3
-- Installing: /tmp/tmph8lfsnqs/wheel/platlib/share/man/man3/CURLINFO_OS_ERRNO.3
-- Installing: /tmp/tmph8lfsnqs/wheel/platlib/share/man/man3/CURLINFO_PRETRANSFER_TIME.3
-- Installing: /tmp/tmph8lfsnqs/wheel/platlib/share/man/man3/CURLINFO_PRETRANSFER_TIME_T.3
-- Installing: /tmp/tmph8lfsnqs/wheel/platlib/share/man/man3/CURLINFO_POSTTRANSFER_TIME_T.3
-- Installing: /tmp/tmph8lfsnqs/wheel/platlib/share/man/man3/CURLINFO_PRIMARY_IP.3
-- Installing: /tmp/tmph8lfsnqs/wheel/platlib/share/man/man3/CURLINFO_PRIMARY_PORT.3
-- Installing: /tmp/tmph8lfsnqs/wheel/platlib/share/man/man3/CURLINFO_PRIVATE.3
-- Installing: /tmp/tmph8lfsnqs/wheel/platlib/share/man/man3/CURLINFO_PROTOCOL.3
-- Installing: /tmp/tmph8lfsnqs/wheel/platlib/share/man/man3/CURLINFO_PROXY_ERROR.3
-- Installing: /tmp/tmph8lfsnqs/wheel/platlib/share/man/man3/CURLINFO_PROXY_SSL_VERIFYRESULT.3
-- Installing: /tmp/tmph8lfsnqs/wheel/platlib/share/man/man3/CURLINFO_PROXYAUTH_AVAIL.3
-- Installing: /tmp/tmph8lfsnqs/wheel/platlib/share/man/man3/CURLINFO_QUEUE_TIME_T.3
-- Installing: /tmp/tmph8lfsnqs/wheel/platlib/share/man/man3/CURLINFO_REDIRECT_COUNT.3
-- Installing: /tmp/tmph8lfsnqs/wheel/platlib/share/man/man3/CURLINFO_REDIRECT_TIME.3
-- Installing: /tmp/tmph8lfsnqs/wheel/platlib/share/man/man3/CURLINFO_REDIRECT_TIME_T.3
-- Installing: /tmp/tmph8lfsnqs/wheel/platlib/share/man/man3/CURLINFO_REDIRECT_URL.3
-- Installing: /tmp/tmph8lfsnqs/wheel/platlib/share/man/man3/CURLINFO_REFERER.3
-- Installing: /tmp/tmph8lfsnqs/wheel/platlib/share/man/man3/CURLINFO_REQUEST_SIZE.3
-- Installing: /tmp/tmph8lfsnqs/wheel/platlib/share/man/man3/CURLINFO_RESPONSE_CODE.3
-- Installing: /tmp/tmph8lfsnqs/wheel/platlib/share/man/man3/CURLINFO_RETRY_AFTER.3
-- Installing: /tmp/tmph8lfsnqs/wheel/platlib/share/man/man3/CURLINFO_RTSP_CLIENT_CSEQ.3
-- Installing: /tmp/tmph8lfsnqs/wheel/platlib/share/man/man3/CURLINFO_RTSP_CSEQ_RECV.3
-- Installing: /tmp/tmph8lfsnqs/wheel/platlib/share/man/man3/CURLINFO_RTSP_SERVER_CSEQ.3
-- Installing: /tmp/tmph8lfsnqs/wheel/platlib/share/man/man3/CURLINFO_RTSP_SESSION_ID.3
-- Installing: /tmp/tmph8lfsnqs/wheel/platlib/share/man/man3/CURLINFO_SCHEME.3
-- Installing: /tmp/tmph8lfsnqs/wheel/platlib/share/man/man3/CURLINFO_SIZE_DOWNLOAD.3
-- Installing: /tmp/tmph8lfsnqs/wheel/platlib/share/man/man3/CURLINFO_SIZE_DOWNLOAD_T.3
-- Installing: /tmp/tmph8lfsnqs/wheel/platlib/share/man/man3/CURLINFO_SIZE_UPLOAD.3
-- Installing: /tmp/tmph8lfsnqs/wheel/platlib/share/man/man3/CURLINFO_SIZE_UPLOAD_T.3
-- Installing: /tmp/tmph8lfsnqs/wheel/platlib/share/man/man3/CURLINFO_SPEED_DOWNLOAD.3
-- Installing: /tmp/tmph8lfsnqs/wheel/platlib/share/man/man3/CURLINFO_SPEED_DOWNLOAD_T.3
-- Installing: /tmp/tmph8lfsnqs/wheel/platlib/share/man/man3/CURLINFO_SPEED_UPLOAD.3
-- Installing: /tmp/tmph8lfsnqs/wheel/platlib/share/man/man3/CURLINFO_SPEED_UPLOAD_T.3
-- Installing: /tmp/tmph8lfsnqs/wheel/platlib/share/man/man3/CURLINFO_SSL_ENGINES.3
-- Installing: /tmp/tmph8lfsnqs/wheel/platlib/share/man/man3/CURLINFO_SSL_VERIFYRESULT.3
-- Installing: /tmp/tmph8lfsnqs/wheel/platlib/share/man/man3/CURLINFO_STARTTRANSFER_TIME.3
-- Installing: /tmp/tmph8lfsnqs/wheel/platlib/share/man/man3/CURLINFO_STARTTRANSFER_TIME_T.3
-- Installing: /tmp/tmph8lfsnqs/wheel/platlib/share/man/man3/CURLINFO_TLS_SESSION.3
-- Installing: /tmp/tmph8lfsnqs/wheel/platlib/share/man/man3/CURLINFO_TLS_SSL_PTR.3
-- Installing: /tmp/tmph8lfsnqs/wheel/platlib/share/man/man3/CURLINFO_TOTAL_TIME.3
-- Installing: /tmp/tmph8lfsnqs/wheel/platlib/share/man/man3/CURLINFO_TOTAL_TIME_T.3
-- Installing: /tmp/tmph8lfsnqs/wheel/platlib/share/man/man3/CURLINFO_USED_PROXY.3
-- Installing: /tmp/tmph8lfsnqs/wheel/platlib/share/man/man3/CURLINFO_XFER_ID.3
-- Installing: /tmp/tmph8lfsnqs/wheel/platlib/share/man/man3/CURLMOPT_CHUNK_LENGTH_PENALTY_SIZE.3
-- Installing: /tmp/tmph8lfsnqs/wheel/platlib/share/man/man3/CURLMOPT_CONTENT_LENGTH_PENALTY_SIZE.3
-- Installing: /tmp/tmph8lfsnqs/wheel/platlib/share/man/man3/CURLMOPT_MAX_CONCURRENT_STREAMS.3
-- Installing: /tmp/tmph8lfsnqs/wheel/platlib/share/man/man3/CURLMOPT_MAX_HOST_CONNECTIONS.3
-- Installing: /tmp/tmph8lfsnqs/wheel/platlib/share/man/man3/CURLMOPT_MAX_PIPELINE_LENGTH.3
-- Installing: /tmp/tmph8lfsnqs/wheel/platlib/share/man/man3/CURLMOPT_MAX_TOTAL_CONNECTIONS.3
-- Installing: /tmp/tmph8lfsnqs/wheel/platlib/share/man/man3/CURLMOPT_MAXCONNECTS.3
-- Installing: /tmp/tmph8lfsnqs/wheel/platlib/share/man/man3/CURLMOPT_PIPELINING.3
-- Installing: /tmp/tmph8lfsnqs/wheel/platlib/share/man/man3/CURLMOPT_PIPELINING_SERVER_BL.3
-- Installing: /tmp/tmph8lfsnqs/wheel/platlib/share/man/man3/CURLMOPT_PIPELINING_SITE_BL.3
-- Installing: /tmp/tmph8lfsnqs/wheel/platlib/share/man/man3/CURLMOPT_PUSHDATA.3
-- Installing: /tmp/tmph8lfsnqs/wheel/platlib/share/man/man3/CURLMOPT_PUSHFUNCTION.3
-- Installing: /tmp/tmph8lfsnqs/wheel/platlib/share/man/man3/CURLMOPT_SOCKETDATA.3
-- Installing: /tmp/tmph8lfsnqs/wheel/platlib/share/man/man3/CURLMOPT_SOCKETFUNCTION.3
-- Installing: /tmp/tmph8lfsnqs/wheel/platlib/share/man/man3/CURLMOPT_TIMERDATA.3
-- Installing: /tmp/tmph8lfsnqs/wheel/platlib/share/man/man3/CURLMOPT_TIMERFUNCTION.3
-- Installing: /tmp/tmph8lfsnqs/wheel/platlib/share/man/man3/CURLOPT_ABSTRACT_UNIX_SOCKET.3
-- Installing: /tmp/tmph8lfsnqs/wheel/platlib/share/man/man3/CURLOPT_ACCEPT_ENCODING.3
-- Installing: /tmp/tmph8lfsnqs/wheel/platlib/share/man/man3/CURLOPT_ACCEPTTIMEOUT_MS.3
-- Installing: /tmp/tmph8lfsnqs/wheel/platlib/share/man/man3/CURLOPT_ADDRESS_SCOPE.3
-- Installing: /tmp/tmph8lfsnqs/wheel/platlib/share/man/man3/CURLOPT_ALTSVC.3
-- Installing: /tmp/tmph8lfsnqs/wheel/platlib/share/man/man3/CURLOPT_ALTSVC_CTRL.3
-- Installing: /tmp/tmph8lfsnqs/wheel/platlib/share/man/man3/CURLOPT_APPEND.3
-- Installing: /tmp/tmph8lfsnqs/wheel/platlib/share/man/man3/CURLOPT_AUTOREFERER.3
-- Installing: /tmp/tmph8lfsnqs/wheel/platlib/share/man/man3/CURLOPT_AWS_SIGV4.3
-- Installing: /tmp/tmph8lfsnqs/wheel/platlib/share/man/man3/CURLOPT_BUFFERSIZE.3
-- Installing: /tmp/tmph8lfsnqs/wheel/platlib/share/man/man3/CURLOPT_CAINFO.3
-- Installing: /tmp/tmph8lfsnqs/wheel/platlib/share/man/man3/CURLOPT_CAINFO_BLOB.3
-- Installing: /tmp/tmph8lfsnqs/wheel/platlib/share/man/man3/CURLOPT_CAPATH.3
-- Installing: /tmp/tmph8lfsnqs/wheel/platlib/share/man/man3/CURLOPT_CA_CACHE_TIMEOUT.3
-- Installing: /tmp/tmph8lfsnqs/wheel/platlib/share/man/man3/CURLOPT_CERTINFO.3
-- Installing: /tmp/tmph8lfsnqs/wheel/platlib/share/man/man3/CURLOPT_CHUNK_BGN_FUNCTION.3
-- Installing: /tmp/tmph8lfsnqs/wheel/platlib/share/man/man3/CURLOPT_CHUNK_DATA.3
-- Installing: /tmp/tmph8lfsnqs/wheel/platlib/share/man/man3/CURLOPT_CHUNK_END_FUNCTION.3
-- Installing: /tmp/tmph8lfsnqs/wheel/platlib/share/man/man3/CURLOPT_CLOSESOCKETDATA.3
-- Installing: /tmp/tmph8lfsnqs/wheel/platlib/share/man/man3/CURLOPT_CLOSESOCKETFUNCTION.3
-- Installing: /tmp/tmph8lfsnqs/wheel/platlib/share/man/man3/CURLOPT_CONNECT_ONLY.3
-- Installing: /tmp/tmph8lfsnqs/wheel/platlib/share/man/man3/CURLOPT_CONNECT_TO.3
-- Installing: /tmp/tmph8lfsnqs/wheel/platlib/share/man/man3/CURLOPT_CONNECTTIMEOUT.3
-- Installing: /tmp/tmph8lfsnqs/wheel/platlib/share/man/man3/CURLOPT_CONNECTTIMEOUT_MS.3
-- Installing: /tmp/tmph8lfsnqs/wheel/platlib/share/man/man3/CURLOPT_CONV_FROM_NETWORK_FUNCTION.3
-- Installing: /tmp/tmph8lfsnqs/wheel/platlib/share/man/man3/CURLOPT_CONV_FROM_UTF8_FUNCTION.3
-- Installing: /tmp/tmph8lfsnqs/wheel/platlib/share/man/man3/CURLOPT_CONV_TO_NETWORK_FUNCTION.3
-- Installing: /tmp/tmph8lfsnqs/wheel/platlib/share/man/man3/CURLOPT_COOKIE.3
-- Installing: /tmp/tmph8lfsnqs/wheel/platlib/share/man/man3/CURLOPT_COOKIEFILE.3
-- Installing: /tmp/tmph8lfsnqs/wheel/platlib/share/man/man3/CURLOPT_COOKIEJAR.3
-- Installing: /tmp/tmph8lfsnqs/wheel/platlib/share/man/man3/CURLOPT_COOKIELIST.3
-- Installing: /tmp/tmph8lfsnqs/wheel/platlib/share/man/man3/CURLOPT_COOKIESESSION.3
-- Installing: /tmp/tmph8lfsnqs/wheel/platlib/share/man/man3/CURLOPT_COPYPOSTFIELDS.3
-- Installing: /tmp/tmph8lfsnqs/wheel/platlib/share/man/man3/CURLOPT_CRLF.3
-- Installing: /tmp/tmph8lfsnqs/wheel/platlib/share/man/man3/CURLOPT_CRLFILE.3
-- Installing: /tmp/tmph8lfsnqs/wheel/platlib/share/man/man3/CURLOPT_CURLU.3
-- Installing: /tmp/tmph8lfsnqs/wheel/platlib/share/man/man3/CURLOPT_CUSTOMREQUEST.3
-- Installing: /tmp/tmph8lfsnqs/wheel/platlib/share/man/man3/CURLOPT_DEBUGDATA.3
-- Installing: /tmp/tmph8lfsnqs/wheel/platlib/share/man/man3/CURLOPT_DEBUGFUNCTION.3
-- Installing: /tmp/tmph8lfsnqs/wheel/platlib/share/man/man3/CURLOPT_DEFAULT_PROTOCOL.3
-- Installing: /tmp/tmph8lfsnqs/wheel/platlib/share/man/man3/CURLOPT_DIRLISTONLY.3
-- Installing: /tmp/tmph8lfsnqs/wheel/platlib/share/man/man3/CURLOPT_DISALLOW_USERNAME_IN_URL.3
-- Installing: /tmp/tmph8lfsnqs/wheel/platlib/share/man/man3/CURLOPT_DNS_CACHE_TIMEOUT.3
-- Installing: /tmp/tmph8lfsnqs/wheel/platlib/share/man/man3/CURLOPT_DNS_INTERFACE.3
-- Installing: /tmp/tmph8lfsnqs/wheel/platlib/share/man/man3/CURLOPT_DNS_LOCAL_IP4.3
-- Installing: /tmp/tmph8lfsnqs/wheel/platlib/share/man/man3/CURLOPT_DNS_LOCAL_IP6.3
-- Installing: /tmp/tmph8lfsnqs/wheel/platlib/share/man/man3/CURLOPT_DNS_SERVERS.3
-- Installing: /tmp/tmph8lfsnqs/wheel/platlib/share/man/man3/CURLOPT_DNS_SHUFFLE_ADDRESSES.3
-- Installing: /tmp/tmph8lfsnqs/wheel/platlib/share/man/man3/CURLOPT_DNS_USE_GLOBAL_CACHE.3
-- Installing: /tmp/tmph8lfsnqs/wheel/platlib/share/man/man3/CURLOPT_DOH_SSL_VERIFYHOST.3
-- Installing: /tmp/tmph8lfsnqs/wheel/platlib/share/man/man3/CURLOPT_DOH_SSL_VERIFYPEER.3
-- Installing: /tmp/tmph8lfsnqs/wheel/platlib/share/man/man3/CURLOPT_DOH_SSL_VERIFYSTATUS.3
-- Installing: /tmp/tmph8lfsnqs/wheel/platlib/share/man/man3/CURLOPT_DOH_URL.3
-- Installing: /tmp/tmph8lfsnqs/wheel/platlib/share/man/man3/CURLOPT_ECH.3
-- Installing: /tmp/tmph8lfsnqs/wheel/platlib/share/man/man3/CURLOPT_EGDSOCKET.3
-- Installing: /tmp/tmph8lfsnqs/wheel/platlib/share/man/man3/CURLOPT_ERRORBUFFER.3
-- Installing: /tmp/tmph8lfsnqs/wheel/platlib/share/man/man3/CURLOPT_EXPECT_100_TIMEOUT_MS.3
-- Installing: /tmp/tmph8lfsnqs/wheel/platlib/share/man/man3/CURLOPT_FAILONERROR.3
-- Installing: /tmp/tmph8lfsnqs/wheel/platlib/share/man/man3/CURLOPT_FILETIME.3
-- Installing: /tmp/tmph8lfsnqs/wheel/platlib/share/man/man3/CURLOPT_FNMATCH_DATA.3
-- Installing: /tmp/tmph8lfsnqs/wheel/platlib/share/man/man3/CURLOPT_FNMATCH_FUNCTION.3
-- Installing: /tmp/tmph8lfsnqs/wheel/platlib/share/man/man3/CURLOPT_FOLLOWLOCATION.3
-- Installing: /tmp/tmph8lfsnqs/wheel/platlib/share/man/man3/CURLOPT_FORBID_REUSE.3
-- Installing: /tmp/tmph8lfsnqs/wheel/platlib/share/man/man3/CURLOPT_FRESH_CONNECT.3
-- Installing: /tmp/tmph8lfsnqs/wheel/platlib/share/man/man3/CURLOPT_FTP_ACCOUNT.3
-- Installing: /tmp/tmph8lfsnqs/wheel/platlib/share/man/man3/CURLOPT_FTP_ALTERNATIVE_TO_USER.3
-- Installing: /tmp/tmph8lfsnqs/wheel/platlib/share/man/man3/CURLOPT_FTP_CREATE_MISSING_DIRS.3
-- Installing: /tmp/tmph8lfsnqs/wheel/platlib/share/man/man3/CURLOPT_FTP_FILEMETHOD.3
-- Installing: /tmp/tmph8lfsnqs/wheel/platlib/share/man/man3/CURLOPT_FTP_SKIP_PASV_IP.3
-- Installing: /tmp/tmph8lfsnqs/wheel/platlib/share/man/man3/CURLOPT_FTP_SSL_CCC.3
-- Installing: /tmp/tmph8lfsnqs/wheel/platlib/share/man/man3/CURLOPT_FTP_USE_EPRT.3
-- Installing: /tmp/tmph8lfsnqs/wheel/platlib/share/man/man3/CURLOPT_FTP_USE_EPSV.3
-- Installing: /tmp/tmph8lfsnqs/wheel/platlib/share/man/man3/CURLOPT_FTP_USE_PRET.3
-- Installing: /tmp/tmph8lfsnqs/wheel/platlib/share/man/man3/CURLOPT_FTPPORT.3
-- Installing: /tmp/tmph8lfsnqs/wheel/platlib/share/man/man3/CURLOPT_FTPSSLAUTH.3
-- Installing: /tmp/tmph8lfsnqs/wheel/platlib/share/man/man3/CURLOPT_GSSAPI_DELEGATION.3
-- Installing: /tmp/tmph8lfsnqs/wheel/platlib/share/man/man3/CURLOPT_HAPPY_EYEBALLS_TIMEOUT_MS.3
-- Installing: /tmp/tmph8lfsnqs/wheel/platlib/share/man/man3/CURLOPT_HAPROXYPROTOCOL.3
-- Installing: /tmp/tmph8lfsnqs/wheel/platlib/share/man/man3/CURLOPT_HAPROXY_CLIENT_IP.3
-- Installing: /tmp/tmph8lfsnqs/wheel/platlib/share/man/man3/CURLOPT_HEADER.3
-- Installing: /tmp/tmph8lfsnqs/wheel/platlib/share/man/man3/CURLOPT_HEADERDATA.3
-- Installing: /tmp/tmph8lfsnqs/wheel/platlib/share/man/man3/CURLOPT_HEADERFUNCTION.3
-- Installing: /tmp/tmph8lfsnqs/wheel/platlib/share/man/man3/CURLOPT_HEADEROPT.3
-- Installing: /tmp/tmph8lfsnqs/wheel/platlib/share/man/man3/CURLOPT_HSTS.3
-- Installing: /tmp/tmph8lfsnqs/wheel/platlib/share/man/man3/CURLOPT_HSTS_CTRL.3
-- Installing: /tmp/tmph8lfsnqs/wheel/platlib/share/man/man3/CURLOPT_HSTSREADDATA.3
-- Installing: /tmp/tmph8lfsnqs/wheel/platlib/share/man/man3/CURLOPT_HSTSREADFUNCTION.3
-- Installing: /tmp/tmph8lfsnqs/wheel/platlib/share/man/man3/CURLOPT_HSTSWRITEDATA.3
-- Installing: /tmp/tmph8lfsnqs/wheel/platlib/share/man/man3/CURLOPT_HSTSWRITEFUNCTION.3
-- Installing: /tmp/tmph8lfsnqs/wheel/platlib/share/man/man3/CURLOPT_HTTP09_ALLOWED.3
-- Installing: /tmp/tmph8lfsnqs/wheel/platlib/share/man/man3/CURLOPT_HTTP200ALIASES.3
-- Installing: /tmp/tmph8lfsnqs/wheel/platlib/share/man/man3/CURLOPT_HTTP_CONTENT_DECODING.3
-- Installing: /tmp/tmph8lfsnqs/wheel/platlib/share/man/man3/CURLOPT_HTTP_TRANSFER_DECODING.3
-- Installing: /tmp/tmph8lfsnqs/wheel/platlib/share/man/man3/CURLOPT_HTTP_VERSION.3
-- Installing: /tmp/tmph8lfsnqs/wheel/platlib/share/man/man3/CURLOPT_HTTPAUTH.3
-- Installing: /tmp/tmph8lfsnqs/wheel/platlib/share/man/man3/CURLOPT_HTTPGET.3
-- Installing: /tmp/tmph8lfsnqs/wheel/platlib/share/man/man3/CURLOPT_HTTPHEADER.3
-- Installing: /tmp/tmph8lfsnqs/wheel/platlib/share/man/man3/CURLOPT_HTTPPOST.3
-- Installing: /tmp/tmph8lfsnqs/wheel/platlib/share/man/man3/CURLOPT_HTTPPROXYTUNNEL.3
-- Installing: /tmp/tmph8lfsnqs/wheel/platlib/share/man/man3/CURLOPT_IGNORE_CONTENT_LENGTH.3
-- Installing: /tmp/tmph8lfsnqs/wheel/platlib/share/man/man3/CURLOPT_INFILESIZE.3
-- Installing: /tmp/tmph8lfsnqs/wheel/platlib/share/man/man3/CURLOPT_INFILESIZE_LARGE.3
-- Installing: /tmp/tmph8lfsnqs/wheel/platlib/share/man/man3/CURLOPT_INTERFACE.3
-- Installing: /tmp/tmph8lfsnqs/wheel/platlib/share/man/man3/CURLOPT_INTERLEAVEDATA.3
-- Installing: /tmp/tmph8lfsnqs/wheel/platlib/share/man/man3/CURLOPT_INTERLEAVEFUNCTION.3
-- Installing: /tmp/tmph8lfsnqs/wheel/platlib/share/man/man3/CURLOPT_IOCTLDATA.3
-- Installing: /tmp/tmph8lfsnqs/wheel/platlib/share/man/man3/CURLOPT_IOCTLFUNCTION.3
-- Installing: /tmp/tmph8lfsnqs/wheel/platlib/share/man/man3/CURLOPT_IPRESOLVE.3
-- Installing: /tmp/tmph8lfsnqs/wheel/platlib/share/man/man3/CURLOPT_ISSUERCERT.3
-- Installing: /tmp/tmph8lfsnqs/wheel/platlib/share/man/man3/CURLOPT_ISSUERCERT_BLOB.3
-- Installing: /tmp/tmph8lfsnqs/wheel/platlib/share/man/man3/CURLOPT_KEEP_SENDING_ON_ERROR.3
-- Installing: /tmp/tmph8lfsnqs/wheel/platlib/share/man/man3/CURLOPT_KEYPASSWD.3
-- Installing: /tmp/tmph8lfsnqs/wheel/platlib/share/man/man3/CURLOPT_KRBLEVEL.3
-- Installing: /tmp/tmph8lfsnqs/wheel/platlib/share/man/man3/CURLOPT_LOCALPORT.3
-- Installing: /tmp/tmph8lfsnqs/wheel/platlib/share/man/man3/CURLOPT_LOCALPORTRANGE.3
-- Installing: /tmp/tmph8lfsnqs/wheel/platlib/share/man/man3/CURLOPT_LOGIN_OPTIONS.3
-- Installing: /tmp/tmph8lfsnqs/wheel/platlib/share/man/man3/CURLOPT_LOW_SPEED_LIMIT.3
-- Installing: /tmp/tmph8lfsnqs/wheel/platlib/share/man/man3/CURLOPT_LOW_SPEED_TIME.3
-- Installing: /tmp/tmph8lfsnqs/wheel/platlib/share/man/man3/CURLOPT_MAIL_AUTH.3
-- Installing: /tmp/tmph8lfsnqs/wheel/platlib/share/man/man3/CURLOPT_MAIL_FROM.3
-- Installing: /tmp/tmph8lfsnqs/wheel/platlib/share/man/man3/CURLOPT_MAIL_RCPT.3
-- Installing: /tmp/tmph8lfsnqs/wheel/platlib/share/man/man3/CURLOPT_MAIL_RCPT_ALLOWFAILS.3
-- Installing: /tmp/tmph8lfsnqs/wheel/platlib/share/man/man3/CURLOPT_MAX_RECV_SPEED_LARGE.3
-- Installing: /tmp/tmph8lfsnqs/wheel/platlib/share/man/man3/CURLOPT_MAX_SEND_SPEED_LARGE.3
-- Installing: /tmp/tmph8lfsnqs/wheel/platlib/share/man/man3/CURLOPT_MAXAGE_CONN.3
-- Installing: /tmp/tmph8lfsnqs/wheel/platlib/share/man/man3/CURLOPT_MAXCONNECTS.3
-- Installing: /tmp/tmph8lfsnqs/wheel/platlib/share/man/man3/CURLOPT_MAXFILESIZE.3
-- Installing: /tmp/tmph8lfsnqs/wheel/platlib/share/man/man3/CURLOPT_MAXFILESIZE_LARGE.3
-- Installing: /tmp/tmph8lfsnqs/wheel/platlib/share/man/man3/CURLOPT_MAXLIFETIME_CONN.3
-- Installing: /tmp/tmph8lfsnqs/wheel/platlib/share/man/man3/CURLOPT_MAXREDIRS.3
-- Installing: /tmp/tmph8lfsnqs/wheel/platlib/share/man/man3/CURLOPT_MIME_OPTIONS.3
-- Installing: /tmp/tmph8lfsnqs/wheel/platlib/share/man/man3/CURLOPT_MIMEPOST.3
-- Installing: /tmp/tmph8lfsnqs/wheel/platlib/share/man/man3/CURLOPT_NETRC.3
-- Installing: /tmp/tmph8lfsnqs/wheel/platlib/share/man/man3/CURLOPT_NETRC_FILE.3
-- Installing: /tmp/tmph8lfsnqs/wheel/platlib/share/man/man3/CURLOPT_NEW_DIRECTORY_PERMS.3
-- Installing: /tmp/tmph8lfsnqs/wheel/platlib/share/man/man3/CURLOPT_NEW_FILE_PERMS.3
-- Installing: /tmp/tmph8lfsnqs/wheel/platlib/share/man/man3/CURLOPT_NOBODY.3
-- Installing: /tmp/tmph8lfsnqs/wheel/platlib/share/man/man3/CURLOPT_NOPROGRESS.3
-- Installing: /tmp/tmph8lfsnqs/wheel/platlib/share/man/man3/CURLOPT_NOPROXY.3
-- Installing: /tmp/tmph8lfsnqs/wheel/platlib/share/man/man3/CURLOPT_NOSIGNAL.3
-- Installing: /tmp/tmph8lfsnqs/wheel/platlib/share/man/man3/CURLOPT_OPENSOCKETDATA.3
-- Installing: /tmp/tmph8lfsnqs/wheel/platlib/share/man/man3/CURLOPT_OPENSOCKETFUNCTION.3
-- Installing: /tmp/tmph8lfsnqs/wheel/platlib/share/man/man3/CURLOPT_PASSWORD.3
-- Installing: /tmp/tmph8lfsnqs/wheel/platlib/share/man/man3/CURLOPT_PATH_AS_IS.3
-- Installing: /tmp/tmph8lfsnqs/wheel/platlib/share/man/man3/CURLOPT_PINNEDPUBLICKEY.3
-- Installing: /tmp/tmph8lfsnqs/wheel/platlib/share/man/man3/CURLOPT_PIPEWAIT.3
-- Installing: /tmp/tmph8lfsnqs/wheel/platlib/share/man/man3/CURLOPT_PORT.3
-- Installing: /tmp/tmph8lfsnqs/wheel/platlib/share/man/man3/CURLOPT_POST.3
-- Installing: /tmp/tmph8lfsnqs/wheel/platlib/share/man/man3/CURLOPT_POSTFIELDS.3
-- Installing: /tmp/tmph8lfsnqs/wheel/platlib/share/man/man3/CURLOPT_POSTFIELDSIZE.3
-- Installing: /tmp/tmph8lfsnqs/wheel/platlib/share/man/man3/CURLOPT_POSTFIELDSIZE_LARGE.3
-- Installing: /tmp/tmph8lfsnqs/wheel/platlib/share/man/man3/CURLOPT_POSTQUOTE.3
-- Installing: /tmp/tmph8lfsnqs/wheel/platlib/share/man/man3/CURLOPT_POSTREDIR.3
-- Installing: /tmp/tmph8lfsnqs/wheel/platlib/share/man/man3/CURLOPT_PRE_PROXY.3
-- Installing: /tmp/tmph8lfsnqs/wheel/platlib/share/man/man3/CURLOPT_PREQUOTE.3
-- Installing: /tmp/tmph8lfsnqs/wheel/platlib/share/man/man3/CURLOPT_PREREQDATA.3
-- Installing: /tmp/tmph8lfsnqs/wheel/platlib/share/man/man3/CURLOPT_PREREQFUNCTION.3
-- Installing: /tmp/tmph8lfsnqs/wheel/platlib/share/man/man3/CURLOPT_PRIVATE.3
-- Installing: /tmp/tmph8lfsnqs/wheel/platlib/share/man/man3/CURLOPT_PROGRESSDATA.3
-- Installing: /tmp/tmph8lfsnqs/wheel/platlib/share/man/man3/CURLOPT_PROGRESSFUNCTION.3
-- Installing: /tmp/tmph8lfsnqs/wheel/platlib/share/man/man3/CURLOPT_PROTOCOLS.3
-- Installing: /tmp/tmph8lfsnqs/wheel/platlib/share/man/man3/CURLOPT_PROTOCOLS_STR.3
-- Installing: /tmp/tmph8lfsnqs/wheel/platlib/share/man/man3/CURLOPT_PROXY.3
-- Installing: /tmp/tmph8lfsnqs/wheel/platlib/share/man/man3/CURLOPT_PROXY_CAINFO.3
-- Installing: /tmp/tmph8lfsnqs/wheel/platlib/share/man/man3/CURLOPT_PROXY_CAINFO_BLOB.3
-- Installing: /tmp/tmph8lfsnqs/wheel/platlib/share/man/man3/CURLOPT_PROXY_CAPATH.3
-- Installing: /tmp/tmph8lfsnqs/wheel/platlib/share/man/man3/CURLOPT_PROXY_CRLFILE.3
-- Installing: /tmp/tmph8lfsnqs/wheel/platlib/share/man/man3/CURLOPT_PROXY_ISSUERCERT.3
-- Installing: /tmp/tmph8lfsnqs/wheel/platlib/share/man/man3/CURLOPT_PROXY_ISSUERCERT_BLOB.3
-- Installing: /tmp/tmph8lfsnqs/wheel/platlib/share/man/man3/CURLOPT_PROXY_KEYPASSWD.3
-- Installing: /tmp/tmph8lfsnqs/wheel/platlib/share/man/man3/CURLOPT_PROXY_PINNEDPUBLICKEY.3
-- Installing: /tmp/tmph8lfsnqs/wheel/platlib/share/man/man3/CURLOPT_PROXY_SERVICE_NAME.3
-- Installing: /tmp/tmph8lfsnqs/wheel/platlib/share/man/man3/CURLOPT_PROXY_SSL_CIPHER_LIST.3
-- Installing: /tmp/tmph8lfsnqs/wheel/platlib/share/man/man3/CURLOPT_PROXY_SSL_OPTIONS.3
-- Installing: /tmp/tmph8lfsnqs/wheel/platlib/share/man/man3/CURLOPT_PROXY_SSL_VERIFYHOST.3
-- Installing: /tmp/tmph8lfsnqs/wheel/platlib/share/man/man3/CURLOPT_PROXY_SSL_VERIFYPEER.3
-- Installing: /tmp/tmph8lfsnqs/wheel/platlib/share/man/man3/CURLOPT_PROXY_SSLCERT.3
-- Installing: /tmp/tmph8lfsnqs/wheel/platlib/share/man/man3/CURLOPT_PROXY_SSLCERT_BLOB.3
-- Installing: /tmp/tmph8lfsnqs/wheel/platlib/share/man/man3/CURLOPT_PROXY_SSLCERTTYPE.3
-- Installing: /tmp/tmph8lfsnqs/wheel/platlib/share/man/man3/CURLOPT_PROXY_SSLKEY.3
-- Installing: /tmp/tmph8lfsnqs/wheel/platlib/share/man/man3/CURLOPT_PROXY_SSLKEY_BLOB.3
-- Installing: /tmp/tmph8lfsnqs/wheel/platlib/share/man/man3/CURLOPT_PROXY_SSLKEYTYPE.3
-- Installing: /tmp/tmph8lfsnqs/wheel/platlib/share/man/man3/CURLOPT_PROXY_SSLVERSION.3
-- Installing: /tmp/tmph8lfsnqs/wheel/platlib/share/man/man3/CURLOPT_PROXY_TLS13_CIPHERS.3
-- Installing: /tmp/tmph8lfsnqs/wheel/platlib/share/man/man3/CURLOPT_PROXY_TLSAUTH_PASSWORD.3
-- Installing: /tmp/tmph8lfsnqs/wheel/platlib/share/man/man3/CURLOPT_PROXY_TLSAUTH_TYPE.3
-- Installing: /tmp/tmph8lfsnqs/wheel/platlib/share/man/man3/CURLOPT_PROXY_TLSAUTH_USERNAME.3
-- Installing: /tmp/tmph8lfsnqs/wheel/platlib/share/man/man3/CURLOPT_PROXY_TRANSFER_MODE.3
-- Installing: /tmp/tmph8lfsnqs/wheel/platlib/share/man/man3/CURLOPT_PROXYAUTH.3
-- Installing: /tmp/tmph8lfsnqs/wheel/platlib/share/man/man3/CURLOPT_PROXYHEADER.3
-- Installing: /tmp/tmph8lfsnqs/wheel/platlib/share/man/man3/CURLOPT_PROXYPASSWORD.3
-- Installing: /tmp/tmph8lfsnqs/wheel/platlib/share/man/man3/CURLOPT_PROXYPORT.3
-- Installing: /tmp/tmph8lfsnqs/wheel/platlib/share/man/man3/CURLOPT_PROXYTYPE.3
-- Installing: /tmp/tmph8lfsnqs/wheel/platlib/share/man/man3/CURLOPT_PROXYUSERNAME.3
-- Installing: /tmp/tmph8lfsnqs/wheel/platlib/share/man/man3/CURLOPT_PROXYUSERPWD.3
-- Installing: /tmp/tmph8lfsnqs/wheel/platlib/share/man/man3/CURLOPT_PUT.3
-- Installing: /tmp/tmph8lfsnqs/wheel/platlib/share/man/man3/CURLOPT_QUICK_EXIT.3
-- Installing: /tmp/tmph8lfsnqs/wheel/platlib/share/man/man3/CURLOPT_QUOTE.3
-- Installing: /tmp/tmph8lfsnqs/wheel/platlib/share/man/man3/CURLOPT_RANDOM_FILE.3
-- Installing: /tmp/tmph8lfsnqs/wheel/platlib/share/man/man3/CURLOPT_RANGE.3
-- Installing: /tmp/tmph8lfsnqs/wheel/platlib/share/man/man3/CURLOPT_READDATA.3
-- Installing: /tmp/tmph8lfsnqs/wheel/platlib/share/man/man3/CURLOPT_READFUNCTION.3
-- Installing: /tmp/tmph8lfsnqs/wheel/platlib/share/man/man3/CURLOPT_REDIR_PROTOCOLS.3
-- Installing: /tmp/tmph8lfsnqs/wheel/platlib/share/man/man3/CURLOPT_REDIR_PROTOCOLS_STR.3
-- Installing: /tmp/tmph8lfsnqs/wheel/platlib/share/man/man3/CURLOPT_REFERER.3
-- Installing: /tmp/tmph8lfsnqs/wheel/platlib/share/man/man3/CURLOPT_REQUEST_TARGET.3
-- Installing: /tmp/tmph8lfsnqs/wheel/platlib/share/man/man3/CURLOPT_RESOLVE.3
-- Installing: /tmp/tmph8lfsnqs/wheel/platlib/share/man/man3/CURLOPT_RESOLVER_START_DATA.3
-- Installing: /tmp/tmph8lfsnqs/wheel/platlib/share/man/man3/CURLOPT_RESOLVER_START_FUNCTION.3
-- Installing: /tmp/tmph8lfsnqs/wheel/platlib/share/man/man3/CURLOPT_RESUME_FROM.3
-- Installing: /tmp/tmph8lfsnqs/wheel/platlib/share/man/man3/CURLOPT_RESUME_FROM_LARGE.3
-- Installing: /tmp/tmph8lfsnqs/wheel/platlib/share/man/man3/CURLOPT_RTSP_CLIENT_CSEQ.3
-- Installing: /tmp/tmph8lfsnqs/wheel/platlib/share/man/man3/CURLOPT_RTSP_REQUEST.3
-- Installing: /tmp/tmph8lfsnqs/wheel/platlib/share/man/man3/CURLOPT_RTSP_SERVER_CSEQ.3
-- Installing: /tmp/tmph8lfsnqs/wheel/platlib/share/man/man3/CURLOPT_RTSP_SESSION_ID.3
-- Installing: /tmp/tmph8lfsnqs/wheel/platlib/share/man/man3/CURLOPT_RTSP_STREAM_URI.3
-- Installing: /tmp/tmph8lfsnqs/wheel/platlib/share/man/man3/CURLOPT_RTSP_TRANSPORT.3
-- Installing: /tmp/tmph8lfsnqs/wheel/platlib/share/man/man3/CURLOPT_SASL_AUTHZID.3
-- Installing: /tmp/tmph8lfsnqs/wheel/platlib/share/man/man3/CURLOPT_SASL_IR.3
-- Installing: /tmp/tmph8lfsnqs/wheel/platlib/share/man/man3/CURLOPT_SEEKDATA.3
-- Installing: /tmp/tmph8lfsnqs/wheel/platlib/share/man/man3/CURLOPT_SEEKFUNCTION.3
-- Installing: /tmp/tmph8lfsnqs/wheel/platlib/share/man/man3/CURLOPT_SERVER_RESPONSE_TIMEOUT.3
-- Installing: /tmp/tmph8lfsnqs/wheel/platlib/share/man/man3/CURLOPT_SERVER_RESPONSE_TIMEOUT_MS.3
-- Installing: /tmp/tmph8lfsnqs/wheel/platlib/share/man/man3/CURLOPT_SERVICE_NAME.3
-- Installing: /tmp/tmph8lfsnqs/wheel/platlib/share/man/man3/CURLOPT_SHARE.3
-- Installing: /tmp/tmph8lfsnqs/wheel/platlib/share/man/man3/CURLOPT_SOCKOPTDATA.3
-- Installing: /tmp/tmph8lfsnqs/wheel/platlib/share/man/man3/CURLOPT_SOCKOPTFUNCTION.3
-- Installing: /tmp/tmph8lfsnqs/wheel/platlib/share/man/man3/CURLOPT_SOCKS5_AUTH.3
-- Installing: /tmp/tmph8lfsnqs/wheel/platlib/share/man/man3/CURLOPT_SOCKS5_GSSAPI_NEC.3
-- Installing: /tmp/tmph8lfsnqs/wheel/platlib/share/man/man3/CURLOPT_SOCKS5_GSSAPI_SERVICE.3
-- Installing: /tmp/tmph8lfsnqs/wheel/platlib/share/man/man3/CURLOPT_SSH_AUTH_TYPES.3
-- Installing: /tmp/tmph8lfsnqs/wheel/platlib/share/man/man3/CURLOPT_SSH_COMPRESSION.3
-- Installing: /tmp/tmph8lfsnqs/wheel/platlib/share/man/man3/CURLOPT_SSH_HOSTKEYDATA.3
-- Installing: /tmp/tmph8lfsnqs/wheel/platlib/share/man/man3/CURLOPT_SSH_HOSTKEYFUNCTION.3
-- Installing: /tmp/tmph8lfsnqs/wheel/platlib/share/man/man3/CURLOPT_SSH_HOST_PUBLIC_KEY_MD5.3
-- Installing: /tmp/tmph8lfsnqs/wheel/platlib/share/man/man3/CURLOPT_SSH_HOST_PUBLIC_KEY_SHA256.3
-- Installing: /tmp/tmph8lfsnqs/wheel/platlib/share/man/man3/CURLOPT_SSH_KEYDATA.3
-- Installing: /tmp/tmph8lfsnqs/wheel/platlib/share/man/man3/CURLOPT_SSH_KEYFUNCTION.3
-- Installing: /tmp/tmph8lfsnqs/wheel/platlib/share/man/man3/CURLOPT_SSH_KNOWNHOSTS.3
-- Installing: /tmp/tmph8lfsnqs/wheel/platlib/share/man/man3/CURLOPT_SSH_PRIVATE_KEYFILE.3
-- Installing: /tmp/tmph8lfsnqs/wheel/platlib/share/man/man3/CURLOPT_SSH_PUBLIC_KEYFILE.3
-- Installing: /tmp/tmph8lfsnqs/wheel/platlib/share/man/man3/CURLOPT_SSL_CIPHER_LIST.3
-- Installing: /tmp/tmph8lfsnqs/wheel/platlib/share/man/man3/CURLOPT_SSL_CTX_DATA.3
-- Installing: /tmp/tmph8lfsnqs/wheel/platlib/share/man/man3/CURLOPT_SSL_CTX_FUNCTION.3
-- Installing: /tmp/tmph8lfsnqs/wheel/platlib/share/man/man3/CURLOPT_SSL_EC_CURVES.3
-- Installing: /tmp/tmph8lfsnqs/wheel/platlib/share/man/man3/CURLOPT_SSL_ENABLE_ALPN.3
-- Installing: /tmp/tmph8lfsnqs/wheel/platlib/share/man/man3/CURLOPT_SSL_ENABLE_NPN.3
-- Installing: /tmp/tmph8lfsnqs/wheel/platlib/share/man/man3/CURLOPT_SSL_FALSESTART.3
-- Installing: /tmp/tmph8lfsnqs/wheel/platlib/share/man/man3/CURLOPT_SSL_OPTIONS.3
-- Installing: /tmp/tmph8lfsnqs/wheel/platlib/share/man/man3/CURLOPT_SSL_SESSIONID_CACHE.3
-- Installing: /tmp/tmph8lfsnqs/wheel/platlib/share/man/man3/CURLOPT_SSL_VERIFYHOST.3
-- Installing: /tmp/tmph8lfsnqs/wheel/platlib/share/man/man3/CURLOPT_SSL_VERIFYPEER.3
-- Installing: /tmp/tmph8lfsnqs/wheel/platlib/share/man/man3/CURLOPT_SSL_VERIFYSTATUS.3
-- Installing: /tmp/tmph8lfsnqs/wheel/platlib/share/man/man3/CURLOPT_SSLCERT.3
-- Installing: /tmp/tmph8lfsnqs/wheel/platlib/share/man/man3/CURLOPT_SSLCERT_BLOB.3
-- Installing: /tmp/tmph8lfsnqs/wheel/platlib/share/man/man3/CURLOPT_SSLCERTTYPE.3
-- Installing: /tmp/tmph8lfsnqs/wheel/platlib/share/man/man3/CURLOPT_SSLENGINE.3
-- Installing: /tmp/tmph8lfsnqs/wheel/platlib/share/man/man3/CURLOPT_SSLENGINE_DEFAULT.3
-- Installing: /tmp/tmph8lfsnqs/wheel/platlib/share/man/man3/CURLOPT_SSLKEY.3
-- Installing: /tmp/tmph8lfsnqs/wheel/platlib/share/man/man3/CURLOPT_SSLKEY_BLOB.3
-- Installing: /tmp/tmph8lfsnqs/wheel/platlib/share/man/man3/CURLOPT_SSLKEYTYPE.3
-- Installing: /tmp/tmph8lfsnqs/wheel/platlib/share/man/man3/CURLOPT_SSLVERSION.3
-- Installing: /tmp/tmph8lfsnqs/wheel/platlib/share/man/man3/CURLOPT_STDERR.3
-- Installing: /tmp/tmph8lfsnqs/wheel/platlib/share/man/man3/CURLOPT_STREAM_DEPENDS.3
-- Installing: /tmp/tmph8lfsnqs/wheel/platlib/share/man/man3/CURLOPT_STREAM_DEPENDS_E.3
-- Installing: /tmp/tmph8lfsnqs/wheel/platlib/share/man/man3/CURLOPT_STREAM_WEIGHT.3
-- Installing: /tmp/tmph8lfsnqs/wheel/platlib/share/man/man3/CURLOPT_SUPPRESS_CONNECT_HEADERS.3
-- Installing: /tmp/tmph8lfsnqs/wheel/platlib/share/man/man3/CURLOPT_TCP_FASTOPEN.3
-- Installing: /tmp/tmph8lfsnqs/wheel/platlib/share/man/man3/CURLOPT_TCP_KEEPALIVE.3
-- Installing: /tmp/tmph8lfsnqs/wheel/platlib/share/man/man3/CURLOPT_TCP_KEEPIDLE.3
-- Installing: /tmp/tmph8lfsnqs/wheel/platlib/share/man/man3/CURLOPT_TCP_KEEPINTVL.3
-- Installing: /tmp/tmph8lfsnqs/wheel/platlib/share/man/man3/CURLOPT_TCP_KEEPCNT.3
-- Installing: /tmp/tmph8lfsnqs/wheel/platlib/share/man/man3/CURLOPT_TCP_NODELAY.3
-- Installing: /tmp/tmph8lfsnqs/wheel/platlib/share/man/man3/CURLOPT_TELNETOPTIONS.3
-- Installing: /tmp/tmph8lfsnqs/wheel/platlib/share/man/man3/CURLOPT_TFTP_BLKSIZE.3
-- Installing: /tmp/tmph8lfsnqs/wheel/platlib/share/man/man3/CURLOPT_TFTP_NO_OPTIONS.3
-- Installing: /tmp/tmph8lfsnqs/wheel/platlib/share/man/man3/CURLOPT_TIMECONDITION.3
-- Installing: /tmp/tmph8lfsnqs/wheel/platlib/share/man/man3/CURLOPT_TIMEOUT.3
-- Installing: /tmp/tmph8lfsnqs/wheel/platlib/share/man/man3/CURLOPT_TIMEOUT_MS.3
-- Installing: /tmp/tmph8lfsnqs/wheel/platlib/share/man/man3/CURLOPT_TIMEVALUE.3
-- Installing: /tmp/tmph8lfsnqs/wheel/platlib/share/man/man3/CURLOPT_TIMEVALUE_LARGE.3
-- Installing: /tmp/tmph8lfsnqs/wheel/platlib/share/man/man3/CURLOPT_TLS13_CIPHERS.3
-- Installing: /tmp/tmph8lfsnqs/wheel/platlib/share/man/man3/CURLOPT_TLSAUTH_PASSWORD.3
-- Installing: /tmp/tmph8lfsnqs/wheel/platlib/share/man/man3/CURLOPT_TLSAUTH_TYPE.3
-- Installing: /tmp/tmph8lfsnqs/wheel/platlib/share/man/man3/CURLOPT_TLSAUTH_USERNAME.3
-- Installing: /tmp/tmph8lfsnqs/wheel/platlib/share/man/man3/CURLOPT_TRAILERDATA.3
-- Installing: /tmp/tmph8lfsnqs/wheel/platlib/share/man/man3/CURLOPT_TRAILERFUNCTION.3
-- Installing: /tmp/tmph8lfsnqs/wheel/platlib/share/man/man3/CURLOPT_TRANSFER_ENCODING.3
-- Installing: /tmp/tmph8lfsnqs/wheel/platlib/share/man/man3/CURLOPT_TRANSFERTEXT.3
-- Installing: /tmp/tmph8lfsnqs/wheel/platlib/share/man/man3/CURLOPT_UNIX_SOCKET_PATH.3
-- Installing: /tmp/tmph8lfsnqs/wheel/platlib/share/man/man3/CURLOPT_UNRESTRICTED_AUTH.3
-- Installing: /tmp/tmph8lfsnqs/wheel/platlib/share/man/man3/CURLOPT_UPKEEP_INTERVAL_MS.3
-- Installing: /tmp/tmph8lfsnqs/wheel/platlib/share/man/man3/CURLOPT_UPLOAD.3
-- Installing: /tmp/tmph8lfsnqs/wheel/platlib/share/man/man3/CURLOPT_UPLOAD_BUFFERSIZE.3
-- Installing: /tmp/tmph8lfsnqs/wheel/platlib/share/man/man3/CURLOPT_URL.3
-- Installing: /tmp/tmph8lfsnqs/wheel/platlib/share/man/man3/CURLOPT_USE_SSL.3
-- Installing: /tmp/tmph8lfsnqs/wheel/platlib/share/man/man3/CURLOPT_USERAGENT.3
-- Installing: /tmp/tmph8lfsnqs/wheel/platlib/share/man/man3/CURLOPT_USERNAME.3
-- Installing: /tmp/tmph8lfsnqs/wheel/platlib/share/man/man3/CURLOPT_USERPWD.3
-- Installing: /tmp/tmph8lfsnqs/wheel/platlib/share/man/man3/CURLOPT_VERBOSE.3
-- Installing: /tmp/tmph8lfsnqs/wheel/platlib/share/man/man3/CURLOPT_WILDCARDMATCH.3
-- Installing: /tmp/tmph8lfsnqs/wheel/platlib/share/man/man3/CURLOPT_WRITEDATA.3
-- Installing: /tmp/tmph8lfsnqs/wheel/platlib/share/man/man3/CURLOPT_WRITEFUNCTION.3
-- Installing: /tmp/tmph8lfsnqs/wheel/platlib/share/man/man3/CURLOPT_WS_OPTIONS.3
-- Installing: /tmp/tmph8lfsnqs/wheel/platlib/share/man/man3/CURLOPT_XFERINFODATA.3
-- Installing: /tmp/tmph8lfsnqs/wheel/platlib/share/man/man3/CURLOPT_XFERINFOFUNCTION.3
-- Installing: /tmp/tmph8lfsnqs/wheel/platlib/share/man/man3/CURLOPT_XOAUTH2_BEARER.3
-- Installing: /tmp/tmph8lfsnqs/wheel/platlib/share/man/man3/CURLSHOPT_LOCKFUNC.3
-- Installing: /tmp/tmph8lfsnqs/wheel/platlib/share/man/man3/CURLSHOPT_SHARE.3
-- Installing: /tmp/tmph8lfsnqs/wheel/platlib/share/man/man3/CURLSHOPT_UNLOCKFUNC.3
-- Installing: /tmp/tmph8lfsnqs/wheel/platlib/share/man/man3/CURLSHOPT_UNSHARE.3
-- Installing: /tmp/tmph8lfsnqs/wheel/platlib/share/man/man3/CURLSHOPT_USERDATA.3
-- Installing: /tmp/tmph8lfsnqs/wheel/platlib/share/man/man1/curl.1
-- Installing: /tmp/tmph8lfsnqs/wheel/platlib/share/man/man1/curl-config.1
-- Installing: /tmp/tmph8lfsnqs/wheel/platlib/share/man/man1/mk-ca-bundle.1
-- Installing: /tmp/tmph8lfsnqs/wheel/platlib/lib64/libcurl.so.4.8.0
-- Installing: /tmp/tmph8lfsnqs/wheel/platlib/lib64/libcurl.so.4
-- Installing: /tmp/tmph8lfsnqs/wheel/platlib/lib64/libcurl.so
-- Installing: /tmp/tmph8lfsnqs/wheel/platlib/bin/curl
-- Set non-toolchain portion of runtime path of "/tmp/tmph8lfsnqs/wheel/platlib/bin/curl" to ""
-- Installing: /tmp/tmph8lfsnqs/wheel/platlib/bin/curl-config
-- Installing: /tmp/tmph8lfsnqs/wheel/platlib/lib64/pkgconfig/libcurl.pc
-- Installing: /tmp/tmph8lfsnqs/wheel/platlib/include/curl
-- Installing: /tmp/tmph8lfsnqs/wheel/platlib/include/curl/multi.h
-- Installing: /tmp/tmph8lfsnqs/wheel/platlib/include/curl/urlapi.h
-- Installing: /tmp/tmph8lfsnqs/wheel/platlib/include/curl/typecheck-gcc.h
-- Installing: /tmp/tmph8lfsnqs/wheel/platlib/include/curl/options.h
-- Installing: /tmp/tmph8lfsnqs/wheel/platlib/include/curl/system.h
-- Installing: /tmp/tmph8lfsnqs/wheel/platlib/include/curl/easy.h
-- Installing: /tmp/tmph8lfsnqs/wheel/platlib/include/curl/curl.h
-- Installing: /tmp/tmph8lfsnqs/wheel/platlib/include/curl/stdcheaders.h
-- Installing: /tmp/tmph8lfsnqs/wheel/platlib/include/curl/mprintf.h
-- Installing: /tmp/tmph8lfsnqs/wheel/platlib/include/curl/header.h
-- Installing: /tmp/tmph8lfsnqs/wheel/platlib/include/curl/curlver.h
-- Installing: /tmp/tmph8lfsnqs/wheel/platlib/include/curl/websockets.h
-- Installing: /tmp/tmph8lfsnqs/wheel/platlib/lib64/cmake/CURL/CURLTargets.cmake
-- Installing: /tmp/tmph8lfsnqs/wheel/platlib/lib64/cmake/CURL/CURLTargets-release.cmake
-- Installing: /tmp/tmph8lfsnqs/wheel/platlib/lib64/cmake/CURL/CURLConfigVersion.cmake
-- Installing: /tmp/tmph8lfsnqs/wheel/platlib/lib64/cmake/CURL/CURLConfig.cmake
-- Installing: /tmp/tmph8lfsnqs/wheel/platlib/bin/mk-ca-bundle.pl
-- Installing: /tmp/tmph8lfsnqs/wheel/platlib/lib/pkgconfig/libarchive.pc
-- Installing: /tmp/tmph8lfsnqs/wheel/platlib/lib/libarchive.so.13.7.6
-- Installing: /tmp/tmph8lfsnqs/wheel/platlib/lib/libarchive.so.13
-- Installing: /tmp/tmph8lfsnqs/wheel/platlib/lib/libarchive.so
-- Installing: /tmp/tmph8lfsnqs/wheel/platlib/lib/libarchive.a
-- Installing: /tmp/tmph8lfsnqs/wheel/platlib/share/man/man3/archive_entry.3
-- Installing: /tmp/tmph8lfsnqs/wheel/platlib/share/man/man3/archive_entry_acl.3
-- Installing: /tmp/tmph8lfsnqs/wheel/platlib/share/man/man3/archive_entry_linkify.3
-- Installing: /tmp/tmph8lfsnqs/wheel/platlib/share/man/man3/archive_entry_misc.3
-- Installing: /tmp/tmph8lfsnqs/wheel/platlib/share/man/man3/archive_entry_paths.3
-- Installing: /tmp/tmph8lfsnqs/wheel/platlib/share/man/man3/archive_entry_perms.3
-- Installing: /tmp/tmph8lfsnqs/wheel/platlib/share/man/man3/archive_entry_stat.3
-- Installing: /tmp/tmph8lfsnqs/wheel/platlib/share/man/man3/archive_entry_time.3
-- Installing: /tmp/tmph8lfsnqs/wheel/platlib/share/man/man3/archive_read.3
-- Installing: /tmp/tmph8lfsnqs/wheel/platlib/share/man/man3/archive_read_add_passphrase.3
-- Installing: /tmp/tmph8lfsnqs/wheel/platlib/share/man/man3/archive_read_data.3
-- Installing: /tmp/tmph8lfsnqs/wheel/platlib/share/man/man3/archive_read_disk.3
-- Installing: /tmp/tmph8lfsnqs/wheel/platlib/share/man/man3/archive_read_extract.3
-- Installing: /tmp/tmph8lfsnqs/wheel/platlib/share/man/man3/archive_read_filter.3
-- Installing: /tmp/tmph8lfsnqs/wheel/platlib/share/man/man3/archive_read_format.3
-- Installing: /tmp/tmph8lfsnqs/wheel/platlib/share/man/man3/archive_read_free.3
-- Installing: /tmp/tmph8lfsnqs/wheel/platlib/share/man/man3/archive_read_header.3
-- Installing: /tmp/tmph8lfsnqs/wheel/platlib/share/man/man3/archive_read_new.3
-- Installing: /tmp/tmph8lfsnqs/wheel/platlib/share/man/man3/archive_read_open.3
-- Installing: /tmp/tmph8lfsnqs/wheel/platlib/share/man/man3/archive_read_set_options.3
-- Installing: /tmp/tmph8lfsnqs/wheel/platlib/share/man/man3/archive_util.3
-- Installing: /tmp/tmph8lfsnqs/wheel/platlib/share/man/man3/archive_write.3
-- Installing: /tmp/tmph8lfsnqs/wheel/platlib/share/man/man3/archive_write_blocksize.3
-- Installing: /tmp/tmph8lfsnqs/wheel/platlib/share/man/man3/archive_write_data.3
-- Installing: /tmp/tmph8lfsnqs/wheel/platlib/share/man/man3/archive_write_disk.3
-- Installing: /tmp/tmph8lfsnqs/wheel/platlib/share/man/man3/archive_write_filter.3
-- Installing: /tmp/tmph8lfsnqs/wheel/platlib/share/man/man3/archive_write_finish_entry.3
-- Installing: /tmp/tmph8lfsnqs/wheel/platlib/share/man/man3/archive_write_format.3
-- Installing: /tmp/tmph8lfsnqs/wheel/platlib/share/man/man3/archive_write_free.3
-- Installing: /tmp/tmph8lfsnqs/wheel/platlib/share/man/man3/archive_write_header.3
-- Installing: /tmp/tmph8lfsnqs/wheel/platlib/share/man/man3/archive_write_new.3
-- Installing: /tmp/tmph8lfsnqs/wheel/platlib/share/man/man3/archive_write_open.3
-- Installing: /tmp/tmph8lfsnqs/wheel/platlib/share/man/man3/archive_write_set_options.3
-- Installing: /tmp/tmph8lfsnqs/wheel/platlib/share/man/man3/archive_write_set_passphrase.3
-- Installing: /tmp/tmph8lfsnqs/wheel/platlib/share/man/man5/cpio.5
-- Installing: /tmp/tmph8lfsnqs/wheel/platlib/share/man/man3/libarchive.3
-- Installing: /tmp/tmph8lfsnqs/wheel/platlib/share/man/man3/libarchive_changes.3
-- Installing: /tmp/tmph8lfsnqs/wheel/platlib/share/man/man3/libarchive_internals.3
-- Installing: /tmp/tmph8lfsnqs/wheel/platlib/share/man/man5/libarchive-formats.5
-- Installing: /tmp/tmph8lfsnqs/wheel/platlib/share/man/man5/mtree.5
-- Installing: /tmp/tmph8lfsnqs/wheel/platlib/share/man/man5/tar.5
-- Installing: /tmp/tmph8lfsnqs/wheel/platlib/include/archive.h
-- Installing: /tmp/tmph8lfsnqs/wheel/platlib/include/archive_entry.h
-- Installing: /tmp/tmph8lfsnqs/wheel/platlib/bin/bsdcat
-- Installing: /tmp/tmph8lfsnqs/wheel/platlib/share/man/man1/bsdcat.1
-- Installing: /tmp/tmph8lfsnqs/wheel/platlib/bin/bsdtar
-- Set non-toolchain portion of runtime path of "/tmp/tmph8lfsnqs/wheel/platlib/bin/bsdtar" to ""
-- Installing: /tmp/tmph8lfsnqs/wheel/platlib/share/man/man1/bsdtar.1
-- Installing: /tmp/tmph8lfsnqs/wheel/platlib/bin/bsdunzip
-- Installing: /tmp/tmph8lfsnqs/wheel/platlib/share/man/man1/bsdunzip.1
-- Installing: /tmp/tmph8lfsnqs/wheel/platlib/geodepot_api/_core.cpython-310-x86_64-linux-gnu.so
-- Set non-toolchain portion of runtime path of "/tmp/tmph8lfsnqs/wheel/platlib/geodepot_api/_core.cpython-310-x86_64-linux-gnu.so" to ""
*** Making wheel...
*** Created geodepot_api-1.0.4-cp310-cp310-linux_x86_64.whl
Successfully built geodepot_api-1.0.4-cp310-cp310-linux_x86_64.whl
    + /opt/python/cp38-cp38/bin/python -c 'import sys, json, glob; json.dump(glob.glob('"'"'/tmp/cibuildwheel/built_wheel/*.whl'"'"'), sys.stdout)'
    + rm -rf /tmp/cibuildwheel/repaired_wheel
    + mkdir -p /tmp/cibuildwheel/repaired_wheel

                                                                     ✓ 108.57s
Repairing wheel...

    + sh -c 'auditwheel repair --exclude nanobind -w /tmp/cibuildwheel/repaired_wheel /tmp/cibuildwheel/built_wheel/geodepot_api-1.0.4-cp310-cp310-linux_x86_64.whl'
INFO:auditwheel.main_repair:Repairing geodepot_api-1.0.4-cp310-cp310-linux_x86_64.whl
Traceback (most recent call last):
  File "/usr/local/bin/auditwheel", line 8, in <module>
    sys.exit(main())
             ^^^^^^
  File "/opt/_internal/pipx/venvs/auditwheel/lib/python3.12/site-packages/auditwheel/main.py", line 54, in main
    rval = args.func(args, p)
           ^^^^^^^^^^^^^^^^^^
  File "/opt/_internal/pipx/venvs/auditwheel/lib/python3.12/site-packages/auditwheel/main_repair.py", line 173, in execute
    out_wheel = repair_wheel(
                ^^^^^^^^^^^^^
  File "/opt/_internal/pipx/venvs/auditwheel/lib/python3.12/site-packages/auditwheel/repair.py", line 76, in repair_wheel
    raise ValueError(
ValueError: Cannot repair wheel, because required library "libgeodepot.so" could not be located

NOTE: Shared object (.so) files found in this project.

These files might be built against the wrong OS, causing problems with
auditwheel. If possible, run cibuildwheel in a clean checkout.

If you're using Cython and have previously done an in-place build,
remove those build files (*.so and *.c) before starting cibuildwheel.

setuptools uses the build/ folder to store its build cache. It
may be necessary to remove those build files (*.so and *.o) before
starting cibuildwheel.

Files that belong to a virtual environment are probably not an issue
unless you used a custom command telling cibuildwheel to activate it.

  Files detected:
    /home/balazs/Development/geodepot-api/geodepot-rs/target/debug/deps/libcxxbridge_macro-89cbd02c12b34083.so
    /home/balazs/Development/geodepot-api/geodepot-rs/target/debug/deps/libcxxbridge_macro-8c047c6571183f16.so


                                                                       ✕ 4.16s
Error: Command ['sh', '-c', 'auditwheel repair --exclude nanobind -w /tmp/cibuildwheel/repaired_wheel /tmp/cibuildwheel/built_wheel/geodepot_api-1.0.4-cp310-cp310-linux_x86_64.whl'] failed with code 1. 

